2026-06-05 05:57:29,713 - main - INFO - Memulai aplikasi Telegram Signal Listener & Forwarder...
2026-06-05 05:57:29,714 - main - INFO - Konfigurasi berhasil dimuat.
2026-06-05 05:57:29,717 - src.adapters.telegram.client - INFO - Mendaftarkan handler pesan masuk untuk chats: [-100123456789, -100987654321]
2026-06-05 05:57:29,717 - src.adapters.telegram.client - INFO - Memulai sesi Telegram...
2026-06-05 05:57:29,717 - telethon.network.mtprotosender - INFO - Connecting to 91.108.56.191:443/TcpFull...
2026-06-05 05:57:29,737 - telethon.network.mtprotosender - INFO - Connection to 91.108.56.191:443/TcpFull complete!
2026-06-05 05:57:29,921 - src.adapters.telegram.client - INFO - Sesi Telegram berhasil dimulai.
2026-06-05 05:57:29,949 - main - INFO - Otorisasi sukses. Berjalan menggunakan akun: Beny  (@benysutanto)
2026-06-05 05:57:29,949 - main - INFO - Mulai mendengarkan pesan dari 2 grup sumber...
2026-06-05 05:57:29,949 - main - INFO - Sinyal yang valid akan diteruskan ke 2 target.
2026-06-05 05:57:29,949 - src.adapters.telegram.client - INFO - Aplikasi sedang mendengarkan pesan (listening)... Tekan Ctrl+C untuk keluar.
2026-06-05 05:57:35,637 - main - INFO - Sinyal shutdown diterima (SIGINT). Menghentikan aplikasi secara aman...
2026-06-05 05:57:35,638 - src.adapters.telegram.client - INFO - Memutuskan koneksi dari Telegram...
2026-06-05 05:57:35,638 - telethon.network.mtprotosender - INFO - Disconnecting from 91.108.56.191:443/TcpFull...
2026-06-05 05:57:35,639 - telethon.network.mtprotosender - INFO - Disconnection from 91.108.56.191:443/TcpFull complete!
2026-06-05 05:57:35,644 - telethon.network.mtprotosender - INFO - Not disconnecting (already have no connection)
2026-06-05 05:57:35,648 - src.adapters.telegram.client - INFO - Koneksi Telegram terputus.
2026-06-05 05:57:35,649 - main - INFO - Koneksi Telegram berhasil ditutup.
2026-06-05 05:57:35,649 - main - INFO - Aplikasi dihentikan dengan sukses.
2026-06-05 05:57:40,875 - main - INFO - Memulai aplikasi Telegram Signal Listener & Forwarder...
2026-06-05 05:57:40,876 - main - INFO - Konfigurasi berhasil dimuat.
2026-06-05 05:57:40,877 - src.adapters.telegram.client - INFO - Mendaftarkan handler pesan masuk untuk chats: [-100123456789, -100987654321]
2026-06-05 05:57:40,877 - src.adapters.telegram.client - INFO - Memulai sesi Telegram...
2026-06-05 05:57:40,877 - telethon.network.mtprotosender - INFO - Connecting to 91.108.56.191:443/TcpFull...
2026-06-05 05:57:41,904 - telethon.network.mtprotosender - INFO - Connection to 91.108.56.191:443/TcpFull complete!
2026-06-05 05:57:42,102 - src.adapters.telegram.client - INFO - Sesi Telegram berhasil dimulai.
2026-06-05 05:57:42,130 - main - INFO - Otorisasi sukses. Berjalan menggunakan akun: Beny  (@benysutanto)
2026-06-05 05:57:42,131 - main - INFO - Mulai mendengarkan pesan dari 2 grup sumber...
2026-06-05 05:57:42,131 - main - INFO - Sinyal yang valid akan diteruskan ke 2 target.
2026-06-05 05:57:42,131 - src.adapters.telegram.client - INFO - Aplikasi sedang mendengarkan pesan (listening)... Tekan Ctrl+C untuk keluar.
2026-06-05 06:06:36,924 - telethon.network.connection.connection - WARNING - Server closed the connection: [Errno 60] Operation timed out
2026-06-05 06:06:36,926 - telethon.network.mtprotosender - INFO - Connection closed while receiving data: [Errno 60] Operation timed out
2026-06-05 06:06:36,927 - telethon.network.mtprotosender - INFO - Closing current connection to begin reconnect...
2026-06-05 06:06:36,927 - telethon.network.connection.connection - WARNING - Graceful disconnection timed out, forcibly ignoring cleanup
2026-06-05 06:06:36,927 - telethon.network.mtprotosender - INFO - Connecting to 91.108.56.191:443/TcpFull...
2026-06-05 06:06:36,952 - telethon.network.mtprotosender - INFO - Connection to 91.108.56.191:443/TcpFull complete!
2026-06-05 06:06:51,433 - telethon.client.updates - INFO - Got difference for account updates
2026-06-05 06:11:49,896 - main - INFO - Sinyal shutdown diterima (SIGINT). Menghentikan aplikasi secara aman...
2026-06-05 06:11:49,896 - src.adapters.telegram.client - INFO - Memutuskan koneksi dari Telegram...
2026-06-05 06:11:49,896 - telethon.network.mtprotosender - INFO - Disconnecting from 91.108.56.191:443/TcpFull...
2026-06-05 06:11:49,897 - telethon.network.mtprotosender - INFO - Disconnection from 91.108.56.191:443/TcpFull complete!
2026-06-05 06:11:49,901 - telethon.network.mtprotosender - INFO - Not disconnecting (already have no connection)
2026-06-05 06:11:49,905 - src.adapters.telegram.client - INFO - Koneksi Telegram terputus.
2026-06-05 06:11:49,905 - main - INFO - Koneksi Telegram berhasil ditutup.
2026-06-05 06:11:49,905 - main - INFO - Aplikasi dihentikan dengan sukses.
2026-06-05 06:11:52,730 - main - INFO - Memulai aplikasi Telegram Signal Listener & Forwarder...
2026-06-05 06:11:52,731 - main - INFO - Konfigurasi berhasil dimuat.
2026-06-05 06:11:52,731 - src.adapters.telegram.client - INFO - Mendaftarkan handler event pesan baru untuk chat_ids: [-100123456789, -100987654321]
2026-06-05 06:11:52,731 - src.adapters.telegram.client - INFO - Memulai sesi Telegram...
2026-06-05 06:11:52,731 - telethon.network.mtprotosender - INFO - Connecting to 91.108.56.191:443/TcpFull...
2026-06-05 06:11:52,751 - telethon.network.mtprotosender - INFO - Connection to 91.108.56.191:443/TcpFull complete!
2026-06-05 06:11:52,936 - src.adapters.telegram.client - INFO - Sesi Telegram berhasil dimulai.
2026-06-05 06:11:52,964 - main - INFO - Otorisasi sukses. Berjalan menggunakan akun: Beny  (@benysutanto)
2026-06-05 06:11:52,964 - main - INFO - Mulai mendengarkan pesan dari 2 grup sumber...
2026-06-05 06:11:52,964 - main - INFO - Sinyal yang valid akan diteruskan ke 2 target.
2026-06-05 06:11:52,964 - src.adapters.telegram.client - INFO - Aplikasi sedang mendengarkan pesan (listening)... Tekan Ctrl+C untuk keluar.
2026-06-05 06:11:52,964 - main - INFO - Memulai background task pemantau file konfigurasi (Hot Reload)...
2026-06-05 06:13:17,985 - main - INFO - Mendeteksi perubahan file konfigurasi. Memuat ulang (hot reloading)...
2026-06-05 06:13:17,991 - src.core.use_cases.monitor_groups - INFO - MonitorGroupsUseCase berhasil memperbarui konfigurasi grup sumber secara dinamis.
2026-06-05 06:13:17,992 - src.core.use_cases.forward_signal - INFO - ForwardSignalUseCase berhasil memperbarui konfigurasi target secara dinamis.
2026-06-05 06:13:17,992 - src.adapters.telegram.client - INFO - Menghapus handler event pesan lama...
2026-06-05 06:13:17,992 - src.adapters.telegram.client - INFO - Mendaftarkan handler event pesan baru untuk chat_ids: [-100123456789, -100987654321]
2026-06-05 06:13:17,992 - main - INFO - Konfigurasi baru berhasil diterapkan secara dinamis tanpa restart!
2026-06-05 06:13:48,000 - main - INFO - Mendeteksi perubahan file konfigurasi. Memuat ulang (hot reloading)...
2026-06-05 06:13:48,005 - src.core.use_cases.monitor_groups - INFO - MonitorGroupsUseCase berhasil memperbarui konfigurasi grup sumber secara dinamis.
2026-06-05 06:13:48,005 - src.core.use_cases.forward_signal - INFO - ForwardSignalUseCase berhasil memperbarui konfigurasi target secara dinamis.
2026-06-05 06:13:48,006 - src.adapters.telegram.client - INFO - Menghapus handler event pesan lama...
2026-06-05 06:13:48,006 - src.adapters.telegram.client - INFO - Mendaftarkan handler event pesan baru untuk chat_ids: [-100123456789, -100987654321]
2026-06-05 06:13:48,006 - main - INFO - Konfigurasi baru berhasil diterapkan secara dinamis tanpa restart!
2026-06-05 06:42:15,749 - telethon.network.connection.connection - WARNING - Server closed the connection: [Errno 60] Operation timed out
2026-06-05 06:42:15,751 - telethon.network.mtprotosender - INFO - Connection closed while receiving data: [Errno 60] Operation timed out
2026-06-05 06:42:15,751 - telethon.network.mtprotosender - INFO - Closing current connection to begin reconnect...
2026-06-05 06:42:15,752 - telethon.network.connection.connection - WARNING - Graceful disconnection timed out, forcibly ignoring cleanup
2026-06-05 06:42:15,752 - telethon.network.mtprotosender - INFO - Connecting to 91.108.56.191:443/TcpFull...
2026-06-05 06:42:15,773 - telethon.network.mtprotosender - INFO - Connection to 91.108.56.191:443/TcpFull complete!
2026-06-05 07:00:23,444 - telethon.network.connection.connection - WARNING - Server closed the connection: [Errno 60] Operation timed out
2026-06-05 07:00:23,444 - telethon.network.mtprotosender - INFO - Connection closed while receiving data: [Errno 60] Operation timed out
2026-06-05 07:00:23,445 - telethon.network.mtprotosender - INFO - Closing current connection to begin reconnect...
2026-06-05 07:00:23,445 - telethon.network.connection.connection - WARNING - Graceful disconnection timed out, forcibly ignoring cleanup
2026-06-05 07:00:23,445 - telethon.network.mtprotosender - INFO - Connecting to 91.108.56.191:443/TcpFull...
2026-06-05 07:00:23,467 - telethon.network.mtprotosender - INFO - Connection to 91.108.56.191:443/TcpFull complete!
2026-06-05 07:59:26,497 - telethon.network.mtprotosender - INFO - Closing current connection to begin reconnect...
2026-06-05 07:59:26,499 - telethon.network.mtprotosender - INFO - Connecting to 91.108.56.191:443/TcpFull...
2026-06-05 07:59:26,518 - telethon.network.mtprotosender - INFO - Connection to 91.108.56.191:443/TcpFull complete!
2026-06-05 07:59:26,540 - telethon.network.mtprotostate - WARNING - Server resent the older message 7647709676926051329, ignoring
2026-06-05 07:59:26,591 - telethon.client.updates - INFO - Got difference for account updates
2026-06-05 07:59:26,622 - telethon.client.updates - INFO - Got difference for channel 1048910279 updates
2026-06-05 07:59:26,676 - telethon.client.updates - INFO - Got difference for channel 1189544175 updates
2026-06-05 07:59:27,129 - telethon.client.updates - INFO - Got difference for channel 2049259647 updates
2026-06-05 08:30:04,761 - telethon.client.updates - INFO - Got difference for account updates
2026-06-05 08:32:05,337 - telethon.client.updates - INFO - Got difference for channel 1048910279 updates
2026-06-05 08:48:05,406 - telethon.client.updates - INFO - Got difference for channel 1048910279 updates
2026-06-05 08:57:05,292 - telethon.client.updates - INFO - Got difference for channel 1048910279 updates
2026-06-05 09:15:05,277 - telethon.client.updates - INFO - Got difference for channel 2049259647 updates
2026-06-05 09:25:05,449 - telethon.client.updates - INFO - Got difference for channel 1048910279 updates
2026-06-05 09:37:12,192 - main - INFO - Sinyal shutdown diterima (SIGINT). Menghentikan aplikasi secara aman...
2026-06-05 09:37:12,194 - src.adapters.telegram.client - INFO - Memutuskan koneksi dari Telegram...
2026-06-05 09:37:12,194 - telethon.network.mtprotosender - INFO - Disconnecting from 91.108.56.191:443/TcpFull...
2026-06-05 09:37:12,195 - telethon.network.mtprotosender - INFO - Disconnection from 91.108.56.191:443/TcpFull complete!
2026-06-05 09:37:12,198 - telethon.network.mtprotosender - INFO - Not disconnecting (already have no connection)
2026-06-05 09:37:12,201 - src.adapters.telegram.client - INFO - Koneksi Telegram terputus.
2026-06-05 09:37:12,201 - main - INFO - Koneksi Telegram berhasil ditutup.
2026-06-05 09:37:12,201 - main - INFO - Aplikasi dihentikan dengan sukses.
2026-06-05 09:37:14,167 - main - INFO - Memulai aplikasi Telegram Signal Listener & Forwarder...
2026-06-05 09:37:14,169 - main - INFO - Konfigurasi berhasil dimuat.
2026-06-05 09:37:14,169 - src.adapters.telegram.client - INFO - Mendaftarkan handler event pesan baru untuk chat_ids: [-100123456789, -100987654321]
2026-06-05 09:37:14,169 - src.adapters.telegram.client - INFO - Memulai sesi Telegram...
2026-06-05 09:37:14,169 - telethon.network.mtprotosender - INFO - Connecting to 91.108.56.191:443/TcpFull...
2026-06-05 09:37:14,189 - telethon.network.mtprotosender - INFO - Connection to 91.108.56.191:443/TcpFull complete!
2026-06-05 09:37:14,373 - src.adapters.telegram.client - INFO - Sesi Telegram berhasil dimulai.
2026-06-05 09:37:14,400 - main - INFO - Otorisasi sukses. Berjalan menggunakan akun: Beny  (@benysutanto)
2026-06-05 09:37:14,400 - main - INFO - Mulai mendengarkan pesan dari 2 grup sumber...
2026-06-05 09:37:14,400 - main - INFO - Sinyal yang valid akan diteruskan ke 2 target.
2026-06-05 09:37:14,401 - src.adapters.telegram.client - INFO - Aplikasi sedang mendengarkan pesan (listening)... Tekan Ctrl+C untuk keluar.
2026-06-05 09:37:14,401 - main - INFO - Memulai background task pemantau file konfigurasi (Hot Reload)...
2026-06-05 09:37:30,039 - main - INFO - Sinyal shutdown diterima (SIGINT). Menghentikan aplikasi secara aman...
2026-06-05 09:37:30,039 - src.adapters.telegram.client - INFO - Memutuskan koneksi dari Telegram...
2026-06-05 09:37:30,040 - telethon.network.mtprotosender - INFO - Disconnecting from 91.108.56.191:443/TcpFull...
2026-06-05 09:37:30,041 - telethon.network.mtprotosender - INFO - Disconnection from 91.108.56.191:443/TcpFull complete!
2026-06-05 09:37:30,044 - telethon.network.mtprotosender - INFO - Not disconnecting (already have no connection)
2026-06-05 09:37:30,047 - src.adapters.telegram.client - INFO - Koneksi Telegram terputus.
2026-06-05 09:37:30,047 - main - INFO - Koneksi Telegram berhasil ditutup.
2026-06-05 09:37:30,047 - main - INFO - Aplikasi dihentikan dengan sukses.
2026-06-05 09:37:33,170 - main - INFO - Memulai aplikasi Telegram Signal Listener & Forwarder...
2026-06-05 09:37:33,172 - main - INFO - Konfigurasi berhasil dimuat.
2026-06-05 09:37:33,172 - src.adapters.telegram.client - INFO - Mendaftarkan handler event pesan baru untuk chat_ids: [-100123456789, -100987654321]
2026-06-05 09:37:33,172 - src.adapters.telegram.client - INFO - Memulai sesi Telegram...
2026-06-05 09:37:33,172 - telethon.network.mtprotosender - INFO - Connecting to 91.108.56.191:443/TcpFull...
2026-06-05 09:37:33,193 - telethon.network.mtprotosender - INFO - Connection to 91.108.56.191:443/TcpFull complete!
2026-06-05 09:37:33,373 - src.adapters.telegram.client - INFO - Sesi Telegram berhasil dimulai.
2026-06-05 09:37:33,402 - main - INFO - Otorisasi sukses. Berjalan menggunakan akun: Beny  (@benysutanto)
2026-06-05 09:37:33,402 - main - INFO - Mulai mendengarkan pesan dari 2 grup sumber...
2026-06-05 09:37:33,402 - main - INFO - Sinyal yang valid akan diteruskan ke 2 target.
2026-06-05 09:37:33,402 - src.adapters.telegram.client - INFO - Aplikasi sedang mendengarkan pesan (listening)... Tekan Ctrl+C untuk keluar.
2026-06-05 09:37:33,402 - main - INFO - Memulai background task pemantau file konfigurasi (Hot Reload)...
2026-06-05 09:38:06,106 - main - INFO - Memulai aplikasi Telegram Signal Listener & Forwarder...
2026-06-05 09:38:06,107 - main - INFO - Konfigurasi berhasil dimuat.
2026-06-05 09:38:06,108 - src.adapters.telegram.client - INFO - Mendaftarkan handler event pesan baru untuk chat_ids: [-100123456789, -100987654321]
2026-06-05 09:38:06,108 - src.adapters.telegram.client - INFO - Memulai sesi Telegram...
2026-06-05 09:38:06,108 - telethon.network.mtprotosender - INFO - Connecting to 91.108.56.191:443/TcpFull...
2026-06-05 09:38:06,127 - telethon.network.mtprotosender - INFO - Connection to 91.108.56.191:443/TcpFull complete!
2026-06-05 09:38:06,316 - src.adapters.telegram.client - INFO - Sesi Telegram berhasil dimulai.
2026-06-05 09:38:06,347 - main - INFO - Otorisasi sukses. Berjalan menggunakan akun: Beny  (@benysutanto)
2026-06-05 09:38:06,347 - main - INFO - Mulai mendengarkan pesan dari 2 grup sumber...
2026-06-05 09:38:06,347 - main - INFO - Sinyal yang valid akan diteruskan ke 2 target.
2026-06-05 09:38:06,347 - src.adapters.telegram.client - INFO - Aplikasi sedang mendengarkan pesan (listening)... Tekan Ctrl+C untuk keluar.
2026-06-05 09:38:06,347 - main - INFO - Memulai background task pemantau file konfigurasi (Hot Reload)...
2026-06-05 09:48:26,902 - main - INFO - Memulai aplikasi Telegram Signal Listener & Forwarder...
2026-06-05 09:48:26,903 - main - INFO - Konfigurasi berhasil dimuat.
2026-06-05 09:48:26,904 - src.adapters.telegram.client - INFO - Mendaftarkan handler event pesan baru untuk chat_ids: [-100123456789, 375461315]
2026-06-05 09:48:26,904 - src.adapters.telegram.client - INFO - Memulai sesi Telegram...
2026-06-05 09:48:26,904 - telethon.network.mtprotosender - INFO - Connecting to 91.108.56.191:443/TcpFull...
2026-06-05 09:48:26,925 - telethon.network.mtprotosender - INFO - Connection to 91.108.56.191:443/TcpFull complete!
2026-06-05 09:48:27,116 - src.adapters.telegram.client - INFO - Sesi Telegram berhasil dimulai.
2026-06-05 09:48:27,145 - main - INFO - Otorisasi sukses. Berjalan menggunakan akun: Beny  (@benysutanto)
2026-06-05 09:48:27,145 - main - INFO - Mulai mendengarkan pesan dari 2 grup sumber...
2026-06-05 09:48:27,145 - main - INFO - Sinyal yang valid akan diteruskan ke 2 target.
2026-06-05 09:48:27,145 - src.adapters.telegram.client - INFO - Aplikasi sedang mendengarkan pesan (listening)... Tekan Ctrl+C untuk keluar.
2026-06-05 09:48:27,145 - main - INFO - Memulai background task pemantau file konfigurasi (Hot Reload)...
2026-06-05 09:53:04,062 - main - INFO - Memulai aplikasi Telegram Signal Listener & Forwarder...
2026-06-05 09:53:04,063 - main - INFO - Konfigurasi berhasil dimuat.
2026-06-05 09:53:04,064 - src.adapters.telegram.client - INFO - Mendaftarkan handler event pesan baru untuk chat_ids: [-100123456789, 375461315]
2026-06-05 09:53:04,064 - src.adapters.telegram.client - INFO - Memulai sesi Telegram...
2026-06-05 09:53:04,064 - telethon.network.mtprotosender - INFO - Connecting to 91.108.56.191:443/TcpFull...
2026-06-05 09:53:04,083 - telethon.network.mtprotosender - INFO - Connection to 91.108.56.191:443/TcpFull complete!
2026-06-05 09:53:04,258 - src.adapters.telegram.client - INFO - Sesi Telegram berhasil dimulai.
2026-06-05 09:53:04,287 - main - INFO - Otorisasi sukses. Berjalan menggunakan akun: Beny  (@benysutanto)
2026-06-05 09:53:04,287 - main - INFO - Mulai mendengarkan pesan dari 2 grup sumber...
2026-06-05 09:53:04,287 - main - INFO - Sinyal yang valid akan diteruskan ke 2 target.
2026-06-05 09:53:04,287 - src.adapters.telegram.client - INFO - Aplikasi sedang mendengarkan pesan (listening)... Tekan Ctrl+C untuk keluar.
2026-06-05 09:53:04,288 - main - INFO - Memulai background task pemantau file konfigurasi (Hot Reload)...
2026-06-05 09:57:49,034 - main - INFO - Memulai aplikasi Telegram Signal Listener & Forwarder...
2026-06-05 09:57:49,035 - main - INFO - Konfigurasi berhasil dimuat.
2026-06-05 09:57:49,036 - src.adapters.telegram.client - INFO - Mendaftarkan handler event pesan baru untuk chat_ids: [-100123456789, 375461315]
2026-06-05 09:57:49,036 - src.adapters.telegram.client - INFO - Memulai sesi Telegram...
2026-06-05 09:57:49,036 - telethon.network.mtprotosender - INFO - Connecting to 91.108.56.191:443/TcpFull...
2026-06-05 09:57:49,057 - telethon.network.mtprotosender - INFO - Connection to 91.108.56.191:443/TcpFull complete!
2026-06-05 09:57:49,242 - src.adapters.telegram.client - INFO - Sesi Telegram berhasil dimulai.
2026-06-05 09:57:49,273 - main - INFO - Otorisasi sukses. Berjalan menggunakan akun: Beny  (@benysutanto)
2026-06-05 09:57:49,273 - main - INFO - Mulai mendengarkan pesan dari 2 grup sumber...
2026-06-05 09:57:49,273 - main - INFO - Sinyal yang valid akan diteruskan ke 2 target.
2026-06-05 09:57:49,273 - src.adapters.telegram.client - INFO - Aplikasi sedang mendengarkan pesan (listening)... Tekan Ctrl+C untuk keluar.
2026-06-05 09:57:49,273 - main - INFO - Memulai background task pemantau file konfigurasi (Hot Reload)...
2026-06-05 10:09:51,204 - main - INFO - Memulai aplikasi Telegram Signal Listener & Forwarder...
2026-06-05 10:09:51,205 - main - INFO - Konfigurasi berhasil dimuat.
2026-06-05 10:09:51,205 - src.adapters.telegram.client - INFO - Mendaftarkan handler event pesan baru untuk chat_ids: [-100123456789, 375461315]
2026-06-05 10:09:51,205 - src.adapters.telegram.client - INFO - Memulai sesi Telegram...
2026-06-05 10:09:51,205 - telethon.network.mtprotosender - INFO - Connecting to 91.108.56.191:443/TcpFull...
2026-06-05 10:09:51,225 - telethon.network.mtprotosender - INFO - Connection to 91.108.56.191:443/TcpFull complete!
2026-06-05 10:09:51,677 - src.adapters.telegram.client - INFO - Sesi Telegram berhasil dimulai.
2026-06-05 10:09:51,705 - main - INFO - Otorisasi sukses. Berjalan menggunakan akun: Beny  (@benysutanto)
2026-06-05 10:09:51,705 - main - INFO - Mulai mendengarkan pesan dari 2 grup sumber...
2026-06-05 10:09:51,705 - main - INFO - Sinyal yang valid akan diteruskan ke 2 target.
2026-06-05 10:09:51,706 - src.adapters.telegram.client - INFO - Aplikasi sedang mendengarkan pesan (listening)... Tekan Ctrl+C untuk keluar.
2026-06-05 10:09:51,706 - main - INFO - Memulai background task pemantau file konfigurasi (Hot Reload)...
2026-06-05 10:12:27,977 - main - INFO - Memulai aplikasi Telegram Signal Listener & Forwarder...
2026-06-05 10:12:27,979 - main - INFO - Konfigurasi berhasil dimuat.
2026-06-05 10:12:27,979 - src.adapters.telegram.client - INFO - Mendaftarkan handler event pesan baru untuk chat_ids: [-100123456789, 375461315]
2026-06-05 10:12:27,979 - src.adapters.telegram.client - INFO - Memulai sesi Telegram...
2026-06-05 10:12:27,979 - telethon.network.mtprotosender - INFO - Connecting to 91.108.56.191:443/TcpFull...
2026-06-05 10:12:28,000 - telethon.network.mtprotosender - INFO - Connection to 91.108.56.191:443/TcpFull complete!
2026-06-05 10:12:28,180 - src.adapters.telegram.client - INFO - Sesi Telegram berhasil dimulai.
2026-06-05 10:12:28,212 - main - INFO - Otorisasi sukses. Berjalan menggunakan akun: Beny  (@benysutanto)
2026-06-05 10:12:28,212 - main - INFO - Mulai mendengarkan pesan dari 2 grup sumber...
2026-06-05 10:12:28,212 - main - INFO - Sinyal yang valid akan diteruskan ke 2 target.
2026-06-05 10:12:28,212 - src.adapters.telegram.client - INFO - Aplikasi sedang mendengarkan pesan (listening)... Tekan Ctrl+C untuk keluar.
2026-06-05 10:12:28,212 - main - INFO - Memulai background task pemantau file konfigurasi (Hot Reload)...
2026-06-05 10:53:28,995 - telethon.client.updates - INFO - Got difference for channel 1048910279 updates
2026-06-05 11:08:29,046 - telethon.client.updates - INFO - Got difference for channel 1048910279 updates
2026-06-05 11:10:03,505 - main - INFO - Memulai aplikasi Telegram Signal Listener & Forwarder...
2026-06-05 11:10:03,506 - main - INFO - Konfigurasi berhasil dimuat.
2026-06-05 11:10:03,506 - src.adapters.telegram.client - INFO - Mendaftarkan handler event pesan baru (Mendengarkan semua chat untuk mempermudah deteksi chat_id)...
2026-06-05 11:10:03,506 - src.adapters.telegram.client - INFO - Memulai sesi Telegram...
2026-06-05 11:10:03,506 - telethon.network.mtprotosender - INFO - Connecting to 91.108.56.191:443/TcpFull...
2026-06-05 11:10:03,530 - telethon.network.mtprotosender - INFO - Connection to 91.108.56.191:443/TcpFull complete!
2026-06-05 11:10:03,744 - src.adapters.telegram.client - INFO - Sesi Telegram berhasil dimulai.
2026-06-05 11:10:03,782 - main - INFO - Otorisasi sukses. Berjalan menggunakan akun: Beny  (@benysutanto)
2026-06-05 11:10:03,782 - main - INFO - Mulai mendengarkan pesan dari 2 grup sumber...
2026-06-05 11:10:03,782 - main - INFO - Sinyal yang valid akan diteruskan ke 2 target.
2026-06-05 11:10:03,782 - src.adapters.telegram.client - INFO - Aplikasi sedang mendengarkan pesan (listening)... Tekan Ctrl+C untuk keluar.
2026-06-05 11:10:03,782 - main - INFO - Memulai background task pemantau file konfigurasi (Hot Reload)...
2026-06-05 11:11:42,170 - src.adapters.telegram.client - INFO - 📥 [PESAN MASUK] Chat ID: -1001048910279 | Teks: @RomyAndre...
2026-06-05 11:11:42,171 - src.core.use_cases.monitor_groups - INFO - Pesan di chat -1001048910279 lolos filter 'PRICE:', tetapi grup tidak terdaftar sebagai grup sumber.
2026-06-05 11:11:53,565 - src.adapters.telegram.client - INFO - 📥 [PESAN MASUK] Chat ID: 375461315 | Teks: test...
2026-06-05 11:11:53,565 - src.core.use_cases.monitor_groups - INFO - Pesan di chat 375461315 lolos filter 'PRICE:', tetapi grup tidak terdaftar sebagai grup sumber.
2026-06-05 11:12:19,863 - main - INFO - Memulai aplikasi Telegram Signal Listener & Forwarder...
2026-06-05 11:12:19,864 - main - INFO - Konfigurasi berhasil dimuat.
2026-06-05 11:12:19,865 - src.adapters.telegram.client - INFO - Mendaftarkan handler event pesan baru (Mendengarkan semua chat untuk mempermudah deteksi chat_id)...
2026-06-05 11:12:19,865 - src.adapters.telegram.client - INFO - Memulai sesi Telegram...
2026-06-05 11:12:19,865 - telethon.network.mtprotosender - INFO - Connecting to 91.108.56.191:443/TcpFull...
2026-06-05 11:12:19,889 - telethon.network.mtprotosender - INFO - Connection to 91.108.56.191:443/TcpFull complete!
2026-06-05 11:12:20,430 - src.adapters.telegram.client - INFO - Sesi Telegram berhasil dimulai.
2026-06-05 11:12:20,460 - main - INFO - Otorisasi sukses. Berjalan menggunakan akun: Beny  (@benysutanto)
2026-06-05 11:12:20,460 - main - INFO - Mulai mendengarkan pesan dari 2 grup sumber...
2026-06-05 11:12:20,460 - main - INFO - Sinyal yang valid akan diteruskan ke 2 target.
2026-06-05 11:12:20,461 - src.adapters.telegram.client - INFO - Aplikasi sedang mendengarkan pesan (listening)... Tekan Ctrl+C untuk keluar.
2026-06-05 11:12:20,461 - main - INFO - Memulai background task pemantau file konfigurasi (Hot Reload)...
2026-06-05 11:12:25,346 - src.adapters.telegram.client - INFO - 📥 [PESAN MASUK] Chat ID: 375461315 | Teks: ulang...
2026-06-05 11:12:25,346 - src.core.use_cases.monitor_groups - INFO - Pesan di chat 375461315 lolos filter 'PRICE:', tetapi grup tidak terdaftar sebagai grup sumber.
2026-06-05 11:13:01,247 - main - INFO - Memulai aplikasi Telegram Signal Listener & Forwarder...
2026-06-05 11:13:01,249 - main - INFO - Konfigurasi berhasil dimuat.
2026-06-05 11:13:01,249 - src.adapters.telegram.client - INFO - Mendaftarkan handler event pesan baru (Mendengarkan semua chat untuk mempermudah deteksi chat_id)...
2026-06-05 11:13:01,250 - src.adapters.telegram.client - INFO - Memulai sesi Telegram...
2026-06-05 11:13:01,250 - telethon.network.mtprotosender - INFO - Connecting to 91.108.56.191:443/TcpFull...
2026-06-05 11:13:01,274 - telethon.network.mtprotosender - INFO - Connection to 91.108.56.191:443/TcpFull complete!
2026-06-05 11:13:01,458 - src.adapters.telegram.client - INFO - Sesi Telegram berhasil dimulai.
2026-06-05 11:13:01,494 - main - INFO - Otorisasi sukses. Berjalan menggunakan akun: Beny  (@benysutanto)
2026-06-05 11:13:01,494 - main - INFO - Mulai mendengarkan pesan dari 2 grup sumber...
2026-06-05 11:13:01,494 - main - INFO - Sinyal yang valid akan diteruskan ke 2 target.
2026-06-05 11:13:01,494 - src.adapters.telegram.client - INFO - Aplikasi sedang mendengarkan pesan (listening)... Tekan Ctrl+C untuk keluar.
2026-06-05 11:13:01,494 - main - INFO - Memulai background task pemantau file konfigurasi (Hot Reload)...
2026-06-05 11:13:13,766 - src.adapters.telegram.client - INFO - 📥 [PESAN MASUK] Chat ID: 375461315 | Teks: 👑 GOLD BUY NOW 👑         PRICE: 4500 - 4497         TP1 🎖: 4...
2026-06-05 11:13:13,767 - src.core.use_cases.monitor_groups - INFO - Pesan di chat 375461315 lolos filter 'PRICE:', tetapi grup tidak terdaftar sebagai grup sumber.
2026-06-05 11:13:13,767 - src.core.use_cases.monitor_groups - INFO - Mendeteksi pesan sinyal potensial di chat 375461315...
2026-06-05 11:13:13,767 - src.core.use_cases.monitor_groups - ERROR - Terjadi kesalahan saat memproses pesan dari chat 375461315: Tipe parser tidak dikenal: 'prices'
Traceback (most recent call last):
  File "/Users/benysutanto/Documents/Works/Personal/telinMerial/src/core/use_cases/monitor_groups.py", line 43, in handle_new_message
    parser = get_parser(parser_type)
  File "/Users/benysutanto/Documents/Works/Personal/telinMerial/src/adapters/telegram/parsers/factory.py", line 14, in get_parser
    raise ValueError(f"Tipe parser tidak dikenal: '{parser_type}'")
ValueError: Tipe parser tidak dikenal: 'prices'
2026-06-05 11:13:13,821 - src.adapters.telegram.client - INFO - 📥 [PESAN MASUK] Chat ID: 375461315 | Teks: 👑 GOLD BUY NOW 👑         PRICE: 4500 - 4497         TP1 🎖: 4...
2026-06-05 11:13:13,822 - src.core.use_cases.monitor_groups - INFO - Pesan di chat 375461315 lolos filter 'PRICE:', tetapi grup tidak terdaftar sebagai grup sumber.
2026-06-05 11:13:13,822 - src.core.use_cases.monitor_groups - INFO - Mendeteksi pesan sinyal potensial di chat 375461315...
2026-06-05 11:13:13,822 - src.core.use_cases.monitor_groups - ERROR - Terjadi kesalahan saat memproses pesan dari chat 375461315: Tipe parser tidak dikenal: 'prices'
Traceback (most recent call last):
  File "/Users/benysutanto/Documents/Works/Personal/telinMerial/src/core/use_cases/monitor_groups.py", line 43, in handle_new_message
    parser = get_parser(parser_type)
  File "/Users/benysutanto/Documents/Works/Personal/telinMerial/src/adapters/telegram/parsers/factory.py", line 14, in get_parser
    raise ValueError(f"Tipe parser tidak dikenal: '{parser_type}'")
ValueError: Tipe parser tidak dikenal: 'prices'
2026-06-05 11:13:25,406 - main - INFO - Memulai aplikasi Telegram Signal Listener & Forwarder...
2026-06-05 11:13:25,407 - main - INFO - Konfigurasi berhasil dimuat.
2026-06-05 11:13:25,408 - src.adapters.telegram.client - INFO - Mendaftarkan handler event pesan baru (Mendengarkan semua chat untuk mempermudah deteksi chat_id)...
2026-06-05 11:13:25,408 - src.adapters.telegram.client - INFO - Memulai sesi Telegram...
2026-06-05 11:13:25,408 - telethon.network.mtprotosender - INFO - Connecting to 91.108.56.191:443/TcpFull...
2026-06-05 11:13:25,427 - telethon.network.mtprotosender - INFO - Connection to 91.108.56.191:443/TcpFull complete!
2026-06-05 11:13:25,601 - src.adapters.telegram.client - INFO - Sesi Telegram berhasil dimulai.
2026-06-05 11:13:25,627 - main - INFO - Otorisasi sukses. Berjalan menggunakan akun: Beny  (@benysutanto)
2026-06-05 11:13:25,627 - main - INFO - Mulai mendengarkan pesan dari 2 grup sumber...
2026-06-05 11:13:25,627 - main - INFO - Sinyal yang valid akan diteruskan ke 2 target.
2026-06-05 11:13:25,627 - src.adapters.telegram.client - INFO - Aplikasi sedang mendengarkan pesan (listening)... Tekan Ctrl+C untuk keluar.
2026-06-05 11:13:25,627 - main - INFO - Memulai background task pemantau file konfigurasi (Hot Reload)...
2026-06-05 11:13:55,067 - src.adapters.telegram.client - INFO - 📥 [PESAN MASUK] Chat ID: 375461315 | Teks: 👑 GOLD BUY NOW 👑         PRICE: 4500 - 4497         TP1 🎖: 4...
2026-06-05 11:13:55,067 - src.core.use_cases.monitor_groups - INFO - Pesan di chat 375461315 lolos filter 'PRICE:', tetapi grup tidak terdaftar sebagai grup sumber.
2026-06-05 11:13:55,068 - src.core.use_cases.monitor_groups - INFO - Mendeteksi pesan sinyal potensial di chat 375461315...
2026-06-05 11:13:55,068 - src.core.use_cases.monitor_groups - INFO - Sinyal trading GOLD BUY berhasil diparsing.
2026-06-05 11:13:55,068 - src.core.use_cases.forward_signal - INFO - Mengirim sinyal terformat ke 2 target...
2026-06-05 11:13:55,068 - src.core.use_cases.forward_signal - INFO - Mengirim sinyal ke target: 'My Channel' (Chat ID: -100111222333)
2026-06-05 11:13:55,068 - src.adapters.telegram.client - INFO - Mengirim pesan ke chat_id: -100111222333
2026-06-05 11:13:55,097 - src.core.use_cases.forward_signal - ERROR - Gagal mengirim sinyal ke target 'My Channel' (Chat ID: -100111222333): Invalid object ID for a chat. Make sure to pass the right types, for instance making sure that the request is designed for chats (not channels/megagroups) or otherwise look for a different one more suited\nAn example working with a megagroup and AddChatUserRequest, it will fail because megagroups are channels. Use InviteToChannelRequest instead (caused by SendMessageRequest)
Traceback (most recent call last):
  File "/Users/benysutanto/Documents/Works/Personal/telinMerial/src/core/use_cases/forward_signal.py", line 56, in execute
    await self.telegram_sender.send_message(target.chat_id, message_text)
  File "/Users/benysutanto/Documents/Works/Personal/telinMerial/src/adapters/telegram/client.py", line 58, in send_message
    await self.client.send_message(chat_id, text)
  File "/Users/benysutanto/Documents/Works/Personal/telinMerial/.venv/lib/python3.13/site-packages/telethon/client/messages.py", line 927, in send_message
    result = await self(request)
             ^^^^^^^^^^^^^^^^^^^
  File "/Users/benysutanto/Documents/Works/Personal/telinMerial/.venv/lib/python3.13/site-packages/telethon/client/users.py", line 30, in __call__
    return await self._call(self._sender, request, ordered=ordered)
           ^^^^^^^^^^^^^^^^^^^^^^^^^^^^^^^^^^^^^^^^^^^^^^^^^^^^^^^^
  File "/Users/benysutanto/Documents/Works/Personal/telinMerial/.venv/lib/python3.13/site-packages/telethon/client/users.py", line 92, in _call
    result = await future
             ^^^^^^^^^^^^
telethon.errors.rpcerrorlist.ChatIdInvalidError: Invalid object ID for a chat. Make sure to pass the right types, for instance making sure that the request is designed for chats (not channels/megagroups) or otherwise look for a different one more suited\nAn example working with a megagroup and AddChatUserRequest, it will fail because megagroups are channels. Use InviteToChannelRequest instead (caused by SendMessageRequest)
2026-06-05 11:13:55,099 - src.core.use_cases.forward_signal - INFO - Mengirim sinyal ke target: 'Indra_Sitorus' (Chat ID: 375461315)
2026-06-05 11:13:55,100 - src.adapters.telegram.client - INFO - Mengirim pesan ke chat_id: 375461315
2026-06-05 11:14:50,014 - main - INFO - Memulai aplikasi Telegram Signal Listener & Forwarder...
2026-06-05 11:14:50,015 - main - INFO - Konfigurasi berhasil dimuat.
2026-06-05 11:14:50,015 - src.adapters.telegram.client - INFO - Mendaftarkan handler event pesan baru (Mendengarkan semua chat untuk mempermudah deteksi chat_id)...
2026-06-05 11:14:50,015 - src.adapters.telegram.client - INFO - Memulai sesi Telegram...
2026-06-05 11:14:50,015 - telethon.network.mtprotosender - INFO - Connecting to 91.108.56.191:443/TcpFull...
2026-06-05 11:14:50,036 - telethon.network.mtprotosender - INFO - Connection to 91.108.56.191:443/TcpFull complete!
2026-06-05 11:14:50,229 - src.adapters.telegram.client - INFO - Sesi Telegram berhasil dimulai.
2026-06-05 11:14:50,257 - main - INFO - Otorisasi sukses. Berjalan menggunakan akun: Beny  (@benysutanto)
2026-06-05 11:14:50,258 - main - INFO - Mulai mendengarkan pesan dari 2 grup sumber...
2026-06-05 11:14:50,258 - main - INFO - Sinyal yang valid akan diteruskan ke 2 target.
2026-06-05 11:14:50,258 - src.adapters.telegram.client - INFO - Aplikasi sedang mendengarkan pesan (listening)... Tekan Ctrl+C untuk keluar.
2026-06-05 11:14:50,258 - main - INFO - Memulai background task pemantau file konfigurasi (Hot Reload)...
2026-06-05 11:15:01,304 - src.adapters.telegram.client - INFO - 📥 [PESAN MASUK] Chat ID: 375461315 | Teks: 👑 GOLD BUY NOW 👑         PRICE: 4500 - 4497         TP1 🎖: 4...
2026-06-05 11:15:01,304 - src.core.use_cases.monitor_groups - INFO - Pesan di chat 375461315 lolos filter 'PRICE:', tetapi grup tidak terdaftar sebagai grup sumber.
2026-06-05 11:15:01,304 - src.core.use_cases.monitor_groups - INFO - Mendeteksi pesan sinyal potensial di chat 375461315...
2026-06-05 11:15:01,305 - src.core.use_cases.monitor_groups - INFO - Sinyal trading GOLD BUY berhasil diparsing.
2026-06-05 11:15:01,305 - src.core.use_cases.forward_signal - INFO - Mengirim sinyal terformat ke 2 target...
2026-06-05 11:15:01,305 - src.core.use_cases.forward_signal - INFO - Mengirim sinyal ke target: 'benysutanto' (Chat ID: 375461315)
2026-06-05 11:15:01,305 - src.adapters.telegram.client - INFO - Mengirim pesan ke chat_id: 375461315
2026-06-05 11:15:01,356 - src.core.use_cases.forward_signal - INFO - Mengirim sinyal ke target: 'Indra_Sitorus' (Chat ID: 375461315)
2026-06-05 11:15:01,356 - src.adapters.telegram.client - INFO - Mengirim pesan ke chat_id: 375461315
2026-06-05 11:16:36,910 - main - INFO - Memulai aplikasi Telegram Signal Listener & Forwarder...
2026-06-05 11:16:36,911 - main - INFO - Konfigurasi berhasil dimuat.
2026-06-05 11:16:36,912 - src.adapters.telegram.client - INFO - Mendaftarkan handler event pesan baru (Mendengarkan semua chat untuk mempermudah deteksi chat_id)...
2026-06-05 11:16:36,912 - src.adapters.telegram.client - INFO - Memulai sesi Telegram...
2026-06-05 11:16:36,912 - telethon.network.mtprotosender - INFO - Connecting to 91.108.56.191:443/TcpFull...
2026-06-05 11:16:36,932 - telethon.network.mtprotosender - INFO - Connection to 91.108.56.191:443/TcpFull complete!
2026-06-05 11:16:37,122 - src.adapters.telegram.client - INFO - Sesi Telegram berhasil dimulai.
2026-06-05 11:16:37,148 - main - INFO - Otorisasi sukses. Berjalan menggunakan akun: Beny  (@benysutanto)
2026-06-05 11:16:37,148 - main - INFO - Mulai mendengarkan pesan dari 2 grup sumber...
2026-06-05 11:16:37,148 - main - INFO - Sinyal yang valid akan diteruskan ke 2 target.
2026-06-05 11:16:37,148 - src.adapters.telegram.client - INFO - Aplikasi sedang mendengarkan pesan (listening)... Tekan Ctrl+C untuk keluar.
2026-06-05 11:16:37,148 - main - INFO - Memulai background task pemantau file konfigurasi (Hot Reload)...
2026-06-05 11:17:37,128 - src.adapters.telegram.client - INFO - 📥 [PESAN MASUK] Chat ID: -1001048910279 | Teks: #bantushareaja...
2026-06-05 11:17:37,129 - src.core.use_cases.monitor_groups - INFO - Pesan di chat -1001048910279 lolos filter 'PRICE:', tetapi grup tidak terdaftar sebagai grup sumber.
2026-06-05 11:17:50,459 - main - INFO - Memulai aplikasi Telegram Signal Listener & Forwarder...
2026-06-05 11:17:50,461 - main - INFO - Konfigurasi berhasil dimuat.
2026-06-05 11:17:50,462 - src.adapters.telegram.client - INFO - Mendaftarkan handler event pesan baru (Mendengarkan semua chat untuk mempermudah deteksi chat_id)...
2026-06-05 11:17:50,462 - src.adapters.telegram.client - INFO - Memulai sesi Telegram...
2026-06-05 11:17:50,462 - telethon.network.mtprotosender - INFO - Connecting to 91.108.56.191:443/TcpFull...
2026-06-05 11:17:50,482 - telethon.network.mtprotosender - INFO - Connection to 91.108.56.191:443/TcpFull complete!
2026-06-05 11:17:50,661 - src.adapters.telegram.client - INFO - Sesi Telegram berhasil dimulai.
2026-06-05 11:17:50,696 - main - INFO - Otorisasi sukses. Berjalan menggunakan akun: Beny  (@benysutanto)
2026-06-05 11:17:50,696 - main - INFO - Mulai mendengarkan pesan dari 2 grup sumber...
2026-06-05 11:17:50,696 - main - INFO - Sinyal yang valid akan diteruskan ke 2 target.
2026-06-05 11:17:50,696 - src.adapters.telegram.client - INFO - Aplikasi sedang mendengarkan pesan (listening)... Tekan Ctrl+C untuk keluar.
2026-06-05 11:17:50,696 - main - INFO - Memulai background task pemantau file konfigurasi (Hot Reload)...
2026-06-05 11:18:11,624 - src.adapters.telegram.client - INFO - 📥 [PESAN MASUK] Chat ID: 375461315 | Teks: 👑 GOLD BUY NOW 👑  PRICE: 4506 - 4503  TP1 🎖: 4511 TP2 🎖: 451...
2026-06-05 11:18:11,624 - src.core.use_cases.monitor_groups - INFO - Pesan di chat 375461315 lolos filter 'PRICE:', tetapi grup tidak terdaftar sebagai grup sumber.
2026-06-05 11:18:11,624 - src.core.use_cases.monitor_groups - INFO - Mendeteksi pesan sinyal potensial di chat 375461315...
2026-06-05 11:18:11,624 - src.core.use_cases.monitor_groups - ERROR - Terjadi kesalahan saat memproses pesan dari chat 375461315: Tipe parser tidak dikenal: 'prices'
Traceback (most recent call last):
  File "/Users/benysutanto/Documents/Works/Personal/telinMerial/src/core/use_cases/monitor_groups.py", line 43, in handle_new_message
    parser = get_parser(parser_type)
  File "/Users/benysutanto/Documents/Works/Personal/telinMerial/src/adapters/telegram/parsers/factory.py", line 14, in get_parser
    raise ValueError(f"Tipe parser tidak dikenal: '{parser_type}'")
ValueError: Tipe parser tidak dikenal: 'prices'
2026-06-05 11:18:41,997 - main - INFO - Memulai aplikasi Telegram Signal Listener & Forwarder...
2026-06-05 11:18:41,999 - main - INFO - Konfigurasi berhasil dimuat.
2026-06-05 11:18:41,999 - src.adapters.telegram.client - INFO - Mendaftarkan handler event pesan baru (Mendengarkan semua chat untuk mempermudah deteksi chat_id)...
2026-06-05 11:18:41,999 - src.adapters.telegram.client - INFO - Memulai sesi Telegram...
2026-06-05 11:18:41,999 - telethon.network.mtprotosender - INFO - Connecting to 91.108.56.191:443/TcpFull...
2026-06-05 11:18:42,019 - telethon.network.mtprotosender - INFO - Connection to 91.108.56.191:443/TcpFull complete!
2026-06-05 11:18:42,397 - src.adapters.telegram.client - INFO - Sesi Telegram berhasil dimulai.
2026-06-05 11:18:42,429 - main - INFO - Otorisasi sukses. Berjalan menggunakan akun: Beny  (@benysutanto)
2026-06-05 11:18:42,429 - main - INFO - Mulai mendengarkan pesan dari 2 grup sumber...
2026-06-05 11:18:42,429 - main - INFO - Sinyal yang valid akan diteruskan ke 2 target.
2026-06-05 11:18:42,429 - src.adapters.telegram.client - INFO - Aplikasi sedang mendengarkan pesan (listening)... Tekan Ctrl+C untuk keluar.
2026-06-05 11:18:42,429 - main - INFO - Memulai background task pemantau file konfigurasi (Hot Reload)...
2026-06-05 11:19:04,358 - src.adapters.telegram.client - INFO - 📥 [PESAN MASUK] Chat ID: 375461315 | Teks: 👑 GOLD BUY NOW 👑  PRICE: 4506 - 4503  TP1 🎖: 4511 TP2 🎖: 451...
2026-06-05 11:19:04,358 - src.core.use_cases.monitor_groups - INFO - Pesan di chat 375461315 lolos filter 'PRICE:', tetapi grup tidak terdaftar sebagai grup sumber.
2026-06-05 11:19:04,358 - src.core.use_cases.monitor_groups - INFO - Mendeteksi pesan sinyal potensial di chat 375461315...
2026-06-05 11:19:04,359 - src.core.use_cases.monitor_groups - INFO - Sinyal trading GOLD BUY berhasil diparsing.
2026-06-05 11:19:04,359 - src.core.use_cases.forward_signal - INFO - Mengirim sinyal terformat ke 2 target...
2026-06-05 11:19:04,359 - src.core.use_cases.forward_signal - INFO - Mengirim sinyal ke target: 'benysutanto' (Chat ID: 375461315)
2026-06-05 11:19:04,359 - src.adapters.telegram.client - INFO - Mengirim pesan ke chat_id: 375461315
2026-06-05 11:19:04,445 - src.core.use_cases.forward_signal - INFO - Mengirim sinyal ke target: 'Indra_Sitorus' (Chat ID: 375461315)
2026-06-05 11:19:04,445 - src.adapters.telegram.client - INFO - Mengirim pesan ke chat_id: 375461315
2026-06-05 11:19:16,878 - src.adapters.telegram.client - INFO - 📥 [PESAN MASUK] Chat ID: -1001048910279 | Teks: #bantushareaja...
2026-06-05 11:19:16,878 - src.core.use_cases.monitor_groups - INFO - Pesan di chat -1001048910279 lolos filter 'PRICE:', tetapi grup tidak terdaftar sebagai grup sumber.
2026-06-05 11:19:16,879 - src.adapters.telegram.client - INFO - 📥 [PESAN MASUK] Chat ID: -1001048910279 | Teks: [Sanberhub Hiring] Dicari Fulltime untuk bergabung dengan pe...
2026-06-05 11:19:16,879 - src.core.use_cases.monitor_groups - INFO - Pesan di chat -1001048910279 lolos filter 'PRICE:', tetapi grup tidak terdaftar sebagai grup sumber.
2026-06-05 11:19:29,600 - main - INFO - Memulai aplikasi Telegram Signal Listener & Forwarder...
2026-06-05 11:19:29,601 - main - INFO - Konfigurasi berhasil dimuat.
2026-06-05 11:19:29,602 - src.adapters.telegram.client - INFO - Mendaftarkan handler event pesan baru (Mendengarkan semua chat untuk mempermudah deteksi chat_id)...
2026-06-05 11:19:29,602 - src.adapters.telegram.client - INFO - Memulai sesi Telegram...
2026-06-05 11:19:29,602 - telethon.network.mtprotosender - INFO - Connecting to 91.108.56.191:443/TcpFull...
2026-06-05 11:19:29,627 - telethon.network.mtprotosender - INFO - Connection to 91.108.56.191:443/TcpFull complete!
2026-06-05 11:19:30,264 - src.adapters.telegram.client - INFO - Sesi Telegram berhasil dimulai.
2026-06-05 11:19:30,319 - main - INFO - Otorisasi sukses. Berjalan menggunakan akun: Beny  (@benysutanto)
2026-06-05 11:19:30,319 - main - INFO - Mulai mendengarkan pesan dari 2 grup sumber...
2026-06-05 11:19:30,319 - main - INFO - Sinyal yang valid akan diteruskan ke 1 target.
2026-06-05 11:19:30,319 - src.adapters.telegram.client - INFO - Aplikasi sedang mendengarkan pesan (listening)... Tekan Ctrl+C untuk keluar.
2026-06-05 11:19:30,320 - main - INFO - Memulai background task pemantau file konfigurasi (Hot Reload)...
2026-06-05 11:19:33,507 - src.adapters.telegram.client - INFO - 📥 [PESAN MASUK] Chat ID: 375461315 | Teks: 👑 GOLD BUY NOW 👑  PRICE: 4506 - 4503  TP1 🎖: 4511 TP2 🎖: 451...
2026-06-05 11:19:33,508 - src.core.use_cases.monitor_groups - INFO - Pesan di chat 375461315 lolos filter 'PRICE:', tetapi grup tidak terdaftar sebagai grup sumber.
2026-06-05 11:19:33,508 - src.core.use_cases.monitor_groups - INFO - Mendeteksi pesan sinyal potensial di chat 375461315...
2026-06-05 11:19:33,508 - src.core.use_cases.monitor_groups - INFO - Sinyal trading GOLD BUY berhasil diparsing.
2026-06-05 11:19:33,508 - src.core.use_cases.forward_signal - INFO - Mengirim sinyal terformat ke 1 target...
2026-06-05 11:19:33,508 - src.core.use_cases.forward_signal - INFO - Mengirim sinyal ke target: 'benysutanto' (Chat ID: 375461315)
2026-06-05 11:19:33,509 - src.adapters.telegram.client - INFO - Mengirim pesan ke chat_id: 375461315
2026-06-05 11:20:08,700 - src.adapters.telegram.client - INFO - 📥 [PESAN MASUK] Chat ID: 192453686 | Teks: test...
2026-06-05 11:20:08,700 - src.core.use_cases.monitor_groups - INFO - Pesan di chat 192453686 lolos filter 'PRICE:', tetapi grup tidak terdaftar sebagai grup sumber.
2026-06-05 11:20:24,284 - main - INFO - Memulai aplikasi Telegram Signal Listener & Forwarder...
2026-06-05 11:20:24,286 - main - INFO - Konfigurasi berhasil dimuat.
2026-06-05 11:20:24,287 - src.adapters.telegram.client - INFO - Mendaftarkan handler event pesan baru (Mendengarkan semua chat untuk mempermudah deteksi chat_id)...
2026-06-05 11:20:24,287 - src.adapters.telegram.client - INFO - Memulai sesi Telegram...
2026-06-05 11:20:24,287 - telethon.network.mtprotosender - INFO - Connecting to 91.108.56.191:443/TcpFull...
2026-06-05 11:20:24,310 - telethon.network.mtprotosender - INFO - Connection to 91.108.56.191:443/TcpFull complete!
2026-06-05 11:20:24,483 - src.adapters.telegram.client - INFO - Sesi Telegram berhasil dimulai.
2026-06-05 11:20:24,513 - main - INFO - Otorisasi sukses. Berjalan menggunakan akun: Beny  (@benysutanto)
2026-06-05 11:20:24,513 - main - INFO - Mulai mendengarkan pesan dari 2 grup sumber...
2026-06-05 11:20:24,513 - main - INFO - Sinyal yang valid akan diteruskan ke 2 target.
2026-06-05 11:20:24,513 - src.adapters.telegram.client - INFO - Aplikasi sedang mendengarkan pesan (listening)... Tekan Ctrl+C untuk keluar.
2026-06-05 11:20:24,513 - main - INFO - Memulai background task pemantau file konfigurasi (Hot Reload)...
2026-06-05 11:21:11,556 - main - INFO - Memulai aplikasi Telegram Signal Listener & Forwarder...
2026-06-05 11:21:11,557 - main - INFO - Konfigurasi berhasil dimuat.
2026-06-05 11:21:11,558 - src.adapters.telegram.client - INFO - Mendaftarkan handler event pesan baru (Mendengarkan semua chat untuk mempermudah deteksi chat_id)...
2026-06-05 11:21:11,558 - src.adapters.telegram.client - INFO - Memulai sesi Telegram...
2026-06-05 11:21:11,558 - telethon.network.mtprotosender - INFO - Connecting to 91.108.56.191:443/TcpFull...
2026-06-05 11:21:11,579 - telethon.network.mtprotosender - INFO - Connection to 91.108.56.191:443/TcpFull complete!
2026-06-05 11:21:11,780 - src.adapters.telegram.client - INFO - Sesi Telegram berhasil dimulai.
2026-06-05 11:21:11,807 - main - INFO - Otorisasi sukses. Berjalan menggunakan akun: Beny  (@benysutanto)
2026-06-05 11:21:11,808 - main - INFO - Mulai mendengarkan pesan dari 2 grup sumber...
2026-06-05 11:21:11,808 - main - INFO - Sinyal yang valid akan diteruskan ke 2 target.
2026-06-05 11:21:11,808 - src.adapters.telegram.client - INFO - Aplikasi sedang mendengarkan pesan (listening)... Tekan Ctrl+C untuk keluar.
2026-06-05 11:21:11,808 - main - INFO - Memulai background task pemantau file konfigurasi (Hot Reload)...
2026-06-05 11:22:03,041 - src.adapters.telegram.client - INFO - 📥 [PESAN MASUK] Chat ID: -1001048910279 | Teks: 🚨 Masih sering kirim CV tapi belum dapat panggilan interview...
2026-06-05 11:22:03,041 - src.core.use_cases.monitor_groups - INFO - Pesan di chat -1001048910279 lolos filter 'PRICE:', tetapi grup tidak terdaftar sebagai grup sumber.
2026-06-05 11:22:19,114 - src.adapters.telegram.client - INFO - 📥 [PESAN MASUK] Chat ID: 375461315 | Teks: 👑 GOLD BUY NOW 👑  PRICE: 4506 - 4503  TP1 🎖: 4511 TP2 🎖: 451...
2026-06-05 11:22:19,114 - src.core.use_cases.monitor_groups - INFO - Pesan di chat 375461315 lolos filter 'PRICE:', tetapi grup tidak terdaftar sebagai grup sumber.
2026-06-05 11:22:19,114 - src.core.use_cases.monitor_groups - INFO - Mendeteksi pesan sinyal potensial di chat 375461315...
2026-06-05 11:22:19,115 - src.core.use_cases.monitor_groups - INFO - Sinyal trading GOLD BUY berhasil diparsing.
2026-06-05 11:22:19,115 - src.core.use_cases.forward_signal - INFO - Mengirim sinyal terformat ke 2 target...
2026-06-05 11:22:19,115 - src.core.use_cases.forward_signal - INFO - Mengirim sinyal ke target: 'benysutanto' (Chat ID: 375461315)
2026-06-05 11:22:19,116 - src.adapters.telegram.client - INFO - Mengirim pesan ke chat_id: 375461315
2026-06-05 11:22:19,182 - src.core.use_cases.forward_signal - INFO - Mengirim sinyal ke target: 'Indra_Sitorus' (Chat ID: 192453686)
2026-06-05 11:22:19,182 - src.adapters.telegram.client - INFO - Mengirim pesan ke chat_id: 192453686
2026-06-05 11:23:31,139 - src.adapters.telegram.client - INFO - 📥 [PESAN MASUK] Chat ID: 375461315 | Teks: test...
2026-06-05 11:23:31,140 - src.core.use_cases.monitor_groups - INFO - Pesan di chat 375461315 lolos filter 'PRICE:', tetapi grup tidak terdaftar sebagai grup sumber.
2026-06-05 11:24:11,779 - src.adapters.telegram.client - INFO - 📥 [PESAN MASUK] Chat ID: -1001048910279 | Teks: ini linknya gak bisa 404 not found...
2026-06-05 11:24:11,780 - src.core.use_cases.monitor_groups - INFO - Pesan di chat -1001048910279 lolos filter 'PRICE:', tetapi grup tidak terdaftar sebagai grup sumber.
2026-06-05 11:24:23,213 - main - INFO - Memulai aplikasi Telegram Signal Listener & Forwarder...
2026-06-05 11:24:23,214 - main - INFO - Konfigurasi berhasil dimuat.
2026-06-05 11:24:23,214 - src.adapters.telegram.client - INFO - Mendaftarkan handler event pesan baru (Mendengarkan semua chat untuk mempermudah deteksi chat_id)...
2026-06-05 11:24:23,214 - src.adapters.telegram.client - INFO - Memulai sesi Telegram...
2026-06-05 11:24:23,214 - telethon.network.mtprotosender - INFO - Connecting to 91.108.56.191:443/TcpFull...
2026-06-05 11:24:23,235 - telethon.network.mtprotosender - INFO - Connection to 91.108.56.191:443/TcpFull complete!
2026-06-05 11:24:23,410 - src.adapters.telegram.client - INFO - Sesi Telegram berhasil dimulai.
2026-06-05 11:24:23,436 - main - INFO - Otorisasi sukses. Berjalan menggunakan akun: Beny  (@benysutanto)
2026-06-05 11:24:23,437 - main - INFO - Mulai mendengarkan pesan dari 2 grup sumber...
2026-06-05 11:24:23,437 - main - INFO - Sinyal yang valid akan diteruskan ke 2 target.
2026-06-05 11:24:23,437 - src.adapters.telegram.client - INFO - Aplikasi sedang mendengarkan pesan (listening)... Tekan Ctrl+C untuk keluar.
2026-06-05 11:24:23,437 - main - INFO - Memulai background task pemantau file konfigurasi (Hot Reload)...
2026-06-05 11:26:11,069 - src.adapters.telegram.client - INFO - 📥 [PESAN MASUK] Chat ID: 375461315 | Teks: test...
2026-06-05 11:26:11,070 - src.core.use_cases.monitor_groups - INFO - Pesan di chat 375461315'
2026-06-05 11:26:31,067 - src.adapters.telegram.client - INFO - 📥 [PESAN MASUK] Chat ID: 375461315 | Teks: 👑 GOLD BUY NOW 👑  PRICE: 4506 - 4503  TP1 🎖: 4511 TP2 🎖: 451...
2026-06-05 11:26:31,068 - src.core.use_cases.monitor_groups - INFO - Pesan di chat 375461315'
2026-06-05 11:26:31,068 - src.core.use_cases.monitor_groups - INFO - Mendeteksi pesan sinyal potensial di chat 375461315...
2026-06-05 11:26:31,069 - src.core.use_cases.monitor_groups - INFO - Sinyal trading GOLD BUY berhasil diparsing.
2026-06-05 11:26:31,069 - src.core.use_cases.forward_signal - INFO - Mengirim sinyal terformat ke 2 target...
2026-06-05 11:26:31,069 - src.core.use_cases.forward_signal - INFO - Mengirim sinyal ke target: 'benysutanto' (Chat ID: 375461315)
2026-06-05 11:26:31,069 - src.adapters.telegram.client - INFO - Mengirim pesan ke chat_id: 375461315
2026-06-05 11:26:31,121 - src.core.use_cases.forward_signal - INFO - Mengirim sinyal ke target: 'Indra_Sitorus' (Chat ID: 192453686)
2026-06-05 11:26:31,122 - src.adapters.telegram.client - INFO - Mengirim pesan ke chat_id: 192453686
2026-06-05 11:27:31,717 - src.adapters.telegram.client - INFO - 📥 [PESAN MASUK] Chat ID: 192453686 | Teks: dah bisa ngirim, tapi nunggu dapat ID-nya group circle tga...
2026-06-05 11:27:31,718 - src.core.use_cases.monitor_groups - INFO - Pesan di chat 192453686'
2026-06-05 11:28:23,427 - src.adapters.telegram.client - INFO - 📥 [PESAN MASUK] Chat ID: -1001048910279 | Teks: silahkan hubungi pemilik lokernya. saya hanya bantu share sa...
2026-06-05 11:28:23,428 - src.core.use_cases.monitor_groups - INFO - Pesan di chat -1001048910279'
2026-06-05 11:29:23,438 - src.adapters.telegram.client - INFO - 📥 [PESAN MASUK] Chat ID: -1001048910279 | Teks: #bantushareaja...
2026-06-05 11:29:23,439 - src.core.use_cases.monitor_groups - INFO - Pesan di chat -1001048910279'
2026-06-05 11:29:23,440 - src.adapters.telegram.client - INFO - 📥 [PESAN MASUK] Chat ID: -1001048910279 | Teks: Hiring Position: IT Business Analyst Client: Infrastructure ...
2026-06-05 11:29:23,440 - src.core.use_cases.monitor_groups - INFO - Pesan di chat -1001048910279'
2026-06-05 11:30:46,093 - main - INFO - Memulai aplikasi Telegram Signal Listener & Forwarder...
2026-06-05 11:30:46,095 - main - INFO - Konfigurasi berhasil dimuat.
2026-06-05 11:30:46,095 - src.adapters.telegram.client - INFO - Mendaftarkan handler event pesan baru (Mendengarkan semua chat untuk mempermudah deteksi chat_id)...
2026-06-05 11:30:46,095 - src.adapters.telegram.client - INFO - Memulai sesi Telegram...
2026-06-05 11:30:46,095 - telethon.network.mtprotosender - INFO - Connecting to 91.108.56.191:443/TcpFull...
2026-06-05 11:30:46,115 - telethon.network.mtprotosender - INFO - Connection to 91.108.56.191:443/TcpFull complete!
2026-06-05 11:30:46,333 - src.adapters.telegram.client - INFO - Sesi Telegram berhasil dimulai.
2026-06-05 11:30:46,387 - main - INFO - Otorisasi sukses. Berjalan menggunakan akun: Beny  (@benysutanto)
2026-06-05 11:30:46,387 - main - INFO - Mulai mendengarkan pesan dari 2 grup sumber...
2026-06-05 11:30:46,387 - main - INFO - Sinyal yang valid akan diteruskan ke 2 target.
2026-06-05 11:30:46,388 - src.adapters.telegram.client - INFO - Aplikasi sedang mendengarkan pesan (listening)... Tekan Ctrl+C untuk keluar.
2026-06-05 11:30:46,388 - main - INFO - Memulai background task pemantau file konfigurasi (Hot Reload)...
2026-06-05 11:30:51,761 - main - INFO - Memulai aplikasi Telegram Signal Listener & Forwarder...
2026-06-05 11:30:51,762 - main - INFO - Konfigurasi berhasil dimuat.
2026-06-05 11:30:51,763 - src.adapters.telegram.client - INFO - Mendaftarkan handler event pesan baru (Mendengarkan semua chat untuk mempermudah deteksi chat_id)...
2026-06-05 11:30:51,763 - src.adapters.telegram.client - INFO - Memulai sesi Telegram...
2026-06-05 11:30:51,763 - telethon.network.mtprotosender - INFO - Connecting to 91.108.56.191:443/TcpFull...
2026-06-05 11:30:51,782 - telethon.network.mtprotosender - INFO - Connection to 91.108.56.191:443/TcpFull complete!
2026-06-05 11:30:52,002 - src.adapters.telegram.client - INFO - Sesi Telegram berhasil dimulai.
2026-06-05 11:30:52,054 - main - INFO - Otorisasi sukses. Berjalan menggunakan akun: Beny  (@benysutanto)
2026-06-05 11:30:52,054 - main - INFO - Mulai mendengarkan pesan dari 2 grup sumber...
2026-06-05 11:30:52,054 - main - INFO - Sinyal yang valid akan diteruskan ke 2 target.
2026-06-05 11:30:52,054 - src.adapters.telegram.client - INFO - Aplikasi sedang mendengarkan pesan (listening)... Tekan Ctrl+C untuk keluar.
2026-06-05 11:30:52,054 - main - INFO - Memulai background task pemantau file konfigurasi (Hot Reload)...
2026-06-05 11:30:59,008 - main - INFO - Memulai aplikasi Telegram Signal Listener & Forwarder...
2026-06-05 11:30:59,009 - main - INFO - Konfigurasi berhasil dimuat.
2026-06-05 11:30:59,009 - src.core.use_cases.monitor_groups - INFO - MonitorGroupsUseCase berhasil memperbarui konfigurasi grup sumber secara dinamis.
2026-06-05 11:30:59,009 - src.adapters.telegram.client - INFO - Mendaftarkan handler event pesan baru (Mendengarkan semua chat untuk mempermudah deteksi chat_id)...
2026-06-05 11:30:59,009 - src.adapters.telegram.client - INFO - Memulai sesi Telegram...
2026-06-05 11:30:59,009 - telethon.network.mtprotosender - INFO - Connecting to 91.108.56.191:443/TcpFull...
2026-06-05 11:30:59,029 - telethon.network.mtprotosender - INFO - Connection to 91.108.56.191:443/TcpFull complete!
2026-06-05 11:30:59,205 - src.adapters.telegram.client - INFO - Sesi Telegram berhasil dimulai.
2026-06-05 11:30:59,230 - main - INFO - Otorisasi sukses. Berjalan menggunakan akun: Beny  (@benysutanto)
2026-06-05 11:30:59,230 - main - INFO - Mulai mendengarkan pesan dari 2 grup sumber...
2026-06-05 11:30:59,230 - main - INFO - Sinyal yang valid akan diteruskan ke 2 target.
2026-06-05 11:30:59,230 - src.adapters.telegram.client - INFO - Aplikasi sedang mendengarkan pesan (listening)... Tekan Ctrl+C untuk keluar.
2026-06-05 11:30:59,231 - main - INFO - Memulai background task pemantau file konfigurasi (Hot Reload)...
2026-06-05 11:31:59,437 - src.adapters.telegram.client - INFO - 📥 [PESAN MASUK] Chat ID: -1002049259647 | Nama: 'Diskusi Channel AnTek Saham' | Teks: rasa gorengan kang. ARA mau ARB, naikk lagi mau ARA...
2026-06-05 11:45:27,946 - main - INFO - Memulai aplikasi Telegram Signal Listener & Forwarder...
2026-06-05 11:45:27,948 - main - INFO - Konfigurasi berhasil dimuat.
2026-06-05 11:45:27,950 - src.core.use_cases.monitor_groups - INFO - MonitorGroupsUseCase berhasil memperbarui konfigurasi grup sumber secara dinamis.
2026-06-05 11:45:27,950 - src.adapters.telegram.client - INFO - Mendaftarkan handler event pesan baru (Mendengarkan semua chat untuk mempermudah deteksi chat_id)...
2026-06-05 11:45:27,950 - src.adapters.telegram.client - INFO - Memulai sesi Telegram...
2026-06-05 11:45:27,950 - telethon.network.mtprotosender - INFO - Connecting to 91.108.56.191:443/TcpFull...
2026-06-05 11:45:27,969 - telethon.network.mtprotosender - INFO - Connection to 91.108.56.191:443/TcpFull complete!
2026-06-05 11:45:28,173 - src.adapters.telegram.client - INFO - Sesi Telegram berhasil dimulai.
2026-06-05 11:45:28,202 - main - INFO - Otorisasi sukses. Berjalan menggunakan akun: Beny  (@benysutanto)
2026-06-05 11:45:28,202 - main - INFO - Mulai mendengarkan pesan dari 2 grup sumber...
2026-06-05 11:45:28,202 - main - INFO - Sinyal yang valid akan diteruskan ke 2 target.
2026-06-05 11:45:28,202 - src.adapters.telegram.client - INFO - Aplikasi sedang mendengarkan pesan (listening)... Tekan Ctrl+C untuk keluar.
2026-06-05 11:45:28,202 - main - INFO - Memulai background task pemantau file konfigurasi (Hot Reload)...
2026-06-05 11:46:42,995 - main - INFO - Memulai aplikasi Telegram Signal Listener & Forwarder...
2026-06-05 11:46:42,997 - main - INFO - Konfigurasi berhasil dimuat.
2026-06-05 11:46:42,997 - src.core.use_cases.monitor_groups - INFO - MonitorGroupsUseCase berhasil memperbarui konfigurasi grup sumber secara dinamis.
2026-06-05 11:46:42,997 - src.adapters.telegram.client - INFO - Mendaftarkan handler event pesan baru (Mendengarkan semua chat untuk mempermudah deteksi chat_id)...
2026-06-05 11:46:42,997 - src.adapters.telegram.client - INFO - Memulai sesi Telegram...
2026-06-05 11:46:42,997 - telethon.network.mtprotosender - INFO - Connecting to 91.108.56.191:443/TcpFull...
2026-06-05 11:46:43,018 - telethon.network.mtprotosender - INFO - Connection to 91.108.56.191:443/TcpFull complete!
2026-06-05 11:46:43,208 - src.adapters.telegram.client - INFO - Sesi Telegram berhasil dimulai.
2026-06-05 11:46:43,237 - main - INFO - Otorisasi sukses. Berjalan menggunakan akun: Beny  (@benysutanto)
2026-06-05 11:46:43,237 - main - INFO - Mulai mendengarkan pesan dari 2 grup sumber...
2026-06-05 11:46:43,237 - main - INFO - Sinyal yang valid akan diteruskan ke 2 target.
2026-06-05 11:46:43,237 - src.adapters.telegram.client - INFO - Aplikasi sedang mendengarkan pesan (listening)... Tekan Ctrl+C untuk keluar.
2026-06-05 11:46:43,237 - main - INFO - Memulai background task pemantau file konfigurasi (Hot Reload)...
2026-06-05 11:47:43,475 - src.adapters.telegram.client - INFO - 📥 [PESAN MASUK] Chat ID: -1001048910279 | Nama: 'Lowongan Kerja IT' | Teks: ga ada lowongannya mas pas di scan...
2026-06-05 11:57:43,305 - src.adapters.telegram.client - INFO - 📥 [PESAN MASUK] Chat ID: -1001048910279 | Nama: 'Lowongan Kerja IT' | Teks: Hallo semua, saya mau minta tolong bantu close test Google p...
2026-06-05 12:02:43,265 - telethon.client.updates - INFO - Got difference for channel 1048910279 updates
2026-06-05 12:02:50,538 - src.adapters.telegram.client - INFO - 📥 [PESAN MASUK] Chat ID: -1001189544175 | Nama: 'Quds News Network' | Teks: At dawn today, one woman was killed and 16 others were injur...
2026-06-05 12:08:43,361 - src.adapters.telegram.client - INFO - 📥 [PESAN MASUK] Chat ID: -1001048910279 | Nama: 'Lowongan Kerja IT' | Teks: BINAR - Technology Leadership Hiring We’re opening multiple ...
2026-06-05 12:27:43,454 - src.adapters.telegram.client - INFO - 📥 [PESAN MASUK] Chat ID: -1001189544175 | Nama: 'Quds News Network' | Teks: Breaking | Israeli warplanes carry out an airstrike on the t...
2026-06-05 12:30:43,493 - src.adapters.telegram.client - INFO - 📥 [PESAN MASUK] Chat ID: -1001048910279 | Nama: 'Lowongan Kerja IT' | Teks: Kalau mau masarkan diri dengan jelaskan kemampuan dan pengal...
2026-06-05 12:33:19,065 - src.adapters.telegram.client - INFO - 📥 [PESAN MASUK] Chat ID: 192453686 | Nama: 'Indra_Sitorus' | Teks: Ok2 makasih om Ben...
2026-06-05 12:38:44,038 - telethon.client.updates - INFO - Got difference for channel 1048910279 updates
2026-06-05 12:38:44,040 - src.adapters.telegram.client - INFO - 📥 [PESAN MASUK] Chat ID: -1001048910279 | Nama: 'Lowongan Kerja IT' | Teks: Di CV biasanya menjelaskan secara detail kemampuan dan penga...
2026-06-05 12:38:44,040 - src.adapters.telegram.client - INFO - 📥 [PESAN MASUK] Chat ID: -1001048910279 | Nama: 'Lowongan Kerja IT' | Teks: (9 + 4) @PaulWujon4310, please, send the solution to the ari...
2026-06-05 12:38:44,040 - src.adapters.telegram.client - INFO - 📥 [PESAN MASUK] Chat ID: -1001048910279 | Nama: 'Lowongan Kerja IT' | Teks: Untuk detail silahkan hubungi pemilik.  Saya hanya bantu sha...
2026-06-05 12:39:43,511 - src.adapters.telegram.client - INFO - 📥 [PESAN MASUK] Chat ID: -1001189544175 | Nama: 'Quds News Network' | Teks: A child overcome by exhaustion falls asleep while waiting to...
2026-06-05 12:45:44,074 - telethon.client.updates - INFO - Got difference for channel 1048910279 updates
2026-06-05 12:45:44,075 - src.adapters.telegram.client - INFO - 📥 [PESAN MASUK] Chat ID: -1001048910279 | Nama: 'Lowongan Kerja IT' | Teks: (9 + 6) The first, please, send the solution to the arithmet...
2026-06-05 12:46:43,432 - telethon.client.updates - INFO - Got difference for account updates
2026-06-05 12:46:43,434 - src.adapters.telegram.client - INFO - 📥 [PESAN MASUK] Chat ID: -1001508335079 | Nama: 'MENEMBUS BATAS' | Teks: *Viralkan Se INDONESIA RAYA*  #selamatkan_ Indonesia  *Luar ...
2026-06-05 12:46:43,463 - telethon.client.updates - INFO - Got difference for channel 1048910279 updates
2026-06-05 12:46:43,500 - telethon.client.updates - INFO - Got difference for channel 1189544175 updates
2026-06-05 12:46:43,501 - src.adapters.telegram.client - INFO - 📥 [PESAN MASUK] Chat ID: -1001189544175 | Nama: 'Quds News Network' | Teks: During a friendly Albania–Israel match, sections of the Alba...
2026-06-05 12:54:43,599 - src.adapters.telegram.client - INFO - 📥 [PESAN MASUK] Chat ID: -1001048910279 | Nama: 'Lowongan Kerja IT' | Teks: (8 + 9) @zckyp, please, send the solution to the arithmetic ...
2026-06-05 13:00:25,610 - src.adapters.telegram.client - INFO - 📥 [PESAN MASUK] Chat ID: 192453686 | Nama: 'Indra_Sitorus' | Teks: wah kali ini lama WD-nya...
2026-06-05 13:01:55,946 - src.adapters.telegram.client - INFO - 📥 [PESAN MASUK] Chat ID: 192453686 | Nama: 'Indra_Sitorus' | Teks: Aku barusan buy dan sell dapat 2 nya...
2026-06-05 13:02:04,115 - src.adapters.telegram.client - INFO - 📥 [PESAN MASUK] Chat ID: 192453686 | Nama: 'Indra_Sitorus' | Teks: mantap bang...
2026-06-05 13:02:24,338 - src.adapters.telegram.client - INFO - 📥 [PESAN MASUK] Chat ID: 192453686 | Nama: 'Indra_Sitorus' | Teks: FVGnya bisa dipercaya,...
2026-06-05 13:03:36,123 - src.adapters.telegram.client - INFO - 📥 [PESAN MASUK] Chat ID: 192453686 | Nama: 'Indra_Sitorus' | Teks: Sekarang nungguin si ARis 😄...
2026-06-05 13:03:42,053 - src.adapters.telegram.client - INFO - 📥 [PESAN MASUK] Chat ID: 192453686 | Nama: 'Indra_Sitorus' | Teks: Dah cukup deg2annya...
2026-06-05 13:04:04,254 - src.adapters.telegram.client - INFO - 📥 [PESAN MASUK] Chat ID: 192453686 | Nama: 'Indra_Sitorus' | Teks: kayaknya malam aja dia nih...
2026-06-05 13:04:55,066 - src.adapters.telegram.client - INFO - 📥 [PESAN MASUK] Chat ID: 192453686 | Nama: 'Indra_Sitorus' | Teks: Kok bisa?...
2026-06-05 13:05:06,360 - src.adapters.telegram.client - INFO - 📥 [PESAN MASUK] Chat ID: 192453686 | Nama: 'Indra_Sitorus' | Teks: Bukannya jam segini dia mainnya...
2026-06-05 13:05:43,639 - src.adapters.telegram.client - INFO - 📥 [PESAN MASUK] Chat ID: -1001189544175 | Nama: 'Quds News Network' | Teks: Israeli settlers are stealing agricultural crops belonging t...
2026-06-05 13:05:58,493 - src.adapters.telegram.client - INFO - 📥 [PESAN MASUK] Chat ID: 192453686 | Nama: 'Indra_Sitorus' | Teks: Nunggu NFP...
2026-06-05 13:07:36,953 - src.adapters.telegram.client - INFO - 📥 [PESAN MASUK] Chat ID: 192453686 | Nama: 'Indra_Sitorus' | Teks: jd bener, dia depo-nya di 500 minimal...
2026-06-05 13:07:57,829 - src.adapters.telegram.client - INFO - 📥 [PESAN MASUK] Chat ID: 192453686 | Nama: 'Indra_Sitorus' | Teks: Biar bisa dpt segitu ya...
2026-06-05 13:08:05,606 - src.adapters.telegram.client - INFO - 📥 [PESAN MASUK] Chat ID: 192453686 | Nama: 'Indra_Sitorus' | Teks: Dia cerita?...
2026-06-05 13:08:18,494 - src.adapters.telegram.client - INFO - 📥 [PESAN MASUK] Chat ID: 192453686 | Nama: 'Indra_Sitorus' | Teks: Kok bisa...
2026-06-05 13:08:23,012 - src.adapters.telegram.client - INFO - 📥 [PESAN MASUK] Chat ID: 192453686 | Nama: 'Indra_Sitorus' | Teks: itu di videonya bang...
2026-06-05 13:08:31,817 - src.adapters.telegram.client - INFO - 📥 [PESAN MASUK] Chat ID: 192453686 | Nama: 'Indra_Sitorus' | Teks: lah...
2026-06-05 13:08:32,516 - src.adapters.telegram.client - INFO - 📥 [PESAN MASUK] Chat ID: 192453686 | Nama: 'Indra_Sitorus' | Teks: gak tahu nih...
2026-06-05 13:09:02,379 - src.adapters.telegram.client - INFO - 📥 [PESAN MASUK] Chat ID: 192453686 | Nama: 'Indra_Sitorus' | Teks: gw udah upload ulang, tapi masih pending ED-nya...
2026-06-05 13:09:04,097 - src.adapters.telegram.client - INFO - 📥 [PESAN MASUK] Chat ID: 192453686 | Nama: 'Indra_Sitorus' | Teks: WD...
2026-06-05 13:09:16,260 - src.adapters.telegram.client - INFO - 📥 [PESAN MASUK] Chat ID: 192453686 | Nama: 'Indra_Sitorus' | Teks: Your withdrawal request could not be processed due to an iss...
2026-06-05 13:14:23,092 - src.adapters.telegram.client - INFO - 📥 [PESAN MASUK] Chat ID: 192453686 | Nama: 'Indra_Sitorus' | Teks: Ada yg tglnya kelewat nak?...
2026-06-05 13:17:43,715 - src.adapters.telegram.client - INFO - 📥 [PESAN MASUK] Chat ID: -1001189544175 | Nama: 'Quds News Network' | Teks: Israeli settlers block the road leading to the Al-Jalatiya a...
2026-06-05 13:19:30,659 - src.adapters.telegram.client - INFO - 📥 [PESAN MASUK] Chat ID: 192453686 | Nama: 'Indra_Sitorus' | Teks: gak ada bang...
2026-06-05 13:20:42,269 - main - INFO - Memulai aplikasi Telegram Signal Listener & Forwarder...
2026-06-05 13:20:42,271 - main - INFO - Konfigurasi berhasil dimuat.
2026-06-05 13:20:42,271 - src.core.use_cases.monitor_groups - INFO - MonitorGroupsUseCase berhasil memperbarui konfigurasi grup sumber secara dinamis.
2026-06-05 13:20:42,271 - src.adapters.telegram.client - INFO - Mendaftarkan handler event pesan baru (Mendengarkan semua chat untuk mempermudah deteksi chat_id)...
2026-06-05 13:20:42,271 - src.adapters.telegram.client - INFO - Memulai sesi Telegram...
2026-06-05 13:20:42,271 - telethon.network.mtprotosender - INFO - Connecting to 91.108.56.191:443/TcpFull...
2026-06-05 13:20:42,297 - telethon.network.mtprotosender - INFO - Connection to 91.108.56.191:443/TcpFull complete!
2026-06-05 13:20:42,468 - src.adapters.telegram.client - INFO - Sesi Telegram berhasil dimulai.
2026-06-05 13:20:42,494 - main - INFO - Otorisasi sukses. Berjalan menggunakan akun: Beny  (@benysutanto)
2026-06-05 13:20:42,495 - main - INFO - Mulai mendengarkan pesan dari 2 grup sumber...
2026-06-05 13:20:42,495 - main - INFO - Sinyal yang valid akan diteruskan ke 2 target.
2026-06-05 13:20:42,495 - src.adapters.telegram.client - INFO - Aplikasi sedang mendengarkan pesan (listening)... Tekan Ctrl+C untuk keluar.
2026-06-05 13:20:42,495 - main - INFO - Memulai background task pemantau file konfigurasi (Hot Reload)...
2026-06-05 13:22:52,276 - main - INFO - Memulai aplikasi Telegram Signal Listener & Forwarder...
2026-06-05 13:22:52,278 - main - CRITICAL - Gagal memuat konfigurasi: Error: Validasi konfigurasi gagal:
1 validation error for AppConfig
targets.1.chat_id
  Input should be a valid integer [type=int_type, input_value=None, input_type=NoneType]
    For further information visit https://errors.pydantic.dev/2.13/v/int_type
2026-06-05 13:23:00,760 - main - INFO - Memulai aplikasi Telegram Signal Listener & Forwarder...
2026-06-05 13:23:00,762 - main - CRITICAL - Gagal memuat konfigurasi: Error: Validasi konfigurasi gagal:
1 validation error for AppConfig
targets.1.chat_id
  Input should be a valid integer, unable to parse string as an integer [type=int_parsing, input_value='', input_type=str]
    For further information visit https://errors.pydantic.dev/2.13/v/int_parsing
2026-06-05 13:23:16,144 - main - INFO - Memulai aplikasi Telegram Signal Listener & Forwarder...
2026-06-05 13:23:16,147 - main - CRITICAL - Gagal memuat konfigurasi: Error: Validasi konfigurasi gagal:
1 validation error for AppConfig
targets.1.chat_id
  Field required [type=missing, input_value={'name': 'Indra_Sitorus'}, input_type=dict]
    For further information visit https://errors.pydantic.dev/2.13/v/missing
2026-06-05 13:23:19,819 - main - INFO - Memulai aplikasi Telegram Signal Listener & Forwarder...
2026-06-05 13:23:19,820 - main - INFO - Konfigurasi berhasil dimuat.
2026-06-05 13:23:19,825 - src.core.use_cases.monitor_groups - INFO - MonitorGroupsUseCase berhasil memperbarui konfigurasi grup sumber secara dinamis.
2026-06-05 13:23:19,825 - src.adapters.telegram.client - INFO - Mendaftarkan handler event pesan baru (Mendengarkan semua chat untuk mempermudah deteksi chat_id)...
2026-06-05 13:23:19,825 - src.adapters.telegram.client - INFO - Memulai sesi Telegram...
2026-06-05 13:23:19,825 - telethon.network.mtprotosender - INFO - Connecting to 91.108.56.191:443/TcpFull...
2026-06-05 13:23:19,846 - telethon.network.mtprotosender - INFO - Connection to 91.108.56.191:443/TcpFull complete!
2026-06-05 13:23:20,040 - src.adapters.telegram.client - INFO - Sesi Telegram berhasil dimulai.
2026-06-05 13:23:20,069 - main - INFO - Otorisasi sukses. Berjalan menggunakan akun: Beny  (@benysutanto)
2026-06-05 13:23:20,069 - main - INFO - Mulai mendengarkan pesan dari 2 grup sumber...
2026-06-05 13:23:20,069 - main - INFO - Sinyal yang valid akan diteruskan ke 2 target.
2026-06-05 13:23:20,069 - src.adapters.telegram.client - INFO - Aplikasi sedang mendengarkan pesan (listening)... Tekan Ctrl+C untuk keluar.
2026-06-05 13:23:20,069 - main - INFO - Memulai background task pemantau file konfigurasi (Hot Reload)...
2026-06-05 13:23:22,342 - src.adapters.telegram.client - INFO - 📥 [PESAN MASUK] Chat ID: 192453686 | Nama: 'Indra_Sitorus' | Teks: Kok aneh ya...
2026-06-05 13:23:44,819 - main - INFO - Memulai aplikasi Telegram Signal Listener & Forwarder...
2026-06-05 13:23:44,820 - main - INFO - Konfigurasi berhasil dimuat.
2026-06-05 13:23:44,820 - src.core.use_cases.monitor_groups - INFO - MonitorGroupsUseCase berhasil memperbarui konfigurasi grup sumber secara dinamis.
2026-06-05 13:23:44,820 - src.adapters.telegram.client - INFO - Mendaftarkan handler event pesan baru (Mendengarkan semua chat untuk mempermudah deteksi chat_id)...
2026-06-05 13:23:44,820 - src.adapters.telegram.client - INFO - Memulai sesi Telegram...
2026-06-05 13:23:44,820 - telethon.network.mtprotosender - INFO - Connecting to 91.108.56.191:443/TcpFull...
2026-06-05 13:23:44,843 - telethon.network.mtprotosender - INFO - Connection to 91.108.56.191:443/TcpFull complete!
2026-06-05 13:23:45,219 - src.adapters.telegram.client - INFO - Sesi Telegram berhasil dimulai.
2026-06-05 13:23:45,249 - main - INFO - Otorisasi sukses. Berjalan menggunakan akun: Beny  (@benysutanto)
2026-06-05 13:23:45,249 - main - INFO - Mulai mendengarkan pesan dari 2 grup sumber...
2026-06-05 13:23:45,249 - main - INFO - Sinyal yang valid akan diteruskan ke 2 target.
2026-06-05 13:23:45,249 - src.adapters.telegram.client - INFO - Aplikasi sedang mendengarkan pesan (listening)... Tekan Ctrl+C untuk keluar.
2026-06-05 13:23:45,249 - main - INFO - Memulai background task pemantau file konfigurasi (Hot Reload)...
2026-06-05 13:25:01,219 - main - INFO - Memulai aplikasi Telegram Signal Listener & Forwarder...
2026-06-05 13:25:01,221 - main - INFO - Konfigurasi berhasil dimuat.
2026-06-05 13:25:01,221 - src.core.use_cases.monitor_groups - INFO - MonitorGroupsUseCase berhasil memperbarui konfigurasi grup sumber secara dinamis.
2026-06-05 13:25:01,221 - src.adapters.telegram.client - INFO - Mendaftarkan handler event pesan baru (Mendengarkan semua chat untuk mempermudah deteksi chat_id)...
2026-06-05 13:25:01,221 - src.adapters.telegram.client - INFO - Memulai sesi Telegram...
2026-06-05 13:25:01,221 - telethon.network.mtprotosender - INFO - Connecting to 91.108.56.191:443/TcpFull...
2026-06-05 13:25:01,241 - telethon.network.mtprotosender - INFO - Connection to 91.108.56.191:443/TcpFull complete!
2026-06-05 13:25:01,415 - src.adapters.telegram.client - INFO - Sesi Telegram berhasil dimulai.
2026-06-05 13:25:01,446 - main - INFO - Otorisasi sukses. Berjalan menggunakan akun: Beny  (@benysutanto)
2026-06-05 13:25:01,446 - main - INFO - Mulai mendengarkan pesan dari 2 grup sumber...
2026-06-05 13:25:01,446 - main - INFO - Sinyal yang valid akan diteruskan ke 2 target.
2026-06-05 13:25:01,446 - src.adapters.telegram.client - INFO - Aplikasi sedang mendengarkan pesan (listening)... Tekan Ctrl+C untuk keluar.
2026-06-05 13:25:01,446 - main - INFO - Memulai background task pemantau file konfigurasi (Hot Reload)...
2026-06-05 13:25:40,406 - src.adapters.telegram.client - INFO - 📥 [PESAN MASUK] Chat ID: 192453686 | Nama: 'Indra_Sitorus' | Teks: wih cakep naiknya yah, 100PIPS ada...
2026-06-05 13:25:50,368 - src.adapters.telegram.client - INFO - 📥 [PESAN MASUK] Chat ID: 192453686 | Nama: 'Indra_Sitorus' | Teks: gw gak sempat masuk, jemput anak dulu tadi...
2026-06-05 13:27:09,725 - main - INFO - Memulai aplikasi Telegram Signal Listener & Forwarder...
2026-06-05 13:27:09,726 - main - INFO - Konfigurasi berhasil dimuat.
2026-06-05 13:27:09,727 - src.core.use_cases.monitor_groups - INFO - MonitorGroupsUseCase berhasil memperbarui konfigurasi grup sumber secara dinamis.
2026-06-05 13:27:09,727 - src.adapters.telegram.client - INFO - Mendaftarkan handler event pesan baru (Mendengarkan semua chat untuk mempermudah deteksi chat_id)...
2026-06-05 13:27:09,727 - src.adapters.telegram.client - INFO - Memulai sesi Telegram...
2026-06-05 13:27:09,727 - telethon.network.mtprotosender - INFO - Connecting to 91.108.56.191:443/TcpFull...
2026-06-05 13:27:09,746 - telethon.network.mtprotosender - INFO - Connection to 91.108.56.191:443/TcpFull complete!
2026-06-05 13:27:09,919 - src.adapters.telegram.client - INFO - Sesi Telegram berhasil dimulai.
2026-06-05 13:27:09,947 - main - INFO - Otorisasi sukses. Berjalan menggunakan akun: Beny  (@benysutanto)
2026-06-05 13:27:09,947 - main - INFO - Mulai mendengarkan pesan dari 2 grup sumber...
2026-06-05 13:27:09,947 - main - INFO - Sinyal yang valid akan diteruskan ke 2 target.
2026-06-05 13:27:09,947 - src.adapters.telegram.client - INFO - Aplikasi sedang mendengarkan pesan (listening)... Tekan Ctrl+C untuk keluar.
2026-06-05 13:27:09,948 - main - INFO - Memulai background task pemantau file konfigurasi (Hot Reload)...
2026-06-05 13:28:25,252 - main - INFO - Memulai aplikasi Telegram Signal Listener & Forwarder...
2026-06-05 13:28:25,254 - main - INFO - Konfigurasi berhasil dimuat.
2026-06-05 13:28:25,254 - src.core.use_cases.monitor_groups - INFO - MonitorGroupsUseCase berhasil memperbarui konfigurasi grup sumber secara dinamis.
2026-06-05 13:28:25,254 - src.adapters.telegram.client - INFO - Mendaftarkan handler event pesan baru (Mendengarkan semua chat untuk mempermudah deteksi chat_id)...
2026-06-05 13:28:25,254 - src.adapters.telegram.client - INFO - Memulai sesi Telegram...
2026-06-05 13:28:25,254 - telethon.network.mtprotosender - INFO - Connecting to 91.108.56.191:443/TcpFull...
2026-06-05 13:28:25,274 - telethon.network.mtprotosender - INFO - Connection to 91.108.56.191:443/TcpFull complete!
2026-06-05 13:28:25,466 - src.adapters.telegram.client - INFO - Sesi Telegram berhasil dimulai.
2026-06-05 13:28:25,493 - main - INFO - Otorisasi sukses. Berjalan menggunakan akun: Beny  (@benysutanto)
2026-06-05 13:28:25,493 - main - INFO - Mulai mendengarkan pesan dari 2 grup sumber...
2026-06-05 13:28:25,494 - main - INFO - Sinyal yang valid akan diteruskan ke 2 target.
2026-06-05 13:28:25,494 - src.adapters.telegram.client - INFO - Aplikasi sedang mendengarkan pesan (listening)... Tekan Ctrl+C untuk keluar.
2026-06-05 13:28:25,495 - main - INFO - Memulai background task pemantau file konfigurasi (Hot Reload)...
2026-06-05 13:29:07,779 - main - INFO - Memulai aplikasi Telegram Signal Listener & Forwarder...
2026-06-05 13:29:07,781 - main - INFO - Konfigurasi berhasil dimuat.
2026-06-05 13:29:07,781 - src.core.use_cases.monitor_groups - INFO - MonitorGroupsUseCase berhasil memperbarui konfigurasi grup sumber secara dinamis.
2026-06-05 13:29:07,781 - src.adapters.telegram.client - INFO - Mendaftarkan handler event pesan baru (Mendengarkan semua chat untuk mempermudah deteksi chat_id)...
2026-06-05 13:29:07,781 - src.adapters.telegram.client - INFO - Memulai sesi Telegram...
2026-06-05 13:29:07,781 - telethon.network.mtprotosender - INFO - Connecting to 91.108.56.191:443/TcpFull...
2026-06-05 13:29:07,801 - telethon.network.mtprotosender - INFO - Connection to 91.108.56.191:443/TcpFull complete!
2026-06-05 13:29:07,982 - src.adapters.telegram.client - INFO - Sesi Telegram berhasil dimulai.
2026-06-05 13:29:08,013 - main - INFO - Otorisasi sukses. Berjalan menggunakan akun: Beny  (@benysutanto)
2026-06-05 13:29:08,013 - main - INFO - Mulai mendengarkan pesan dari 2 grup sumber...
2026-06-05 13:29:08,013 - main - INFO - Sinyal yang valid akan diteruskan ke 2 target.
2026-06-05 13:29:08,013 - src.adapters.telegram.client - INFO - Aplikasi sedang mendengarkan pesan (listening)... Tekan Ctrl+C untuk keluar.
2026-06-05 13:29:08,013 - main - INFO - Memulai background task pemantau file konfigurasi (Hot Reload)...
2026-06-05 13:29:28,374 - main - INFO - Memulai aplikasi Telegram Signal Listener & Forwarder...
2026-06-05 13:29:28,375 - main - INFO - Konfigurasi berhasil dimuat.
2026-06-05 13:29:28,376 - src.core.use_cases.monitor_groups - INFO - MonitorGroupsUseCase berhasil memperbarui konfigurasi grup sumber secara dinamis.
2026-06-05 13:29:28,376 - src.adapters.telegram.client - INFO - Mendaftarkan handler event pesan baru (Mendengarkan semua chat untuk mempermudah deteksi chat_id)...
2026-06-05 13:29:28,376 - src.adapters.telegram.client - INFO - Memulai sesi Telegram...
2026-06-05 13:29:28,376 - telethon.network.mtprotosender - INFO - Connecting to 91.108.56.191:443/TcpFull...
2026-06-05 13:29:28,396 - telethon.network.mtprotosender - INFO - Connection to 91.108.56.191:443/TcpFull complete!
2026-06-05 13:29:28,581 - src.adapters.telegram.client - INFO - Sesi Telegram berhasil dimulai.
2026-06-05 13:29:28,610 - main - INFO - Otorisasi sukses. Berjalan menggunakan akun: Beny  (@benysutanto)
2026-06-05 13:29:28,611 - main - INFO - Mulai mendengarkan pesan dari 2 grup sumber...
2026-06-05 13:29:28,611 - main - INFO - Sinyal yang valid akan diteruskan ke 2 target.
2026-06-05 13:29:28,611 - src.adapters.telegram.client - INFO - Aplikasi sedang mendengarkan pesan (listening)... Tekan Ctrl+C untuk keluar.
2026-06-05 13:29:28,611 - main - INFO - Memulai background task pemantau file konfigurasi (Hot Reload)...
2026-06-05 13:29:48,191 - asyncio - ERROR - Task exception was never retrieved
future: <Task finished name='Task-12' coro=<UpdateMethods._dispatch_update() done, defined at /Users/benysutanto/Documents/Works/Personal/telinMerial/.venv/lib/python3.13/site-packages/telethon/client/updates.py:556> exception=TypeError('Cannot cast NoneType to any kind of Peer.')>
Traceback (most recent call last):
  File "/Users/benysutanto/Documents/Works/Personal/telinMerial/.venv/lib/python3.13/site-packages/telethon/client/updates.py", line 596, in _dispatch_update
    await builder.resolve(self)
  File "/Users/benysutanto/Documents/Works/Personal/telinMerial/.venv/lib/python3.13/site-packages/telethon/events/common.py", line 99, in resolve
    await self._resolve(client)
  File "/Users/benysutanto/Documents/Works/Personal/telinMerial/.venv/lib/python3.13/site-packages/telethon/events/newmessage.py", line 93, in _resolve
    await super()._resolve(client)
  File "/Users/benysutanto/Documents/Works/Personal/telinMerial/.venv/lib/python3.13/site-packages/telethon/events/common.py", line 103, in _resolve
    self.chats = await _into_id_set(client, self.chats)
                 ^^^^^^^^^^^^^^^^^^^^^^^^^^^^^^^^^^^^^^
  File "/Users/benysutanto/Documents/Works/Personal/telinMerial/.venv/lib/python3.13/site-packages/telethon/events/common.py", line 33, in _into_id_set
    chat = await client.get_input_entity(chat)
           ^^^^^^^^^^^^^^^^^^^^^^^^^^^^^^^^^^^
  File "/Users/benysutanto/Documents/Works/Personal/telinMerial/.venv/lib/python3.13/site-packages/telethon/client/users.py", line 452, in get_input_entity
    peer = utils.get_peer(peer)
  File "/Users/benysutanto/Documents/Works/Personal/telinMerial/.venv/lib/python3.13/site-packages/telethon/utils.py", line 1002, in get_peer
    _raise_cast_fail(peer, 'Peer')
    ~~~~~~~~~~~~~~~~^^^^^^^^^^^^^^
  File "/Users/benysutanto/Documents/Works/Personal/telinMerial/.venv/lib/python3.13/site-packages/telethon/utils.py", line 133, in _raise_cast_fail
    raise TypeError('Cannot cast {} to any kind of {}.'.format(
        type(entity).__name__, target))
TypeError: Cannot cast NoneType to any kind of Peer.
2026-06-05 13:29:57,038 - asyncio - ERROR - Task exception was never retrieved
future: <Task finished name='Task-21' coro=<UpdateMethods._dispatch_update() done, defined at /Users/benysutanto/Documents/Works/Personal/telinMerial/.venv/lib/python3.13/site-packages/telethon/client/updates.py:556> exception=TypeError('Cannot cast NoneType to any kind of Peer.')>
Traceback (most recent call last):
  File "/Users/benysutanto/Documents/Works/Personal/telinMerial/.venv/lib/python3.13/site-packages/telethon/client/updates.py", line 596, in _dispatch_update
    await builder.resolve(self)
  File "/Users/benysutanto/Documents/Works/Personal/telinMerial/.venv/lib/python3.13/site-packages/telethon/events/common.py", line 99, in resolve
    await self._resolve(client)
  File "/Users/benysutanto/Documents/Works/Personal/telinMerial/.venv/lib/python3.13/site-packages/telethon/events/newmessage.py", line 93, in _resolve
    await super()._resolve(client)
  File "/Users/benysutanto/Documents/Works/Personal/telinMerial/.venv/lib/python3.13/site-packages/telethon/events/common.py", line 103, in _resolve
    self.chats = await _into_id_set(client, self.chats)
                 ^^^^^^^^^^^^^^^^^^^^^^^^^^^^^^^^^^^^^^
  File "/Users/benysutanto/Documents/Works/Personal/telinMerial/.venv/lib/python3.13/site-packages/telethon/events/common.py", line 33, in _into_id_set
    chat = await client.get_input_entity(chat)
           ^^^^^^^^^^^^^^^^^^^^^^^^^^^^^^^^^^^
  File "/Users/benysutanto/Documents/Works/Personal/telinMerial/.venv/lib/python3.13/site-packages/telethon/client/users.py", line 452, in get_input_entity
    peer = utils.get_peer(peer)
  File "/Users/benysutanto/Documents/Works/Personal/telinMerial/.venv/lib/python3.13/site-packages/telethon/utils.py", line 1002, in get_peer
    _raise_cast_fail(peer, 'Peer')
    ~~~~~~~~~~~~~~~~^^^^^^^^^^^^^^
  File "/Users/benysutanto/Documents/Works/Personal/telinMerial/.venv/lib/python3.13/site-packages/telethon/utils.py", line 133, in _raise_cast_fail
    raise TypeError('Cannot cast {} to any kind of {}.'.format(
        type(entity).__name__, target))
TypeError: Cannot cast NoneType to any kind of Peer.
2026-06-05 13:30:04,105 - asyncio - ERROR - Task exception was never retrieved
future: <Task finished name='Task-29' coro=<UpdateMethods._dispatch_update() done, defined at /Users/benysutanto/Documents/Works/Personal/telinMerial/.venv/lib/python3.13/site-packages/telethon/client/updates.py:556> exception=TypeError('Cannot cast NoneType to any kind of Peer.')>
Traceback (most recent call last):
  File "/Users/benysutanto/Documents/Works/Personal/telinMerial/.venv/lib/python3.13/site-packages/telethon/client/updates.py", line 596, in _dispatch_update
    await builder.resolve(self)
  File "/Users/benysutanto/Documents/Works/Personal/telinMerial/.venv/lib/python3.13/site-packages/telethon/events/common.py", line 99, in resolve
    await self._resolve(client)
  File "/Users/benysutanto/Documents/Works/Personal/telinMerial/.venv/lib/python3.13/site-packages/telethon/events/newmessage.py", line 93, in _resolve
    await super()._resolve(client)
  File "/Users/benysutanto/Documents/Works/Personal/telinMerial/.venv/lib/python3.13/site-packages/telethon/events/common.py", line 103, in _resolve
    self.chats = await _into_id_set(client, self.chats)
                 ^^^^^^^^^^^^^^^^^^^^^^^^^^^^^^^^^^^^^^
  File "/Users/benysutanto/Documents/Works/Personal/telinMerial/.venv/lib/python3.13/site-packages/telethon/events/common.py", line 33, in _into_id_set
    chat = await client.get_input_entity(chat)
           ^^^^^^^^^^^^^^^^^^^^^^^^^^^^^^^^^^^
  File "/Users/benysutanto/Documents/Works/Personal/telinMerial/.venv/lib/python3.13/site-packages/telethon/client/users.py", line 452, in get_input_entity
    peer = utils.get_peer(peer)
  File "/Users/benysutanto/Documents/Works/Personal/telinMerial/.venv/lib/python3.13/site-packages/telethon/utils.py", line 1002, in get_peer
    _raise_cast_fail(peer, 'Peer')
    ~~~~~~~~~~~~~~~~^^^^^^^^^^^^^^
  File "/Users/benysutanto/Documents/Works/Personal/telinMerial/.venv/lib/python3.13/site-packages/telethon/utils.py", line 133, in _raise_cast_fail
    raise TypeError('Cannot cast {} to any kind of {}.'.format(
        type(entity).__name__, target))
TypeError: Cannot cast NoneType to any kind of Peer.
2026-06-05 13:30:11,730 - asyncio - ERROR - Task exception was never retrieved
future: <Task finished name='Task-35' coro=<UpdateMethods._dispatch_update() done, defined at /Users/benysutanto/Documents/Works/Personal/telinMerial/.venv/lib/python3.13/site-packages/telethon/client/updates.py:556> exception=TypeError('Cannot cast NoneType to any kind of Peer.')>
Traceback (most recent call last):
  File "/Users/benysutanto/Documents/Works/Personal/telinMerial/.venv/lib/python3.13/site-packages/telethon/client/updates.py", line 596, in _dispatch_update
    await builder.resolve(self)
  File "/Users/benysutanto/Documents/Works/Personal/telinMerial/.venv/lib/python3.13/site-packages/telethon/events/common.py", line 99, in resolve
    await self._resolve(client)
  File "/Users/benysutanto/Documents/Works/Personal/telinMerial/.venv/lib/python3.13/site-packages/telethon/events/newmessage.py", line 93, in _resolve
    await super()._resolve(client)
  File "/Users/benysutanto/Documents/Works/Personal/telinMerial/.venv/lib/python3.13/site-packages/telethon/events/common.py", line 103, in _resolve
    self.chats = await _into_id_set(client, self.chats)
                 ^^^^^^^^^^^^^^^^^^^^^^^^^^^^^^^^^^^^^^
  File "/Users/benysutanto/Documents/Works/Personal/telinMerial/.venv/lib/python3.13/site-packages/telethon/events/common.py", line 33, in _into_id_set
    chat = await client.get_input_entity(chat)
           ^^^^^^^^^^^^^^^^^^^^^^^^^^^^^^^^^^^
  File "/Users/benysutanto/Documents/Works/Personal/telinMerial/.venv/lib/python3.13/site-packages/telethon/client/users.py", line 452, in get_input_entity
    peer = utils.get_peer(peer)
  File "/Users/benysutanto/Documents/Works/Personal/telinMerial/.venv/lib/python3.13/site-packages/telethon/utils.py", line 1002, in get_peer
    _raise_cast_fail(peer, 'Peer')
    ~~~~~~~~~~~~~~~~^^^^^^^^^^^^^^
  File "/Users/benysutanto/Documents/Works/Personal/telinMerial/.venv/lib/python3.13/site-packages/telethon/utils.py", line 133, in _raise_cast_fail
    raise TypeError('Cannot cast {} to any kind of {}.'.format(
        type(entity).__name__, target))
TypeError: Cannot cast NoneType to any kind of Peer.
2026-06-05 13:30:20,523 - asyncio - ERROR - Task exception was never retrieved
future: <Task finished name='Task-46' coro=<UpdateMethods._dispatch_update() done, defined at /Users/benysutanto/Documents/Works/Personal/telinMerial/.venv/lib/python3.13/site-packages/telethon/client/updates.py:556> exception=TypeError('Cannot cast NoneType to any kind of Peer.')>
Traceback (most recent call last):
  File "/Users/benysutanto/Documents/Works/Personal/telinMerial/.venv/lib/python3.13/site-packages/telethon/client/updates.py", line 596, in _dispatch_update
    await builder.resolve(self)
  File "/Users/benysutanto/Documents/Works/Personal/telinMerial/.venv/lib/python3.13/site-packages/telethon/events/common.py", line 99, in resolve
    await self._resolve(client)
  File "/Users/benysutanto/Documents/Works/Personal/telinMerial/.venv/lib/python3.13/site-packages/telethon/events/newmessage.py", line 93, in _resolve
    await super()._resolve(client)
  File "/Users/benysutanto/Documents/Works/Personal/telinMerial/.venv/lib/python3.13/site-packages/telethon/events/common.py", line 103, in _resolve
    self.chats = await _into_id_set(client, self.chats)
                 ^^^^^^^^^^^^^^^^^^^^^^^^^^^^^^^^^^^^^^
  File "/Users/benysutanto/Documents/Works/Personal/telinMerial/.venv/lib/python3.13/site-packages/telethon/events/common.py", line 33, in _into_id_set
    chat = await client.get_input_entity(chat)
           ^^^^^^^^^^^^^^^^^^^^^^^^^^^^^^^^^^^
  File "/Users/benysutanto/Documents/Works/Personal/telinMerial/.venv/lib/python3.13/site-packages/telethon/client/users.py", line 452, in get_input_entity
    peer = utils.get_peer(peer)
  File "/Users/benysutanto/Documents/Works/Personal/telinMerial/.venv/lib/python3.13/site-packages/telethon/utils.py", line 1002, in get_peer
    _raise_cast_fail(peer, 'Peer')
    ~~~~~~~~~~~~~~~~^^^^^^^^^^^^^^
  File "/Users/benysutanto/Documents/Works/Personal/telinMerial/.venv/lib/python3.13/site-packages/telethon/utils.py", line 133, in _raise_cast_fail
    raise TypeError('Cannot cast {} to any kind of {}.'.format(
        type(entity).__name__, target))
TypeError: Cannot cast NoneType to any kind of Peer.
2026-06-05 13:30:25,976 - asyncio - ERROR - Task exception was never retrieved
future: <Task finished name='Task-54' coro=<UpdateMethods._dispatch_update() done, defined at /Users/benysutanto/Documents/Works/Personal/telinMerial/.venv/lib/python3.13/site-packages/telethon/client/updates.py:556> exception=TypeError('Cannot cast NoneType to any kind of Peer.')>
Traceback (most recent call last):
  File "/Users/benysutanto/Documents/Works/Personal/telinMerial/.venv/lib/python3.13/site-packages/telethon/client/updates.py", line 596, in _dispatch_update
    await builder.resolve(self)
  File "/Users/benysutanto/Documents/Works/Personal/telinMerial/.venv/lib/python3.13/site-packages/telethon/events/common.py", line 99, in resolve
    await self._resolve(client)
  File "/Users/benysutanto/Documents/Works/Personal/telinMerial/.venv/lib/python3.13/site-packages/telethon/events/newmessage.py", line 93, in _resolve
    await super()._resolve(client)
  File "/Users/benysutanto/Documents/Works/Personal/telinMerial/.venv/lib/python3.13/site-packages/telethon/events/common.py", line 103, in _resolve
    self.chats = await _into_id_set(client, self.chats)
                 ^^^^^^^^^^^^^^^^^^^^^^^^^^^^^^^^^^^^^^
  File "/Users/benysutanto/Documents/Works/Personal/telinMerial/.venv/lib/python3.13/site-packages/telethon/events/common.py", line 33, in _into_id_set
    chat = await client.get_input_entity(chat)
           ^^^^^^^^^^^^^^^^^^^^^^^^^^^^^^^^^^^
  File "/Users/benysutanto/Documents/Works/Personal/telinMerial/.venv/lib/python3.13/site-packages/telethon/client/users.py", line 452, in get_input_entity
    peer = utils.get_peer(peer)
  File "/Users/benysutanto/Documents/Works/Personal/telinMerial/.venv/lib/python3.13/site-packages/telethon/utils.py", line 1002, in get_peer
    _raise_cast_fail(peer, 'Peer')
    ~~~~~~~~~~~~~~~~^^^^^^^^^^^^^^
  File "/Users/benysutanto/Documents/Works/Personal/telinMerial/.venv/lib/python3.13/site-packages/telethon/utils.py", line 133, in _raise_cast_fail
    raise TypeError('Cannot cast {} to any kind of {}.'.format(
        type(entity).__name__, target))
TypeError: Cannot cast NoneType to any kind of Peer.
2026-06-05 13:30:28,240 - asyncio - ERROR - Task exception was never retrieved
future: <Task finished name='Task-57' coro=<UpdateMethods._dispatch_update() done, defined at /Users/benysutanto/Documents/Works/Personal/telinMerial/.venv/lib/python3.13/site-packages/telethon/client/updates.py:556> exception=TypeError('Cannot cast NoneType to any kind of Peer.')>
Traceback (most recent call last):
  File "/Users/benysutanto/Documents/Works/Personal/telinMerial/.venv/lib/python3.13/site-packages/telethon/client/updates.py", line 596, in _dispatch_update
    await builder.resolve(self)
  File "/Users/benysutanto/Documents/Works/Personal/telinMerial/.venv/lib/python3.13/site-packages/telethon/events/common.py", line 99, in resolve
    await self._resolve(client)
  File "/Users/benysutanto/Documents/Works/Personal/telinMerial/.venv/lib/python3.13/site-packages/telethon/events/newmessage.py", line 93, in _resolve
    await super()._resolve(client)
  File "/Users/benysutanto/Documents/Works/Personal/telinMerial/.venv/lib/python3.13/site-packages/telethon/events/common.py", line 103, in _resolve
    self.chats = await _into_id_set(client, self.chats)
                 ^^^^^^^^^^^^^^^^^^^^^^^^^^^^^^^^^^^^^^
  File "/Users/benysutanto/Documents/Works/Personal/telinMerial/.venv/lib/python3.13/site-packages/telethon/events/common.py", line 33, in _into_id_set
    chat = await client.get_input_entity(chat)
           ^^^^^^^^^^^^^^^^^^^^^^^^^^^^^^^^^^^
  File "/Users/benysutanto/Documents/Works/Personal/telinMerial/.venv/lib/python3.13/site-packages/telethon/client/users.py", line 452, in get_input_entity
    peer = utils.get_peer(peer)
  File "/Users/benysutanto/Documents/Works/Personal/telinMerial/.venv/lib/python3.13/site-packages/telethon/utils.py", line 1002, in get_peer
    _raise_cast_fail(peer, 'Peer')
    ~~~~~~~~~~~~~~~~^^^^^^^^^^^^^^
  File "/Users/benysutanto/Documents/Works/Personal/telinMerial/.venv/lib/python3.13/site-packages/telethon/utils.py", line 133, in _raise_cast_fail
    raise TypeError('Cannot cast {} to any kind of {}.'.format(
        type(entity).__name__, target))
TypeError: Cannot cast NoneType to any kind of Peer.
2026-06-05 13:30:30,309 - asyncio - ERROR - Task exception was never retrieved
future: <Task finished name='Task-61' coro=<UpdateMethods._dispatch_update() done, defined at /Users/benysutanto/Documents/Works/Personal/telinMerial/.venv/lib/python3.13/site-packages/telethon/client/updates.py:556> exception=TypeError('Cannot cast NoneType to any kind of Peer.')>
Traceback (most recent call last):
  File "/Users/benysutanto/Documents/Works/Personal/telinMerial/.venv/lib/python3.13/site-packages/telethon/client/updates.py", line 596, in _dispatch_update
    await builder.resolve(self)
  File "/Users/benysutanto/Documents/Works/Personal/telinMerial/.venv/lib/python3.13/site-packages/telethon/events/common.py", line 99, in resolve
    await self._resolve(client)
  File "/Users/benysutanto/Documents/Works/Personal/telinMerial/.venv/lib/python3.13/site-packages/telethon/events/newmessage.py", line 93, in _resolve
    await super()._resolve(client)
  File "/Users/benysutanto/Documents/Works/Personal/telinMerial/.venv/lib/python3.13/site-packages/telethon/events/common.py", line 103, in _resolve
    self.chats = await _into_id_set(client, self.chats)
                 ^^^^^^^^^^^^^^^^^^^^^^^^^^^^^^^^^^^^^^
  File "/Users/benysutanto/Documents/Works/Personal/telinMerial/.venv/lib/python3.13/site-packages/telethon/events/common.py", line 33, in _into_id_set
    chat = await client.get_input_entity(chat)
           ^^^^^^^^^^^^^^^^^^^^^^^^^^^^^^^^^^^
  File "/Users/benysutanto/Documents/Works/Personal/telinMerial/.venv/lib/python3.13/site-packages/telethon/client/users.py", line 452, in get_input_entity
    peer = utils.get_peer(peer)
  File "/Users/benysutanto/Documents/Works/Personal/telinMerial/.venv/lib/python3.13/site-packages/telethon/utils.py", line 1002, in get_peer
    _raise_cast_fail(peer, 'Peer')
    ~~~~~~~~~~~~~~~~^^^^^^^^^^^^^^
  File "/Users/benysutanto/Documents/Works/Personal/telinMerial/.venv/lib/python3.13/site-packages/telethon/utils.py", line 133, in _raise_cast_fail
    raise TypeError('Cannot cast {} to any kind of {}.'.format(
        type(entity).__name__, target))
TypeError: Cannot cast NoneType to any kind of Peer.
2026-06-05 13:30:46,462 - asyncio - ERROR - Task exception was never retrieved
future: <Task finished name='Task-69' coro=<UpdateMethods._dispatch_update() done, defined at /Users/benysutanto/Documents/Works/Personal/telinMerial/.venv/lib/python3.13/site-packages/telethon/client/updates.py:556> exception=TypeError('Cannot cast NoneType to any kind of Peer.')>
Traceback (most recent call last):
  File "/Users/benysutanto/Documents/Works/Personal/telinMerial/.venv/lib/python3.13/site-packages/telethon/client/updates.py", line 596, in _dispatch_update
    await builder.resolve(self)
  File "/Users/benysutanto/Documents/Works/Personal/telinMerial/.venv/lib/python3.13/site-packages/telethon/events/common.py", line 99, in resolve
    await self._resolve(client)
  File "/Users/benysutanto/Documents/Works/Personal/telinMerial/.venv/lib/python3.13/site-packages/telethon/events/newmessage.py", line 93, in _resolve
    await super()._resolve(client)
  File "/Users/benysutanto/Documents/Works/Personal/telinMerial/.venv/lib/python3.13/site-packages/telethon/events/common.py", line 103, in _resolve
    self.chats = await _into_id_set(client, self.chats)
                 ^^^^^^^^^^^^^^^^^^^^^^^^^^^^^^^^^^^^^^
  File "/Users/benysutanto/Documents/Works/Personal/telinMerial/.venv/lib/python3.13/site-packages/telethon/events/common.py", line 33, in _into_id_set
    chat = await client.get_input_entity(chat)
           ^^^^^^^^^^^^^^^^^^^^^^^^^^^^^^^^^^^
  File "/Users/benysutanto/Documents/Works/Personal/telinMerial/.venv/lib/python3.13/site-packages/telethon/client/users.py", line 452, in get_input_entity
    peer = utils.get_peer(peer)
  File "/Users/benysutanto/Documents/Works/Personal/telinMerial/.venv/lib/python3.13/site-packages/telethon/utils.py", line 1002, in get_peer
    _raise_cast_fail(peer, 'Peer')
    ~~~~~~~~~~~~~~~~^^^^^^^^^^^^^^
  File "/Users/benysutanto/Documents/Works/Personal/telinMerial/.venv/lib/python3.13/site-packages/telethon/utils.py", line 133, in _raise_cast_fail
    raise TypeError('Cannot cast {} to any kind of {}.'.format(
        type(entity).__name__, target))
TypeError: Cannot cast NoneType to any kind of Peer.
2026-06-05 13:30:54,230 - asyncio - ERROR - Task exception was never retrieved
future: <Task finished name='Task-77' coro=<UpdateMethods._dispatch_update() done, defined at /Users/benysutanto/Documents/Works/Personal/telinMerial/.venv/lib/python3.13/site-packages/telethon/client/updates.py:556> exception=TypeError('Cannot cast NoneType to any kind of Peer.')>
Traceback (most recent call last):
  File "/Users/benysutanto/Documents/Works/Personal/telinMerial/.venv/lib/python3.13/site-packages/telethon/client/updates.py", line 596, in _dispatch_update
    await builder.resolve(self)
  File "/Users/benysutanto/Documents/Works/Personal/telinMerial/.venv/lib/python3.13/site-packages/telethon/events/common.py", line 99, in resolve
    await self._resolve(client)
  File "/Users/benysutanto/Documents/Works/Personal/telinMerial/.venv/lib/python3.13/site-packages/telethon/events/newmessage.py", line 93, in _resolve
    await super()._resolve(client)
  File "/Users/benysutanto/Documents/Works/Personal/telinMerial/.venv/lib/python3.13/site-packages/telethon/events/common.py", line 103, in _resolve
    self.chats = await _into_id_set(client, self.chats)
                 ^^^^^^^^^^^^^^^^^^^^^^^^^^^^^^^^^^^^^^
  File "/Users/benysutanto/Documents/Works/Personal/telinMerial/.venv/lib/python3.13/site-packages/telethon/events/common.py", line 33, in _into_id_set
    chat = await client.get_input_entity(chat)
           ^^^^^^^^^^^^^^^^^^^^^^^^^^^^^^^^^^^
  File "/Users/benysutanto/Documents/Works/Personal/telinMerial/.venv/lib/python3.13/site-packages/telethon/client/users.py", line 452, in get_input_entity
    peer = utils.get_peer(peer)
  File "/Users/benysutanto/Documents/Works/Personal/telinMerial/.venv/lib/python3.13/site-packages/telethon/utils.py", line 1002, in get_peer
    _raise_cast_fail(peer, 'Peer')
    ~~~~~~~~~~~~~~~~^^^^^^^^^^^^^^
  File "/Users/benysutanto/Documents/Works/Personal/telinMerial/.venv/lib/python3.13/site-packages/telethon/utils.py", line 133, in _raise_cast_fail
    raise TypeError('Cannot cast {} to any kind of {}.'.format(
        type(entity).__name__, target))
TypeError: Cannot cast NoneType to any kind of Peer.
2026-06-05 13:30:57,306 - asyncio - ERROR - Task exception was never retrieved
future: <Task finished name='Task-82' coro=<UpdateMethods._dispatch_update() done, defined at /Users/benysutanto/Documents/Works/Personal/telinMerial/.venv/lib/python3.13/site-packages/telethon/client/updates.py:556> exception=TypeError('Cannot cast NoneType to any kind of Peer.')>
Traceback (most recent call last):
  File "/Users/benysutanto/Documents/Works/Personal/telinMerial/.venv/lib/python3.13/site-packages/telethon/client/updates.py", line 596, in _dispatch_update
    await builder.resolve(self)
  File "/Users/benysutanto/Documents/Works/Personal/telinMerial/.venv/lib/python3.13/site-packages/telethon/events/common.py", line 99, in resolve
    await self._resolve(client)
  File "/Users/benysutanto/Documents/Works/Personal/telinMerial/.venv/lib/python3.13/site-packages/telethon/events/newmessage.py", line 93, in _resolve
    await super()._resolve(client)
  File "/Users/benysutanto/Documents/Works/Personal/telinMerial/.venv/lib/python3.13/site-packages/telethon/events/common.py", line 103, in _resolve
    self.chats = await _into_id_set(client, self.chats)
                 ^^^^^^^^^^^^^^^^^^^^^^^^^^^^^^^^^^^^^^
  File "/Users/benysutanto/Documents/Works/Personal/telinMerial/.venv/lib/python3.13/site-packages/telethon/events/common.py", line 33, in _into_id_set
    chat = await client.get_input_entity(chat)
           ^^^^^^^^^^^^^^^^^^^^^^^^^^^^^^^^^^^
  File "/Users/benysutanto/Documents/Works/Personal/telinMerial/.venv/lib/python3.13/site-packages/telethon/client/users.py", line 452, in get_input_entity
    peer = utils.get_peer(peer)
  File "/Users/benysutanto/Documents/Works/Personal/telinMerial/.venv/lib/python3.13/site-packages/telethon/utils.py", line 1002, in get_peer
    _raise_cast_fail(peer, 'Peer')
    ~~~~~~~~~~~~~~~~^^^^^^^^^^^^^^
  File "/Users/benysutanto/Documents/Works/Personal/telinMerial/.venv/lib/python3.13/site-packages/telethon/utils.py", line 133, in _raise_cast_fail
    raise TypeError('Cannot cast {} to any kind of {}.'.format(
        type(entity).__name__, target))
TypeError: Cannot cast NoneType to any kind of Peer.
2026-06-05 13:31:00,158 - asyncio - ERROR - Task exception was never retrieved
future: <Task finished name='Task-84' coro=<UpdateMethods._dispatch_update() done, defined at /Users/benysutanto/Documents/Works/Personal/telinMerial/.venv/lib/python3.13/site-packages/telethon/client/updates.py:556> exception=TypeError('Cannot cast NoneType to any kind of Peer.')>
Traceback (most recent call last):
  File "/Users/benysutanto/Documents/Works/Personal/telinMerial/.venv/lib/python3.13/site-packages/telethon/client/updates.py", line 596, in _dispatch_update
    await builder.resolve(self)
  File "/Users/benysutanto/Documents/Works/Personal/telinMerial/.venv/lib/python3.13/site-packages/telethon/events/common.py", line 99, in resolve
    await self._resolve(client)
  File "/Users/benysutanto/Documents/Works/Personal/telinMerial/.venv/lib/python3.13/site-packages/telethon/events/newmessage.py", line 93, in _resolve
    await super()._resolve(client)
  File "/Users/benysutanto/Documents/Works/Personal/telinMerial/.venv/lib/python3.13/site-packages/telethon/events/common.py", line 103, in _resolve
    self.chats = await _into_id_set(client, self.chats)
                 ^^^^^^^^^^^^^^^^^^^^^^^^^^^^^^^^^^^^^^
  File "/Users/benysutanto/Documents/Works/Personal/telinMerial/.venv/lib/python3.13/site-packages/telethon/events/common.py", line 33, in _into_id_set
    chat = await client.get_input_entity(chat)
           ^^^^^^^^^^^^^^^^^^^^^^^^^^^^^^^^^^^
  File "/Users/benysutanto/Documents/Works/Personal/telinMerial/.venv/lib/python3.13/site-packages/telethon/client/users.py", line 452, in get_input_entity
    peer = utils.get_peer(peer)
  File "/Users/benysutanto/Documents/Works/Personal/telinMerial/.venv/lib/python3.13/site-packages/telethon/utils.py", line 1002, in get_peer
    _raise_cast_fail(peer, 'Peer')
    ~~~~~~~~~~~~~~~~^^^^^^^^^^^^^^
  File "/Users/benysutanto/Documents/Works/Personal/telinMerial/.venv/lib/python3.13/site-packages/telethon/utils.py", line 133, in _raise_cast_fail
    raise TypeError('Cannot cast {} to any kind of {}.'.format(
        type(entity).__name__, target))
TypeError: Cannot cast NoneType to any kind of Peer.
2026-06-05 13:31:13,771 - main - INFO - Memulai aplikasi Telegram Signal Listener & Forwarder...
2026-06-05 13:31:13,772 - main - INFO - Konfigurasi berhasil dimuat.
2026-06-05 13:31:13,773 - src.core.use_cases.monitor_groups - INFO - MonitorGroupsUseCase berhasil memperbarui konfigurasi grup sumber secara dinamis.
2026-06-05 13:31:13,773 - src.adapters.telegram.client - INFO - Mendaftarkan handler event pesan baru (Mendengarkan semua chat untuk mempermudah deteksi chat_id)...
2026-06-05 13:31:13,773 - src.adapters.telegram.client - INFO - Memulai sesi Telegram...
2026-06-05 13:31:13,773 - telethon.network.mtprotosender - INFO - Connecting to 91.108.56.191:443/TcpFull...
2026-06-05 13:31:13,794 - telethon.network.mtprotosender - INFO - Connection to 91.108.56.191:443/TcpFull complete!
2026-06-05 13:31:14,008 - src.adapters.telegram.client - INFO - Sesi Telegram berhasil dimulai.
2026-06-05 13:31:14,038 - main - INFO - Otorisasi sukses. Berjalan menggunakan akun: Beny  (@benysutanto)
2026-06-05 13:31:14,039 - main - INFO - Mulai mendengarkan pesan dari 2 grup sumber...
2026-06-05 13:31:14,039 - main - INFO - Sinyal yang valid akan diteruskan ke 2 target.
2026-06-05 13:31:14,039 - src.adapters.telegram.client - INFO - Aplikasi sedang mendengarkan pesan (listening)... Tekan Ctrl+C untuk keluar.
2026-06-05 13:31:14,039 - main - INFO - Memulai background task pemantau file konfigurasi (Hot Reload)...
2026-06-05 13:31:26,578 - asyncio - ERROR - Task exception was never retrieved
future: <Task finished name='Task-11' coro=<UpdateMethods._dispatch_update() done, defined at /Users/benysutanto/Documents/Works/Personal/telinMerial/.venv/lib/python3.13/site-packages/telethon/client/updates.py:556> exception=TypeError('Cannot cast NoneType to any kind of Peer.')>
Traceback (most recent call last):
  File "/Users/benysutanto/Documents/Works/Personal/telinMerial/.venv/lib/python3.13/site-packages/telethon/client/updates.py", line 596, in _dispatch_update
    await builder.resolve(self)
  File "/Users/benysutanto/Documents/Works/Personal/telinMerial/.venv/lib/python3.13/site-packages/telethon/events/common.py", line 99, in resolve
    await self._resolve(client)
  File "/Users/benysutanto/Documents/Works/Personal/telinMerial/.venv/lib/python3.13/site-packages/telethon/events/newmessage.py", line 93, in _resolve
    await super()._resolve(client)
  File "/Users/benysutanto/Documents/Works/Personal/telinMerial/.venv/lib/python3.13/site-packages/telethon/events/common.py", line 103, in _resolve
    self.chats = await _into_id_set(client, self.chats)
                 ^^^^^^^^^^^^^^^^^^^^^^^^^^^^^^^^^^^^^^
  File "/Users/benysutanto/Documents/Works/Personal/telinMerial/.venv/lib/python3.13/site-packages/telethon/events/common.py", line 33, in _into_id_set
    chat = await client.get_input_entity(chat)
           ^^^^^^^^^^^^^^^^^^^^^^^^^^^^^^^^^^^
  File "/Users/benysutanto/Documents/Works/Personal/telinMerial/.venv/lib/python3.13/site-packages/telethon/client/users.py", line 452, in get_input_entity
    peer = utils.get_peer(peer)
  File "/Users/benysutanto/Documents/Works/Personal/telinMerial/.venv/lib/python3.13/site-packages/telethon/utils.py", line 1002, in get_peer
    _raise_cast_fail(peer, 'Peer')
    ~~~~~~~~~~~~~~~~^^^^^^^^^^^^^^
  File "/Users/benysutanto/Documents/Works/Personal/telinMerial/.venv/lib/python3.13/site-packages/telethon/utils.py", line 133, in _raise_cast_fail
    raise TypeError('Cannot cast {} to any kind of {}.'.format(
        type(entity).__name__, target))
TypeError: Cannot cast NoneType to any kind of Peer.
2026-06-05 13:34:24,952 - main - INFO - Memulai aplikasi Telegram Signal Listener & Forwarder...
2026-06-05 13:34:24,954 - main - INFO - Konfigurasi berhasil dimuat.
2026-06-05 13:34:24,958 - src.core.use_cases.monitor_groups - INFO - MonitorGroupsUseCase berhasil memperbarui konfigurasi grup sumber secara dinamis.
2026-06-05 13:34:24,958 - src.adapters.telegram.client - INFO - Mendaftarkan handler event pesan baru (Mendengarkan semua chat untuk mempermudah deteksi chat_id)...
2026-06-05 13:34:24,958 - src.adapters.telegram.client - INFO - Memulai sesi Telegram...
2026-06-05 13:34:24,958 - telethon.network.mtprotosender - INFO - Connecting to 91.108.56.191:443/TcpFull...
2026-06-05 13:34:24,979 - telethon.network.mtprotosender - INFO - Connection to 91.108.56.191:443/TcpFull complete!
2026-06-05 13:34:25,443 - src.adapters.telegram.client - INFO - Sesi Telegram berhasil dimulai.
2026-06-05 13:34:25,472 - main - INFO - Otorisasi sukses. Berjalan menggunakan akun: Beny  (@benysutanto)
2026-06-05 13:34:25,473 - main - INFO - Mulai mendengarkan pesan dari 2 grup sumber...
2026-06-05 13:34:25,473 - main - INFO - Sinyal yang valid akan diteruskan ke 2 target.
2026-06-05 13:34:25,473 - src.adapters.telegram.client - INFO - Aplikasi sedang mendengarkan pesan (listening)... Tekan Ctrl+C untuk keluar.
2026-06-05 13:34:25,473 - main - INFO - Memulai background task pemantau file konfigurasi (Hot Reload)...
2026-06-05 13:34:34,858 - src.adapters.telegram.client - INFO - 📥 [PESAN MASUK] Chat ID: 375461315 | Nama: 'benysutanto' | Teks: 👑 GOLD BUY NOW 👑  PRICE: 4506 - 4503  TP1 🎖: 4511 TP2 🎖: 451...
2026-06-05 13:34:34,858 - src.core.use_cases.monitor_groups - INFO - Mendeteksi pesan sinyal potensial di chat 375461315 ('benysutanto')...
2026-06-05 13:34:34,859 - src.core.use_cases.monitor_groups - INFO - Sinyal trading GOLD BUY berhasil diparsing.
2026-06-05 13:34:34,859 - src.core.use_cases.forward_signal - INFO - Mengirim sinyal terformat ke 2 target...
2026-06-05 13:34:34,859 - src.core.use_cases.forward_signal - INFO - Mengirim sinyal ke target: 'benysutanto' (Chat ID: 375461315)
2026-06-05 13:34:34,859 - src.adapters.telegram.client - INFO - Mengirim pesan ke chat_id: 375461315
2026-06-05 13:34:34,908 - src.core.use_cases.forward_signal - INFO - Mengirim sinyal ke target: 'Indra_Sitorus' (Chat ID: 192453686)
2026-06-05 13:34:34,908 - src.adapters.telegram.client - INFO - Mengirim pesan ke chat_id: 192453686
2026-06-05 13:35:12,440 - main - INFO - Memulai aplikasi Telegram Signal Listener & Forwarder...
2026-06-05 13:35:12,441 - main - INFO - Konfigurasi berhasil dimuat.
2026-06-05 13:35:12,442 - src.core.use_cases.monitor_groups - INFO - MonitorGroupsUseCase berhasil memperbarui konfigurasi grup sumber secara dinamis.
2026-06-05 13:35:12,442 - src.adapters.telegram.client - INFO - Mendaftarkan handler event pesan baru (Mendengarkan semua chat untuk mempermudah deteksi chat_id)...
2026-06-05 13:35:12,442 - src.adapters.telegram.client - INFO - Memulai sesi Telegram...
2026-06-05 13:35:12,442 - telethon.network.mtprotosender - INFO - Connecting to 91.108.56.191:443/TcpFull...
2026-06-05 13:35:12,466 - telethon.network.mtprotosender - INFO - Connection to 91.108.56.191:443/TcpFull complete!
2026-06-05 13:35:12,641 - src.adapters.telegram.client - INFO - Sesi Telegram berhasil dimulai.
2026-06-05 13:35:12,668 - main - INFO - Otorisasi sukses. Berjalan menggunakan akun: Beny  (@benysutanto)
2026-06-05 13:35:12,668 - main - INFO - Mulai mendengarkan pesan dari 2 grup sumber...
2026-06-05 13:35:12,668 - main - INFO - Sinyal yang valid akan diteruskan ke 2 target.
2026-06-05 13:35:12,668 - src.adapters.telegram.client - INFO - Aplikasi sedang mendengarkan pesan (listening)... Tekan Ctrl+C untuk keluar.
2026-06-05 13:35:12,668 - main - INFO - Memulai background task pemantau file konfigurasi (Hot Reload)...
2026-06-05 13:35:28,907 - src.adapters.telegram.client - INFO - 📥 [PESAN MASUK] Chat ID: 375461315 | Nama: 'benysutanto' | Teks: 👑 GOLD BUY NOW 👑  PRICE: 4506 - 4503  TP1 🎖: 4511 TP2 🎖: 451...
2026-06-05 13:35:28,908 - src.core.use_cases.monitor_groups - INFO - Mendeteksi pesan sinyal potensial di chat 375461315 ('benysutanto')...
2026-06-05 13:35:28,908 - src.core.use_cases.monitor_groups - INFO - Sinyal trading GOLD BUY berhasil diparsing.
2026-06-05 13:35:28,908 - src.core.use_cases.forward_signal - INFO - Mengirim sinyal terformat ke 2 target...
2026-06-05 13:35:28,908 - src.core.use_cases.forward_signal - INFO - Mengirim sinyal ke target: 'benysutanto' (Chat ID: 375461315)
2026-06-05 13:35:28,909 - src.adapters.telegram.client - INFO - Mengirim pesan ke chat_id: 375461315 - 📢 **NEW SIGNAL RECEIVED** 📢
📅 **Date**: 05-06-2026 13:35:28

🔹 **Pair**: GOLD
🔹 **Action**: BUY NOW
🔹 **Entry**: 4503 - 4506

🎯 **Target Profit**:
- TP 1: 4511
- TP 2: 4516

🛑 **Stop Loss**: 4498

⚠️ *Jaga Money Management & Entry Pelan-Pelan* 
2026-06-05 13:35:28,958 - src.core.use_cases.forward_signal - INFO - Mengirim sinyal ke target: 'Indra_Sitorus' (Chat ID: 192453686)
2026-06-05 13:35:28,958 - src.adapters.telegram.client - INFO - Mengirim pesan ke chat_id: 192453686 - 📢 **NEW SIGNAL RECEIVED** 📢
📅 **Date**: 05-06-2026 13:35:28

🔹 **Pair**: GOLD
🔹 **Action**: BUY NOW
🔹 **Entry**: 4503 - 4506

🎯 **Target Profit**:
- TP 1: 4511
- TP 2: 4516

🛑 **Stop Loss**: 4498

⚠️ *Jaga Money Management & Entry Pelan-Pelan* 
2026-06-05 13:37:06,284 - main - INFO - Memulai aplikasi Telegram Signal Listener & Forwarder...
2026-06-05 13:37:06,285 - main - INFO - Konfigurasi berhasil dimuat.
2026-06-05 13:37:06,286 - src.core.use_cases.monitor_groups - INFO - MonitorGroupsUseCase berhasil memperbarui konfigurasi grup sumber secara dinamis.
2026-06-05 13:37:06,286 - src.adapters.telegram.client - INFO - Mendaftarkan handler event pesan baru (Mendengarkan semua chat untuk mempermudah deteksi chat_id)...
2026-06-05 13:37:06,286 - src.adapters.telegram.client - INFO - Memulai sesi Telegram...
2026-06-05 13:37:06,286 - telethon.network.mtprotosender - INFO - Connecting to 91.108.56.191:443/TcpFull...
2026-06-05 13:37:06,305 - telethon.network.mtprotosender - INFO - Connection to 91.108.56.191:443/TcpFull complete!
2026-06-05 13:37:06,493 - src.adapters.telegram.client - INFO - Sesi Telegram berhasil dimulai.
2026-06-05 13:37:06,523 - main - INFO - Otorisasi sukses. Berjalan menggunakan akun: Beny  (@benysutanto)
2026-06-05 13:37:06,523 - main - INFO - Mulai mendengarkan pesan dari 2 grup sumber...
2026-06-05 13:37:06,523 - main - INFO - Sinyal yang valid akan diteruskan ke 2 target.
2026-06-05 13:37:06,524 - src.adapters.telegram.client - INFO - Aplikasi sedang mendengarkan pesan (listening)... Tekan Ctrl+C untuk keluar.
2026-06-05 13:37:06,524 - main - INFO - Memulai background task pemantau file konfigurasi (Hot Reload)...
2026-06-05 13:37:22,038 - main - INFO - Memulai aplikasi Telegram Signal Listener & Forwarder...
2026-06-05 13:37:22,040 - main - INFO - Konfigurasi berhasil dimuat.
2026-06-05 13:37:22,040 - src.core.use_cases.monitor_groups - INFO - MonitorGroupsUseCase berhasil memperbarui konfigurasi grup sumber secara dinamis.
2026-06-05 13:37:22,040 - src.adapters.telegram.client - INFO - Mendaftarkan handler event pesan baru (Mendengarkan semua chat untuk mempermudah deteksi chat_id)...
2026-06-05 13:37:22,040 - src.adapters.telegram.client - INFO - Memulai sesi Telegram...
2026-06-05 13:37:22,040 - telethon.network.mtprotosender - INFO - Connecting to 91.108.56.191:443/TcpFull...
2026-06-05 13:37:22,062 - telethon.network.mtprotosender - INFO - Connection to 91.108.56.191:443/TcpFull complete!
2026-06-05 13:37:22,245 - src.adapters.telegram.client - INFO - Sesi Telegram berhasil dimulai.
2026-06-05 13:37:22,274 - main - INFO - Otorisasi sukses. Berjalan menggunakan akun: Beny  (@benysutanto)
2026-06-05 13:37:22,274 - main - INFO - Mulai mendengarkan pesan dari 2 grup sumber...
2026-06-05 13:37:22,274 - main - INFO - Sinyal yang valid akan diteruskan ke 2 target.
2026-06-05 13:37:22,274 - src.adapters.telegram.client - INFO - Aplikasi sedang mendengarkan pesan (listening)... Tekan Ctrl+C untuk keluar.
2026-06-05 13:37:22,274 - main - INFO - Memulai background task pemantau file konfigurasi (Hot Reload)...
2026-06-05 13:38:27,567 - main - INFO - Memulai aplikasi Telegram Signal Listener & Forwarder...
2026-06-05 13:38:27,568 - main - INFO - Konfigurasi berhasil dimuat.
2026-06-05 13:38:27,568 - src.core.use_cases.monitor_groups - INFO - MonitorGroupsUseCase berhasil memperbarui konfigurasi grup sumber secara dinamis.
2026-06-05 13:38:27,568 - src.adapters.telegram.client - INFO - Mendaftarkan handler event pesan baru (Mendengarkan semua chat untuk mempermudah deteksi chat_id)...
2026-06-05 13:38:27,568 - src.adapters.telegram.client - INFO - Memulai sesi Telegram...
2026-06-05 13:38:27,568 - telethon.network.mtprotosender - INFO - Connecting to 91.108.56.191:443/TcpFull...
2026-06-05 13:38:27,588 - telethon.network.mtprotosender - INFO - Connection to 91.108.56.191:443/TcpFull complete!
2026-06-05 13:38:27,765 - src.adapters.telegram.client - INFO - Sesi Telegram berhasil dimulai.
2026-06-05 13:38:27,793 - main - INFO - Otorisasi sukses. Berjalan menggunakan akun: Beny  (@benysutanto)
2026-06-05 13:38:27,794 - main - INFO - Mulai mendengarkan pesan dari 2 grup sumber...
2026-06-05 13:38:27,794 - main - INFO - Sinyal yang valid akan diteruskan ke 2 target.
2026-06-05 13:38:27,794 - src.adapters.telegram.client - INFO - Aplikasi sedang mendengarkan pesan (listening)... Tekan Ctrl+C untuk keluar.
2026-06-05 13:38:27,794 - main - INFO - Memulai background task pemantau file konfigurasi (Hot Reload)...
2026-06-05 13:39:28,403 - main - INFO - Sinyal shutdown diterima (SIGINT). Menghentikan aplikasi secara aman...
2026-06-05 13:39:28,405 - src.adapters.telegram.client - INFO - Memutuskan koneksi dari Telegram...
2026-06-05 13:39:28,405 - telethon.network.mtprotosender - INFO - Disconnecting from 91.108.56.191:443/TcpFull...
2026-06-05 13:39:28,406 - telethon.network.mtprotosender - INFO - Disconnection from 91.108.56.191:443/TcpFull complete!
2026-06-05 13:39:28,408 - telethon.network.mtprotosender - INFO - Not disconnecting (already have no connection)
2026-06-05 13:39:28,412 - src.adapters.telegram.client - INFO - Koneksi Telegram terputus.
2026-06-05 13:39:28,412 - main - INFO - Koneksi Telegram berhasil ditutup.
2026-06-05 13:39:28,412 - main - INFO - Aplikasi dihentikan dengan sukses.
2026-06-05 13:39:30,701 - main - INFO - Memulai aplikasi Telegram Signal Listener & Forwarder...
2026-06-05 13:39:30,703 - main - INFO - Konfigurasi berhasil dimuat.
2026-06-05 13:39:30,703 - src.core.use_cases.monitor_groups - INFO - MonitorGroupsUseCase berhasil memperbarui konfigurasi grup sumber secara dinamis.
2026-06-05 13:39:30,703 - src.adapters.telegram.client - INFO - Mendaftarkan handler event pesan baru (Mendengarkan semua chat untuk mempermudah deteksi chat_id)...
2026-06-05 13:39:30,703 - src.adapters.telegram.client - INFO - Memulai sesi Telegram...
2026-06-05 13:39:30,703 - telethon.network.mtprotosender - INFO - Connecting to 91.108.56.191:443/TcpFull...
2026-06-05 13:39:30,723 - telethon.network.mtprotosender - INFO - Connection to 91.108.56.191:443/TcpFull complete!
2026-06-05 13:39:30,895 - src.adapters.telegram.client - INFO - Sesi Telegram berhasil dimulai.
2026-06-05 13:39:30,924 - main - INFO - Otorisasi sukses. Berjalan menggunakan akun: Beny  (@benysutanto)
2026-06-05 13:39:30,924 - main - INFO - Mulai mendengarkan pesan dari 2 grup sumber...
2026-06-05 13:39:30,924 - main - INFO - Sinyal yang valid akan diteruskan ke 2 target.
2026-06-05 13:39:30,924 - src.adapters.telegram.client - INFO - Aplikasi sedang mendengarkan pesan (listening)... Tekan Ctrl+C untuk keluar.
2026-06-05 13:39:30,924 - main - INFO - Memulai background task pemantau file konfigurasi (Hot Reload)...
2026-06-05 13:41:31,734 - main - INFO - Memulai aplikasi Telegram Signal Listener & Forwarder...
2026-06-05 13:41:31,735 - main - INFO - Konfigurasi berhasil dimuat.
2026-06-05 13:41:31,735 - src.core.use_cases.monitor_groups - INFO - MonitorGroupsUseCase berhasil memperbarui konfigurasi grup sumber secara dinamis.
2026-06-05 13:41:31,735 - src.adapters.telegram.client - INFO - Mendaftarkan handler event pesan baru (Mendengarkan semua chat untuk mempermudah deteksi chat_id)...
2026-06-05 13:41:31,735 - src.adapters.telegram.client - INFO - Memulai sesi Telegram...
2026-06-05 13:41:31,735 - telethon.network.mtprotosender - INFO - Connecting to 91.108.56.191:443/TcpFull...
2026-06-05 13:41:31,755 - telethon.network.mtprotosender - INFO - Connection to 91.108.56.191:443/TcpFull complete!
2026-06-05 13:41:31,927 - src.adapters.telegram.client - INFO - Sesi Telegram berhasil dimulai.
2026-06-05 13:41:31,957 - main - INFO - Otorisasi sukses. Berjalan menggunakan akun: Beny  (@benysutanto)
2026-06-05 13:41:31,957 - main - INFO - Mulai mendengarkan pesan dari 2 grup sumber...
2026-06-05 13:41:31,957 - main - INFO - Sinyal yang valid akan diteruskan ke 2 target.
2026-06-05 13:41:31,957 - src.adapters.telegram.client - INFO - Aplikasi sedang mendengarkan pesan (listening)... Tekan Ctrl+C untuk keluar.
2026-06-05 13:41:31,957 - main - INFO - Memulai background task pemantau file konfigurasi (Hot Reload)...
2026-06-05 13:45:41,471 - main - INFO - Memulai aplikasi Telegram Signal Listener & Forwarder...
2026-06-05 13:45:41,472 - main - INFO - Konfigurasi berhasil dimuat.
2026-06-05 13:45:41,473 - src.core.use_cases.monitor_groups - INFO - MonitorGroupsUseCase berhasil memperbarui konfigurasi grup sumber secara dinamis.
2026-06-05 13:45:41,473 - src.adapters.telegram.client - INFO - Mendaftarkan handler event pesan baru (Mendengarkan semua chat untuk mempermudah deteksi chat_id)...
2026-06-05 13:45:41,473 - src.adapters.telegram.client - INFO - Memulai sesi Telegram...
2026-06-05 13:45:41,473 - telethon.network.mtprotosender - INFO - Connecting to 91.108.56.191:443/TcpFull...
2026-06-05 13:45:41,492 - telethon.network.mtprotosender - INFO - Connection to 91.108.56.191:443/TcpFull complete!
2026-06-05 13:45:41,671 - src.adapters.telegram.client - INFO - Sesi Telegram berhasil dimulai.
2026-06-05 13:45:41,706 - main - INFO - Otorisasi sukses. Berjalan menggunakan akun: Beny  (@benysutanto)
2026-06-05 13:45:41,707 - main - INFO - Mulai mendengarkan pesan dari 2 grup sumber...
2026-06-05 13:45:41,707 - main - INFO - Sinyal yang valid akan diteruskan ke 2 target.
2026-06-05 13:45:41,707 - src.adapters.telegram.client - INFO - Aplikasi sedang mendengarkan pesan (listening)... Tekan Ctrl+C untuk keluar.
2026-06-05 13:45:41,707 - main - INFO - Memulai background task pemantau file konfigurasi (Hot Reload)...
2026-06-05 13:45:49,838 - src.adapters.telegram.client - INFO - 📥 [PESAN MASUK] Chat ID: 375461315 | Nama: 'benysutanto' | Teks: 375461315...
2026-06-05 13:45:57,263 - src.adapters.telegram.client - INFO - 📥 [PESAN MASUK] Chat ID: 375461315 | Nama: 'benysutanto' | Teks: 👑 GOLD BUY NOW 👑  PRICE: 4506 - 4503  TP1 🎖: 4511 TP2 🎖: 451...
2026-06-05 13:45:57,263 - src.core.use_cases.monitor_groups - INFO - Mendeteksi pesan sinyal potensial di chat 375461315 ('benysutanto')...
2026-06-05 13:45:57,263 - src.core.use_cases.monitor_groups - INFO - Pencocokan nama grup berhasil secara partial: 'benysutanto' cocok dengan konfigurasi 'benysutanto'
2026-06-05 13:45:57,263 - src.core.use_cases.monitor_groups - INFO - Sinyal trading GOLD BUY berhasil diparsing.
2026-06-05 13:45:57,263 - src.core.use_cases.forward_signal - INFO - Mengirim sinyal terformat ke 2 target...
2026-06-05 13:45:57,263 - src.core.use_cases.forward_signal - INFO - Mengirim sinyal ke target: 'benysutanto' (Chat ID: 375461315)
2026-06-05 13:45:57,264 - src.adapters.telegram.client - INFO - Mengirim pesan ke chat_id: 375461315 - 📢 **NEW SIGNAL RECEIVED** 📢
📅 **Date**: 05-06-2026 13:45:57

🔹 **Action**: BUY NOW
🔹 **Range Entry**: 4503 - 4506

🎯 **Target Profit**:
- TP 1: 4511
- TP 2: 4516

🛑 **Stop Loss**: 4498

⚠️ *Jaga Money Management & Entry Pelan-Pelan* 
2026-06-05 13:45:57,317 - src.core.use_cases.forward_signal - INFO - Mengirim sinyal ke target: 'Indra_Sitorus' (Chat ID: 192453686)
2026-06-05 13:45:57,317 - src.adapters.telegram.client - INFO - Mengirim pesan ke chat_id: 192453686 - 📢 **NEW SIGNAL RECEIVED** 📢
📅 **Date**: 05-06-2026 13:45:57

🔹 **Action**: BUY NOW
🔹 **Range Entry**: 4503 - 4506

🎯 **Target Profit**:
- TP 1: 4511
- TP 2: 4516

🛑 **Stop Loss**: 4498

⚠️ *Jaga Money Management & Entry Pelan-Pelan* 
2026-06-05 13:46:37,152 - main - INFO - Memulai aplikasi Telegram Signal Listener & Forwarder...
2026-06-05 13:46:37,153 - main - INFO - Konfigurasi berhasil dimuat.
2026-06-05 13:46:37,154 - src.core.use_cases.monitor_groups - INFO - MonitorGroupsUseCase berhasil memperbarui konfigurasi grup sumber secara dinamis.
2026-06-05 13:46:37,154 - src.adapters.telegram.client - INFO - Mendaftarkan handler event pesan baru (Mendengarkan semua chat untuk mempermudah deteksi chat_id)...
2026-06-05 13:46:37,154 - src.adapters.telegram.client - INFO - Memulai sesi Telegram...
2026-06-05 13:46:37,154 - telethon.network.mtprotosender - INFO - Connecting to 91.108.56.191:443/TcpFull...
2026-06-05 13:46:37,173 - telethon.network.mtprotosender - INFO - Connection to 91.108.56.191:443/TcpFull complete!
2026-06-05 13:46:37,360 - src.adapters.telegram.client - INFO - Sesi Telegram berhasil dimulai.
2026-06-05 13:46:37,385 - main - INFO - Otorisasi sukses. Berjalan menggunakan akun: Beny  (@benysutanto)
2026-06-05 13:46:37,386 - main - INFO - Mulai mendengarkan pesan dari 2 grup sumber...
2026-06-05 13:46:37,386 - main - INFO - Sinyal yang valid akan diteruskan ke 2 target.
2026-06-05 13:46:37,386 - src.adapters.telegram.client - INFO - Aplikasi sedang mendengarkan pesan (listening)... Tekan Ctrl+C untuk keluar.
2026-06-05 13:46:37,386 - main - INFO - Memulai background task pemantau file konfigurasi (Hot Reload)...
2026-06-05 13:46:46,079 - src.adapters.telegram.client - INFO - 📥 [PESAN MASUK] Chat ID: 192453686 | Nama: 'Indra_Sitorus' | Teks: wah... tinggal nunggu Sinyalnya ini...
2026-06-05 13:46:57,905 - src.adapters.telegram.client - INFO - 📥 [PESAN MASUK] Chat ID: -1001048910279 | Nama: 'Lowongan Kerja IT' | Teks: Izin share loker min  Posisi yang Dibuka: 1. Principal Data ...
2026-06-05 13:46:57,922 - src.adapters.telegram.client - INFO - 📥 [PESAN MASUK] Chat ID: -1001048910279 | Nama: 'Lowongan Kerja IT' | Teks: #bantushareaja...
2026-06-05 13:49:10,120 - src.adapters.telegram.client - INFO - 📥 [PESAN MASUK] Chat ID: -1001048910279 | Nama: 'Lowongan Kerja IT' | Teks: 🚀 HIRING – TECH TALENT  Halo Professionals! 👋  Halo, saya Me...
2026-06-05 13:50:05,814 - src.adapters.telegram.client - INFO - 📥 [PESAN MASUK] Chat ID: -1001048910279 | Nama: 'Lowongan Kerja IT' | Teks: #bantushareaja...
2026-06-05 13:50:05,816 - src.adapters.telegram.client - INFO - 📥 [PESAN MASUK] Chat ID: -1001048910279 | Nama: 'Lowongan Kerja IT' | Teks: Halo semua rekan rekan Threads izin info partnerku butuh tim...
2026-06-05 13:51:01,562 - src.adapters.telegram.client - INFO - 📥 [PESAN MASUK] Chat ID: -1001189544175 | Nama: 'Quds News Network' | Teks: Israeli settler militias are letting their cows graze on Pal...
2026-06-05 13:51:37,817 - main - INFO - Memulai aplikasi Telegram Signal Listener & Forwarder...
2026-06-05 13:51:37,818 - main - INFO - Konfigurasi berhasil dimuat.
2026-06-05 13:51:37,818 - src.core.use_cases.monitor_groups - INFO - MonitorGroupsUseCase berhasil memperbarui konfigurasi grup sumber secara dinamis.
2026-06-05 13:51:37,818 - src.adapters.telegram.client - INFO - Mendaftarkan handler event pesan baru (Mendengarkan semua chat untuk mempermudah deteksi chat_id)...
2026-06-05 13:51:37,818 - src.adapters.telegram.client - INFO - Memulai sesi Telegram...
2026-06-05 13:51:37,818 - telethon.network.mtprotosender - INFO - Connecting to 91.108.56.191:443/TcpFull...
2026-06-05 13:51:37,838 - telethon.network.mtprotosender - INFO - Connection to 91.108.56.191:443/TcpFull complete!
2026-06-05 13:51:38,025 - src.adapters.telegram.client - INFO - Sesi Telegram berhasil dimulai.
2026-06-05 13:51:38,064 - main - INFO - Otorisasi sukses. Berjalan menggunakan akun: Beny  (@benysutanto)
2026-06-05 13:51:38,065 - main - INFO - Mulai mendengarkan pesan dari 2 grup sumber...
2026-06-05 13:51:38,065 - main - INFO - Sinyal yang valid akan diteruskan ke 2 target.
2026-06-05 13:51:38,065 - src.adapters.telegram.client - INFO - Aplikasi sedang mendengarkan pesan (listening)... Tekan Ctrl+C untuk keluar.
2026-06-05 13:51:38,065 - main - INFO - Memulai background task pemantau file konfigurasi (Hot Reload)...
2026-06-05 13:51:47,411 - src.adapters.telegram.client - INFO - 📥 [PESAN MASUK] Chat ID: 192453686 | Nama: 'Indra_Sitorus' | Teks: Ini udah ya?...
2026-06-05 13:52:05,700 - src.adapters.telegram.client - INFO - 📥 [PESAN MASUK] Chat ID: 192453686 | Nama: 'Indra_Sitorus' | Teks: sedang di lengkapi informasinya bang...
2026-06-05 13:52:11,613 - src.adapters.telegram.client - INFO - 📥 [PESAN MASUK] Chat ID: 192453686 | Nama: 'Indra_Sitorus' | Teks: listening seharusnya sdh...
2026-06-05 13:52:30,124 - src.adapters.telegram.client - INFO - 📥 [PESAN MASUK] Chat ID: 375461315 | Nama: 'benysutanto' | Teks: 👑 GOLD BUY NOW 👑  PRICE: 4506 - 4503  TP1 🎖: 4511 TP2 🎖: 451...
2026-06-05 13:52:30,124 - src.core.use_cases.monitor_groups - INFO - Mendeteksi pesan sinyal potensial di chat 375461315 ('benysutanto')...
2026-06-05 13:52:30,124 - src.core.use_cases.monitor_groups - INFO - Pencocokan nama grup berhasil secara partial: 'benysutanto' cocok dengan konfigurasi 'benysutanto'
2026-06-05 13:52:30,125 - src.core.use_cases.monitor_groups - INFO - Sinyal trading GOLD BUY berhasil diparsing.
2026-06-05 13:52:30,125 - src.core.use_cases.forward_signal - INFO - Mengirim sinyal terformat ke 2 target...
2026-06-05 13:52:30,125 - src.core.use_cases.forward_signal - INFO - Mengirim sinyal ke target: 'benysutanto' (Chat ID: 375461315)
2026-06-05 13:52:30,125 - src.adapters.telegram.client - INFO - Mengirim pesan ke chat_id: 375461315 - 📢 **NEW SIGNAL RECEIVED** 📢
📅 **Date**: 05-06-2026 13:52:30

🔹 **Action**: BUY NOW
🔹 **Range Entry**: 4503 - 4506

🎯 **Target Profit**:
- TP 1: 4511
- TP 2: 4516

🛑 **Stop Loss**: 4498

⚠️ *Jaga Money Management & Entry Pelan-Pelan* 
2026-06-05 13:52:30,166 - src.adapters.telegram.client - INFO - 📥 [PESAN MASUK] Chat ID: -1001048910279 | Nama: 'Lowongan Kerja IT' | Teks: Hallo warga threads Perusahaan tempatku kerja sedang buku lo...
2026-06-05 13:52:30,171 - src.core.use_cases.forward_signal - INFO - Mengirim sinyal ke target: 'Indra_Sitorus' (Chat ID: 192453686)
2026-06-05 13:52:30,172 - src.adapters.telegram.client - INFO - Mengirim pesan ke chat_id: 192453686 - 📢 **NEW SIGNAL RECEIVED** 📢
📅 **Date**: 05-06-2026 13:52:30

🔹 **Action**: BUY NOW
🔹 **Range Entry**: 4503 - 4506

🎯 **Target Profit**:
- TP 1: 4511
- TP 2: 4516

🛑 **Stop Loss**: 4498

⚠️ *Jaga Money Management & Entry Pelan-Pelan* 
2026-06-05 13:53:38,668 - main - INFO - Memulai aplikasi Telegram Signal Listener & Forwarder...
2026-06-05 13:53:38,670 - main - INFO - Konfigurasi berhasil dimuat.
2026-06-05 13:53:38,670 - src.core.use_cases.monitor_groups - INFO - MonitorGroupsUseCase berhasil memperbarui konfigurasi grup sumber secara dinamis.
2026-06-05 13:53:38,670 - src.adapters.telegram.client - INFO - Mendaftarkan handler event pesan baru (Mendengarkan semua chat untuk mempermudah deteksi chat_id)...
2026-06-05 13:53:38,670 - src.adapters.telegram.client - INFO - Memulai sesi Telegram...
2026-06-05 13:53:38,670 - telethon.network.mtprotosender - INFO - Connecting to 91.108.56.191:443/TcpFull...
2026-06-05 13:53:38,694 - telethon.network.mtprotosender - INFO - Connection to 91.108.56.191:443/TcpFull complete!
2026-06-05 13:53:38,903 - src.adapters.telegram.client - INFO - Sesi Telegram berhasil dimulai.
2026-06-05 13:53:38,929 - main - INFO - Otorisasi sukses. Berjalan menggunakan akun: Beny  (@benysutanto)
2026-06-05 13:53:38,930 - main - INFO - Mulai mendengarkan pesan dari 2 grup sumber...
2026-06-05 13:53:38,930 - main - INFO - Sinyal yang valid akan diteruskan ke 2 target.
2026-06-05 13:53:38,930 - src.adapters.telegram.client - INFO - Aplikasi sedang mendengarkan pesan (listening)... Tekan Ctrl+C untuk keluar.
2026-06-05 13:53:38,930 - main - INFO - Memulai background task pemantau file konfigurasi (Hot Reload)...
2026-06-05 13:53:44,180 - main - INFO - Memulai aplikasi Telegram Signal Listener & Forwarder...
2026-06-05 13:53:44,181 - main - INFO - Konfigurasi berhasil dimuat.
2026-06-05 13:53:44,181 - src.core.use_cases.monitor_groups - INFO - MonitorGroupsUseCase berhasil memperbarui konfigurasi grup sumber secara dinamis.
2026-06-05 13:53:44,181 - src.adapters.telegram.client - INFO - Mendaftarkan handler event pesan baru (Mendengarkan semua chat untuk mempermudah deteksi chat_id)...
2026-06-05 13:53:44,181 - src.adapters.telegram.client - INFO - Memulai sesi Telegram...
2026-06-05 13:53:44,181 - telethon.network.mtprotosender - INFO - Connecting to 91.108.56.191:443/TcpFull...
2026-06-05 13:53:44,201 - telethon.network.mtprotosender - INFO - Connection to 91.108.56.191:443/TcpFull complete!
2026-06-05 13:53:44,382 - src.adapters.telegram.client - INFO - Sesi Telegram berhasil dimulai.
2026-06-05 13:53:44,408 - main - INFO - Otorisasi sukses. Berjalan menggunakan akun: Beny  (@benysutanto)
2026-06-05 13:53:44,408 - main - INFO - Mulai mendengarkan pesan dari 2 grup sumber...
2026-06-05 13:53:44,408 - main - INFO - Sinyal yang valid akan diteruskan ke 2 target.
2026-06-05 13:53:44,408 - src.adapters.telegram.client - INFO - Aplikasi sedang mendengarkan pesan (listening)... Tekan Ctrl+C untuk keluar.
2026-06-05 13:53:44,408 - main - INFO - Memulai background task pemantau file konfigurasi (Hot Reload)...
2026-06-05 13:54:23,558 - src.adapters.telegram.client - INFO - 📥 [PESAN MASUK] Chat ID: 192453686 | Nama: 'Indra_Sitorus' | Teks: 👑 GOLD BUY NOW 👑  PRICE: 4506 - 4503  TP1 🎖: 4511 TP2 🎖: 451...
2026-06-05 13:54:23,559 - src.core.use_cases.monitor_groups - INFO - Mendeteksi pesan sinyal potensial di chat 192453686 ('Indra_Sitorus')...
2026-06-05 13:54:23,559 - src.core.use_cases.monitor_groups - WARNING - Pesan di chat 192453686 ('Indra_Sitorus') lolos filter 'PRICE:', tetapi grup tidak terdaftar sebagai grup sumber berdasarkan ID maupun Nama.
2026-06-05 13:54:27,890 - src.adapters.telegram.client - INFO - 📥 [PESAN MASUK] Chat ID: 192453686 | Nama: 'Indra_Sitorus' | Teks: eh salah kamar...
2026-06-05 13:54:29,351 - src.adapters.telegram.client - INFO - 📥 [PESAN MASUK] Chat ID: -1003765107916 | Nama: 'CIRCLE TGA 🇮🇩' | Teks: Yuk ready...
2026-06-05 13:54:38,502 - src.adapters.telegram.client - INFO - 📥 [PESAN MASUK] Chat ID: 192453686 | Nama: 'Indra_Sitorus' | Teks: siap2 sinyal bang...
2026-06-05 13:55:06,537 - main - INFO - Memulai aplikasi Telegram Signal Listener & Forwarder...
2026-06-05 13:55:06,539 - main - INFO - Konfigurasi berhasil dimuat.
2026-06-05 13:55:06,539 - src.core.use_cases.monitor_groups - INFO - MonitorGroupsUseCase berhasil memperbarui konfigurasi grup sumber secara dinamis.
2026-06-05 13:55:06,539 - src.adapters.telegram.client - INFO - Mendaftarkan handler event pesan baru (Mendengarkan semua chat untuk mempermudah deteksi chat_id)...
2026-06-05 13:55:06,539 - src.adapters.telegram.client - INFO - Memulai sesi Telegram...
2026-06-05 13:55:06,540 - telethon.network.mtprotosender - INFO - Connecting to 91.108.56.191:443/TcpFull...
2026-06-05 13:55:06,560 - telethon.network.mtprotosender - INFO - Connection to 91.108.56.191:443/TcpFull complete!
2026-06-05 13:55:07,134 - src.adapters.telegram.client - INFO - Sesi Telegram berhasil dimulai.
2026-06-05 13:55:07,166 - main - INFO - Otorisasi sukses. Berjalan menggunakan akun: Beny  (@benysutanto)
2026-06-05 13:55:07,166 - main - INFO - Mulai mendengarkan pesan dari 2 grup sumber...
2026-06-05 13:55:07,166 - main - INFO - Sinyal yang valid akan diteruskan ke 2 target.
2026-06-05 13:55:07,166 - src.adapters.telegram.client - INFO - Aplikasi sedang mendengarkan pesan (listening)... Tekan Ctrl+C untuk keluar.
2026-06-05 13:55:07,166 - main - INFO - Memulai background task pemantau file konfigurasi (Hot Reload)...
2026-06-05 13:55:07,816 - src.adapters.telegram.client - INFO - 📥 [PESAN MASUK] Chat ID: -1003765107916 | Nama: 'CIRCLE TGA 🇮🇩' | Teks: GOLD SELL NOW...
2026-06-05 13:55:27,682 - src.adapters.telegram.client - INFO - 📥 [PESAN MASUK] Chat ID: 192453686 | Nama: 'Indra_Sitorus' | Teks: SELL ya...
2026-06-05 13:56:21,251 - src.adapters.telegram.client - INFO - 📥 [PESAN MASUK] Chat ID: -1003765107916 | Nama: 'CIRCLE TGA 🇮🇩' | Teks: 👑 GOLD SELL NOW 👑  PRICE: 4451 - 44  TP1 🎖: 4445 TP2 🎖: 4439...
2026-06-05 13:56:21,252 - src.core.use_cases.monitor_groups - INFO - Mendeteksi pesan sinyal potensial di chat -1003765107916 ('CIRCLE TGA 🇮🇩')...
2026-06-05 13:56:21,253 - src.core.use_cases.monitor_groups - INFO - Pencocokan nama grup berhasil secara partial: 'CIRCLE TGA 🇮🇩' cocok dengan konfigurasi 'circle tga'
2026-06-05 13:56:21,254 - src.core.use_cases.monitor_groups - INFO - Sinyal trading GOLD SELL berhasil diparsing.
2026-06-05 13:56:21,255 - src.core.use_cases.forward_signal - INFO - Mengirim sinyal terformat ke 2 target...
2026-06-05 13:56:21,255 - src.core.use_cases.forward_signal - INFO - Mengirim sinyal ke target: 'benysutanto' (Chat ID: 375461315)
2026-06-05 13:56:21,255 - src.adapters.telegram.client - INFO - Mengirim pesan ke chat_id: 375461315 - 📢 **NEW SIGNAL RECEIVED - CIRCLE TGA 🇮🇩** 📢
📅 **Date**: 05-06-2026 13:56:21

🔹 **Action**: SELL NOW
🔹 **Range Entry**: 44 - 4451

🎯 **Target Profit**:
- TP 1: 4445
- TP 2: 4439

🛑 **Stop Loss**: 4459

⚠️ *Jaga Money Management & Entry Pelan-Pelan* 
2026-06-05 13:56:21,310 - src.core.use_cases.forward_signal - INFO - Mengirim sinyal ke target: 'Indra_Sitorus' (Chat ID: 192453686)
2026-06-05 13:56:21,310 - src.adapters.telegram.client - INFO - Mengirim pesan ke chat_id: 192453686 - 📢 **NEW SIGNAL RECEIVED - CIRCLE TGA 🇮🇩** 📢
📅 **Date**: 05-06-2026 13:56:21

🔹 **Action**: SELL NOW
🔹 **Range Entry**: 44 - 4451

🎯 **Target Profit**:
- TP 1: 4445
- TP 2: 4439

🛑 **Stop Loss**: 4459

⚠️ *Jaga Money Management & Entry Pelan-Pelan* 
2026-06-05 13:56:33,997 - src.adapters.telegram.client - INFO - 📥 [PESAN MASUK] Chat ID: 192453686 | Nama: 'Indra_Sitorus' | Teks: wah masuk nih listeningnya...
2026-06-05 13:58:50,341 - src.adapters.telegram.client - INFO - 📥 [PESAN MASUK] Chat ID: -1001048910279 | Nama: 'Lowongan Kerja IT' | Teks: (Urgent)  Hi,  PT Mitra Integrasi Informatika (Metrodata Gro...
2026-06-05 13:59:01,596 - src.adapters.telegram.client - INFO - 📥 [PESAN MASUK] Chat ID: -1003765107916 | Nama: 'CIRCLE TGA 🇮🇩' | Teks: Masuk entry pelan pelan yuk ! Bismillah...
2026-06-05 14:04:58,755 - src.adapters.telegram.client - INFO - 📥 [PESAN MASUK] Chat ID: -1001048910279 | Nama: 'Lowongan Kerja IT' | Teks: Hi there, we are a growing Sovereign Ai & Data company. We'r...
2026-06-05 14:12:54,070 - src.adapters.telegram.client - INFO - 📥 [PESAN MASUK] Chat ID: -1003765107916 | Nama: 'CIRCLE TGA 🇮🇩' | Teks: Hit risk, goldnya gak mau pullback guys, my baddd 🙏🏻 kita re...
2026-06-05 14:12:58,423 - src.adapters.telegram.client - INFO - 📥 [PESAN MASUK] Chat ID: -1003745903038 | Nama: 'DISKUSI TradeLikeAris 🇮🇩' | Teks: Sl bang aris, di tunggu recovery nya...
2026-06-05 14:15:07,325 - src.adapters.telegram.client - INFO - 📥 [PESAN MASUK] Chat ID: -1001189544175 | Nama: 'Quds News Network' | Teks: Israeli settler militias block a road serving local Palestin...
2026-06-05 14:19:07,325 - src.adapters.telegram.client - INFO - 📥 [PESAN MASUK] Chat ID: -1001048910279 | Nama: 'Lowongan Kerja IT' | Teks: Hi, #TalentPeople PT Artha Adipersada is #Hiring  Bergabungl...
2026-06-05 14:23:07,360 - src.adapters.telegram.client - INFO - 📥 [PESAN MASUK] Chat ID: -1001048910279 | Nama: 'Lowongan Kerja IT' | Teks: 📣 WE’RE HIRING! - Join DTP  Saatnya bergabung bersama kami d...
2026-06-05 14:23:46,535 - src.adapters.telegram.client - INFO - 📥 [PESAN MASUK] Chat ID: -1002049259647 | Nama: 'Diskusi Channel AnTek Saham' | Teks: kenapa all in nggak di big bank saja jika sama-sama nunggu h...
2026-06-05 14:28:55,294 - src.adapters.telegram.client - INFO - 📥 [PESAN MASUK] Chat ID: -1001189544175 | Nama: 'Quds News Network' | Teks: An 18-year-old Palestinian woman was killed and several othe...
2026-06-05 14:29:15,684 - src.adapters.telegram.client - INFO - 📥 [PESAN MASUK] Chat ID: 192453686 | Nama: 'Indra_Sitorus' | Teks: Ini baru?...
2026-06-05 14:29:33,748 - src.adapters.telegram.client - INFO - 📥 [PESAN MASUK] Chat ID: 192453686 | Nama: 'Indra_Sitorus' | Teks: SL bang...
2026-06-05 14:29:36,608 - src.adapters.telegram.client - INFO - 📥 [PESAN MASUK] Chat ID: 192453686 | Nama: 'Indra_Sitorus' | Teks: terbang malah...
2026-06-05 14:29:41,550 - src.adapters.telegram.client - INFO - 📥 [PESAN MASUK] Chat ID: 192453686 | Nama: 'Indra_Sitorus' | Teks: nunggu recovery...
2026-06-05 14:30:03,311 - src.adapters.telegram.client - INFO - 📥 [PESAN MASUK] Chat ID: 192453686 | Nama: 'Indra_Sitorus' | Teks: elo lihat jamnya yah bang, gw kasih jam itu...
2026-06-05 14:34:28,096 - src.adapters.telegram.client - INFO - 📥 [PESAN MASUK] Chat ID: 192453686 | Nama: 'Indra_Sitorus' | Teks: Kayaknya ini buy ya...
2026-06-05 14:34:38,506 - src.adapters.telegram.client - INFO - 📥 [PESAN MASUK] Chat ID: 192453686 | Nama: 'Indra_Sitorus' | Teks: Aku td coba sell tipis. Tp ga kena...
2026-06-05 14:36:26,969 - src.adapters.telegram.client - INFO - 📥 [PESAN MASUK] Chat ID: -1001048910279 | Nama: 'Lowongan Kerja IT' | Teks: perasaan MSBU Share loker ini aja terus...
2026-06-05 14:38:07,463 - src.adapters.telegram.client - INFO - 📥 [PESAN MASUK] Chat ID: -1001189544175 | Nama: 'Quds News Network' | Teks: Australian activist Gemma O’Toole, along with fellow activis...
2026-06-05 14:39:07,011 - src.adapters.telegram.client - INFO - 📥 [PESAN MASUK] Chat ID: 192453686 | Nama: 'Indra_Sitorus' | Teks: iya buy ini...
2026-06-05 14:42:40,028 - src.adapters.telegram.client - INFO - 📥 [PESAN MASUK] Chat ID: 192453686 | Nama: 'Indra_Sitorus' | Teks: malam lebih ngeri ini...
2026-06-05 14:42:48,386 - src.adapters.telegram.client - INFO - 📥 [PESAN MASUK] Chat ID: -1003765107916 | Nama: 'CIRCLE TGA 🇮🇩' | Teks: Yuk ready...
2026-06-05 14:42:57,490 - src.adapters.telegram.client - INFO - 📥 [PESAN MASUK] Chat ID: 192453686 | Nama: 'Indra_Sitorus' | Teks: siap2 terima sinyal...
2026-06-05 14:43:05,430 - src.adapters.telegram.client - INFO - 📥 [PESAN MASUK] Chat ID: -1003765107916 | Nama: 'CIRCLE TGA 🇮🇩' | Teks: GOLD SELL NOW...
2026-06-05 14:44:02,039 - src.adapters.telegram.client - INFO - 📥 [PESAN MASUK] Chat ID: 192453686 | Nama: 'Indra_Sitorus' | Teks: Dah ready?...
2026-06-05 14:44:16,579 - src.adapters.telegram.client - INFO - 📥 [PESAN MASUK] Chat ID: 192453686 | Nama: 'Indra_Sitorus' | Teks: tunggu sinyal masuk aja bang...
2026-06-05 14:44:25,917 - src.adapters.telegram.client - INFO - 📥 [PESAN MASUK] Chat ID: -1003765107916 | Nama: 'CIRCLE TGA 🇮🇩' | Teks: 👑 GOLD SELL NOW 👑  PRICE: 4463 - 4467  TP1 🎖: 4459 TP2 🎖: 44...
2026-06-05 14:44:25,917 - src.core.use_cases.monitor_groups - INFO - Mendeteksi pesan sinyal potensial di chat -1003765107916 ('CIRCLE TGA 🇮🇩')...
2026-06-05 14:44:25,917 - src.core.use_cases.monitor_groups - INFO - Pencocokan nama grup berhasil secara partial: 'CIRCLE TGA 🇮🇩' cocok dengan konfigurasi 'circle tga'
2026-06-05 14:44:25,918 - src.core.use_cases.monitor_groups - INFO - Sinyal trading GOLD SELL berhasil diparsing.
2026-06-05 14:44:25,918 - src.core.use_cases.forward_signal - INFO - Mengirim sinyal terformat ke 2 target...
2026-06-05 14:44:25,918 - src.core.use_cases.forward_signal - INFO - Mengirim sinyal ke target: 'benysutanto' (Chat ID: 375461315)
2026-06-05 14:44:25,918 - src.adapters.telegram.client - INFO - Mengirim pesan ke chat_id: 375461315 - 📢 **NEW SIGNAL RECEIVED - CIRCLE TGA 🇮🇩** 📢
📅 **Date**: 05-06-2026 14:44:25

🔹 **Action**: SELL NOW
🔹 **Range Entry**: 4463 - 4467

🎯 **Target Profit**:
- TP 1: 4459
- TP 2: 4454

🛑 **Stop Loss**: 4471

⚠️ *Jaga Money Management & Entry Pelan-Pelan* 
2026-06-05 14:44:25,971 - src.core.use_cases.forward_signal - INFO - Mengirim sinyal ke target: 'Indra_Sitorus' (Chat ID: 192453686)
2026-06-05 14:44:25,971 - src.adapters.telegram.client - INFO - Mengirim pesan ke chat_id: 192453686 - 📢 **NEW SIGNAL RECEIVED - CIRCLE TGA 🇮🇩** 📢
📅 **Date**: 05-06-2026 14:44:25

🔹 **Action**: SELL NOW
🔹 **Range Entry**: 4463 - 4467

🎯 **Target Profit**:
- TP 1: 4459
- TP 2: 4454

🛑 **Stop Loss**: 4471

⚠️ *Jaga Money Management & Entry Pelan-Pelan* 
2026-06-05 14:47:36,636 - src.adapters.telegram.client - INFO - 📥 [PESAN MASUK] Chat ID: -1001189544175 | Nama: 'Quds News Network' | Teks: Breaking | A Palestinian just died from wounds sustained in ...
2026-06-05 14:53:03,472 - src.adapters.telegram.client - INFO - 📥 [PESAN MASUK] Chat ID: -1001048910279 | Nama: 'Lowongan Kerja IT' | Teks: (3 + 10) 75.TB#.Aryani, please, send the solution to the ari...
2026-06-05 14:54:07,529 - src.adapters.telegram.client - INFO - 📥 [PESAN MASUK] Chat ID: -1001048910279 | Nama: 'Lowongan Kerja IT' | Teks: (9 + 1) @fauzanrozaq, please, send the solution to the arith...
2026-06-05 14:54:36,111 - src.adapters.telegram.client - INFO - 📥 [PESAN MASUK] Chat ID: -1001048910279 | Nama: 'Lowongan Kerja IT' | Teks: 10...
2026-06-05 14:54:36,614 - telethon.client.updates - INFO - Got difference for channel 1048910279 updates
2026-06-05 14:55:07,281 - telethon.client.updates - INFO - Got difference for channel 1189544175 updates
2026-06-05 14:55:07,283 - src.adapters.telegram.client - INFO - 📥 [PESAN MASUK] Chat ID: -1001189544175 | Nama: 'Quds News Network' | Teks: Israeli settlers block a road with stones in the town of Qab...
2026-06-05 15:00:42,400 - src.adapters.telegram.client - INFO - 📥 [PESAN MASUK] Chat ID: -1003765107916 | Nama: 'CIRCLE TGA 🇮🇩' | Teks: Recovery ✅...
2026-06-05 15:01:31,552 - src.adapters.telegram.client - INFO - 📥 [PESAN MASUK] Chat ID: -1003765107916 | Nama: 'CIRCLE TGA 🇮🇩' | Teks: GOLD DONE HIT TP1 ✅  TERJUN 60Pips ! Yukk secure dulu guys ,...
2026-06-05 15:01:46,450 - src.adapters.telegram.client - INFO - 📥 [PESAN MASUK] Chat ID: -1001048910279 | Nama: 'Lowongan Kerja IT' | Teks: (5 + 8) @vk_mi1, please, send the solution to the arithmetic...
2026-06-05 15:03:10,008 - src.adapters.telegram.client - INFO - 📥 [PESAN MASUK] Chat ID: -1003745903038 | Nama: 'DISKUSI TradeLikeAris 🇮🇩' | Teks: Alhamdulillah thanks @TheRealArisFX...
2026-06-05 15:05:39,993 - src.adapters.telegram.client - INFO - 📥 [PESAN MASUK] Chat ID: 192453686 | Nama: 'Indra_Sitorus' | Teks: Dpt tp1?...
2026-06-05 15:05:58,225 - src.adapters.telegram.client - INFO - 📥 [PESAN MASUK] Chat ID: -1001189544175 | Nama: 'Quds News Network' | Teks: Breaking | Israeli drone aircraft carry out two airstrikes o...
2026-06-05 15:06:39,732 - src.adapters.telegram.client - INFO - 📥 [PESAN MASUK] Chat ID: -1003745903038 | Nama: 'DISKUSI TradeLikeAris 🇮🇩' | Teks: Makasih bang @TheRealArisFX 🔥🔥...
2026-06-05 15:07:10,900 - src.adapters.telegram.client - INFO - 📥 [PESAN MASUK] Chat ID: 192453686 | Nama: 'Indra_Sitorus' | Teks: 4$...
2026-06-05 15:07:24,628 - main - INFO - Memulai aplikasi Telegram Signal Listener & Forwarder...
2026-06-05 15:07:24,629 - main - INFO - Konfigurasi berhasil dimuat.
2026-06-05 15:07:24,630 - src.core.use_cases.monitor_groups - INFO - MonitorGroupsUseCase berhasil memperbarui konfigurasi grup sumber secara dinamis.
2026-06-05 15:07:24,630 - src.adapters.telegram.client - INFO - Mendaftarkan handler event pesan baru (Mendengarkan semua chat untuk mempermudah deteksi chat_id)...
2026-06-05 15:07:24,630 - src.adapters.telegram.client - INFO - Memulai sesi Telegram...
2026-06-05 15:07:24,630 - telethon.network.mtprotosender - INFO - Connecting to 91.108.56.191:443/TcpFull...
2026-06-05 15:07:24,650 - telethon.network.mtprotosender - INFO - Connection to 91.108.56.191:443/TcpFull complete!
2026-06-05 15:07:24,842 - src.adapters.telegram.client - INFO - Sesi Telegram berhasil dimulai.
2026-06-05 15:07:24,872 - main - INFO - Otorisasi sukses. Berjalan menggunakan akun: Beny  (@benysutanto)
2026-06-05 15:07:24,873 - main - INFO - Mulai mendengarkan pesan dari 2 grup sumber...
2026-06-05 15:07:24,873 - main - INFO - Sinyal yang valid akan diteruskan ke 2 target.
2026-06-05 15:07:24,873 - src.adapters.telegram.client - INFO - Aplikasi sedang mendengarkan pesan (listening)... Tekan Ctrl+C untuk keluar.
2026-06-05 15:07:24,873 - main - INFO - Memulai background task pemantau file konfigurasi (Hot Reload)...
2026-06-05 15:07:30,332 - main - INFO - Memulai aplikasi Telegram Signal Listener & Forwarder...
2026-06-05 15:07:30,333 - main - INFO - Konfigurasi berhasil dimuat.
2026-06-05 15:07:30,334 - src.core.use_cases.monitor_groups - INFO - MonitorGroupsUseCase berhasil memperbarui konfigurasi grup sumber secara dinamis.
2026-06-05 15:07:30,334 - src.adapters.telegram.client - INFO - Mendaftarkan handler event pesan baru (Mendengarkan semua chat untuk mempermudah deteksi chat_id)...
2026-06-05 15:07:30,334 - src.adapters.telegram.client - INFO - Memulai sesi Telegram...
2026-06-05 15:07:30,334 - telethon.network.mtprotosender - INFO - Connecting to 91.108.56.191:443/TcpFull...
2026-06-05 15:07:30,354 - telethon.network.mtprotosender - INFO - Connection to 91.108.56.191:443/TcpFull complete!
2026-06-05 15:07:30,630 - src.adapters.telegram.client - INFO - Sesi Telegram berhasil dimulai.
2026-06-05 15:07:30,657 - main - INFO - Otorisasi sukses. Berjalan menggunakan akun: Beny  (@benysutanto)
2026-06-05 15:07:30,657 - main - INFO - Mulai mendengarkan pesan dari 2 grup sumber...
2026-06-05 15:07:30,657 - main - INFO - Sinyal yang valid akan diteruskan ke 2 target.
2026-06-05 15:07:30,657 - src.adapters.telegram.client - INFO - Aplikasi sedang mendengarkan pesan (listening)... Tekan Ctrl+C untuk keluar.
2026-06-05 15:07:30,657 - main - INFO - Memulai background task pemantau file konfigurasi (Hot Reload)...
2026-06-05 15:07:36,864 - main - INFO - Memulai aplikasi Telegram Signal Listener & Forwarder...
2026-06-05 15:07:36,865 - main - INFO - Konfigurasi berhasil dimuat.
2026-06-05 15:07:36,866 - src.core.use_cases.monitor_groups - INFO - MonitorGroupsUseCase berhasil memperbarui konfigurasi grup sumber secara dinamis.
2026-06-05 15:07:36,866 - src.adapters.telegram.client - INFO - Mendaftarkan handler event pesan baru (Mendengarkan semua chat untuk mempermudah deteksi chat_id)...
2026-06-05 15:07:36,866 - src.adapters.telegram.client - INFO - Memulai sesi Telegram...
2026-06-05 15:07:36,866 - telethon.network.mtprotosender - INFO - Connecting to 91.108.56.191:443/TcpFull...
2026-06-05 15:07:36,890 - telethon.network.mtprotosender - INFO - Connection to 91.108.56.191:443/TcpFull complete!
2026-06-05 15:07:37,083 - src.adapters.telegram.client - INFO - Sesi Telegram berhasil dimulai.
2026-06-05 15:07:37,110 - main - INFO - Otorisasi sukses. Berjalan menggunakan akun: Beny  (@benysutanto)
2026-06-05 15:07:37,110 - main - INFO - Mulai mendengarkan pesan dari 2 grup sumber...
2026-06-05 15:07:37,110 - main - INFO - Sinyal yang valid akan diteruskan ke 2 target.
2026-06-05 15:07:37,110 - src.adapters.telegram.client - INFO - Aplikasi sedang mendengarkan pesan (listening)... Tekan Ctrl+C untuk keluar.
2026-06-05 15:07:37,111 - main - INFO - Memulai background task pemantau file konfigurasi (Hot Reload)...
2026-06-05 15:07:42,423 - main - INFO - Memulai aplikasi Telegram Signal Listener & Forwarder...
2026-06-05 15:07:42,424 - main - INFO - Konfigurasi berhasil dimuat.
2026-06-05 15:07:42,424 - src.core.use_cases.monitor_groups - INFO - MonitorGroupsUseCase berhasil memperbarui konfigurasi grup sumber secara dinamis.
2026-06-05 15:07:42,424 - src.adapters.telegram.client - INFO - Mendaftarkan handler event pesan baru (Mendengarkan semua chat untuk mempermudah deteksi chat_id)...
2026-06-05 15:07:42,424 - src.adapters.telegram.client - INFO - Memulai sesi Telegram...
2026-06-05 15:07:42,424 - telethon.network.mtprotosender - INFO - Connecting to 91.108.56.191:443/TcpFull...
2026-06-05 15:07:42,444 - telethon.network.mtprotosender - INFO - Connection to 91.108.56.191:443/TcpFull complete!
2026-06-05 15:07:42,615 - src.adapters.telegram.client - INFO - Sesi Telegram berhasil dimulai.
2026-06-05 15:07:42,641 - main - INFO - Otorisasi sukses. Berjalan menggunakan akun: Beny  (@benysutanto)
2026-06-05 15:07:42,641 - main - INFO - Mulai mendengarkan pesan dari 2 grup sumber...
2026-06-05 15:07:42,641 - main - INFO - Sinyal yang valid akan diteruskan ke 2 target.
2026-06-05 15:07:42,641 - src.adapters.telegram.client - INFO - Aplikasi sedang mendengarkan pesan (listening)... Tekan Ctrl+C untuk keluar.
2026-06-05 15:07:42,641 - main - INFO - Memulai background task pemantau file konfigurasi (Hot Reload)...
2026-06-05 15:07:52,113 - main - INFO - Memulai aplikasi Telegram Signal Listener & Forwarder...
2026-06-05 15:07:52,114 - main - INFO - Konfigurasi berhasil dimuat.
2026-06-05 15:07:52,115 - src.core.use_cases.monitor_groups - INFO - MonitorGroupsUseCase berhasil memperbarui konfigurasi grup sumber secara dinamis.
2026-06-05 15:07:52,115 - src.adapters.telegram.client - INFO - Mendaftarkan handler event pesan baru (Mendengarkan semua chat untuk mempermudah deteksi chat_id)...
2026-06-05 15:07:52,115 - src.adapters.telegram.client - INFO - Memulai sesi Telegram...
2026-06-05 15:07:52,115 - telethon.network.mtprotosender - INFO - Connecting to 91.108.56.191:443/TcpFull...
2026-06-05 15:07:52,134 - telethon.network.mtprotosender - INFO - Connection to 91.108.56.191:443/TcpFull complete!
2026-06-05 15:07:52,322 - src.adapters.telegram.client - INFO - Sesi Telegram berhasil dimulai.
2026-06-05 15:07:52,353 - main - INFO - Otorisasi sukses. Berjalan menggunakan akun: Beny  (@benysutanto)
2026-06-05 15:07:52,353 - main - INFO - Mulai mendengarkan pesan dari 2 grup sumber...
2026-06-05 15:07:52,353 - main - INFO - Sinyal yang valid akan diteruskan ke 2 target.
2026-06-05 15:07:52,353 - src.adapters.telegram.client - INFO - Aplikasi sedang mendengarkan pesan (listening)... Tekan Ctrl+C untuk keluar.
2026-06-05 15:07:52,353 - main - INFO - Memulai background task pemantau file konfigurasi (Hot Reload)...
2026-06-05 15:08:02,469 - main - INFO - Memulai aplikasi Telegram Signal Listener & Forwarder...
2026-06-05 15:08:02,470 - main - INFO - Konfigurasi berhasil dimuat.
2026-06-05 15:08:02,471 - src.core.use_cases.monitor_groups - INFO - MonitorGroupsUseCase berhasil memperbarui konfigurasi grup sumber secara dinamis.
2026-06-05 15:08:02,471 - src.adapters.telegram.client - INFO - Mendaftarkan handler event pesan baru (Mendengarkan semua chat untuk mempermudah deteksi chat_id)...
2026-06-05 15:08:02,471 - src.adapters.telegram.client - INFO - Memulai sesi Telegram...
2026-06-05 15:08:02,471 - telethon.network.mtprotosender - INFO - Connecting to 91.108.56.191:443/TcpFull...
2026-06-05 15:08:02,491 - telethon.network.mtprotosender - INFO - Connection to 91.108.56.191:443/TcpFull complete!
2026-06-05 15:08:02,706 - src.adapters.telegram.client - INFO - Sesi Telegram berhasil dimulai.
2026-06-05 15:08:02,733 - main - INFO - Otorisasi sukses. Berjalan menggunakan akun: Beny  (@benysutanto)
2026-06-05 15:08:02,733 - main - INFO - Mulai mendengarkan pesan dari 2 grup sumber...
2026-06-05 15:08:02,733 - main - INFO - Sinyal yang valid akan diteruskan ke 2 target.
2026-06-05 15:08:02,733 - src.adapters.telegram.client - INFO - Aplikasi sedang mendengarkan pesan (listening)... Tekan Ctrl+C untuk keluar.
2026-06-05 15:08:02,733 - main - INFO - Memulai background task pemantau file konfigurasi (Hot Reload)...
2026-06-05 15:09:21,567 - main - INFO - Memulai aplikasi Telegram Signal Listener & Forwarder...
2026-06-05 15:09:21,568 - main - INFO - Konfigurasi berhasil dimuat.
2026-06-05 15:09:21,569 - src.core.use_cases.monitor_groups - INFO - MonitorGroupsUseCase berhasil memperbarui konfigurasi grup sumber secara dinamis.
2026-06-05 15:09:21,569 - src.adapters.telegram.client - INFO - Mendaftarkan handler event pesan baru (Mendengarkan semua chat untuk mempermudah deteksi chat_id)...
2026-06-05 15:09:21,569 - src.adapters.telegram.client - INFO - Memulai sesi Telegram...
2026-06-05 15:09:21,569 - telethon.network.mtprotosender - INFO - Connecting to 91.108.56.191:443/TcpFull...
2026-06-05 15:09:21,588 - telethon.network.mtprotosender - INFO - Connection to 91.108.56.191:443/TcpFull complete!
2026-06-05 15:09:21,783 - src.adapters.telegram.client - INFO - Sesi Telegram berhasil dimulai.
2026-06-05 15:09:21,814 - main - INFO - Otorisasi sukses. Berjalan menggunakan akun: Beny  (@benysutanto)
2026-06-05 15:09:21,814 - main - INFO - Mulai mendengarkan pesan dari 2 grup sumber...
2026-06-05 15:09:21,814 - main - INFO - Sinyal yang valid akan diteruskan ke 2 target.
2026-06-05 15:09:21,814 - src.adapters.telegram.client - INFO - Aplikasi sedang mendengarkan pesan (listening)... Tekan Ctrl+C untuk keluar.
2026-06-05 15:09:21,814 - main - INFO - Memulai background task pemantau file konfigurasi (Hot Reload)...
2026-06-05 15:09:52,355 - src.adapters.telegram.client - INFO - 📥 [PESAN MASUK] Chat ID: 375461315 | Nama: 'benysutanto' | Teks: INI UNTUK TEST  👑 GOLD BUY NOW 👑  PRICE: 4506 - 4503  TP1 🎖:...
2026-06-05 15:09:52,355 - src.core.use_cases.monitor_groups - INFO - Pencocokan nama grup berhasil secara partial: 'benysutanto' cocok dengan konfigurasi 'benysutanto'
2026-06-05 15:09:52,355 - src.core.use_cases.monitor_groups - INFO - Mendeteksi pesan potensial di chat 375461315 ('benysutanto')...
2026-06-05 15:09:52,356 - src.core.use_cases.monitor_groups - INFO - Sinyal trading GOLD BUY berhasil diparsing menggunakan parser 'price'.
2026-06-05 15:09:52,357 - src.core.use_cases.forward_signal - INFO - Mengirim sinyal terformat ke 2 target...
2026-06-05 15:09:52,357 - src.core.use_cases.forward_signal - INFO - Mengirim sinyal ke target: 'benysutanto' (Chat ID: 375461315)
2026-06-05 15:09:52,357 - src.adapters.telegram.client - INFO - Mengirim pesan ke chat_id: 375461315 - 📢 **NEW SIGNAL RECEIVED - BENYSUTANTO** 📢

📅 **Date**: 05-06-2026 15:09:52

🔹 **Action**: BUY NOW
🔹 **Range Entry**: 4503 - 4506

🎯 **Target Profit**:
- TP 1: 4511
- TP 2: 4516

🛑 **Stop Loss**: 4498

⚠️ *Jaga Money Management & Entry Pelan-Pelan* 
2026-06-05 15:09:52,409 - src.core.use_cases.forward_signal - INFO - Mengirim sinyal ke target: 'Indra_Sitorus' (Chat ID: 192453686)
2026-06-05 15:09:52,409 - src.adapters.telegram.client - INFO - Mengirim pesan ke chat_id: 192453686 - 📢 **NEW SIGNAL RECEIVED - BENYSUTANTO** 📢

📅 **Date**: 05-06-2026 15:09:52

🔹 **Action**: BUY NOW
🔹 **Range Entry**: 4503 - 4506

🎯 **Target Profit**:
- TP 1: 4511
- TP 2: 4516

🛑 **Stop Loss**: 4498

⚠️ *Jaga Money Management & Entry Pelan-Pelan* 
2026-06-05 15:10:11,773 - src.adapters.telegram.client - INFO - 📥 [PESAN MASUK] Chat ID: 192453686 | Nama: 'Indra_Sitorus' | Teks: ini test ya bang...
2026-06-05 15:10:40,593 - src.adapters.telegram.client - INFO - 📥 [PESAN MASUK] Chat ID: 375461315 | Nama: 'benysutanto' | Teks: GOLD DONE HIT TP1 ✅  TERJUN 60Pips ! Yukk secure dulu guys ,...
2026-06-05 15:10:40,593 - src.core.use_cases.monitor_groups - INFO - Pencocokan nama grup berhasil secara partial: 'benysutanto' cocok dengan konfigurasi 'benysutanto'
2026-06-05 15:10:53,360 - src.adapters.telegram.client - INFO - 📥 [PESAN MASUK] Chat ID: 375461315 | Nama: 'benysutanto' | Teks: GOLD DONE HIT TP1 ✅  TERJUN 60Pips ! Yukk secure dulu guys ,...
2026-06-05 15:10:53,360 - src.core.use_cases.monitor_groups - INFO - Pencocokan nama grup berhasil secara partial: 'benysutanto' cocok dengan konfigurasi 'benysutanto'
2026-06-05 15:12:21,824 - src.adapters.telegram.client - INFO - 📥 [PESAN MASUK] Chat ID: -1001189544175 | Nama: 'Quds News Network' | Teks: Breaking | The Israeli occupation army has set fire to agric...
2026-06-05 15:12:39,382 - main - INFO - Memulai aplikasi Telegram Signal Listener & Forwarder...
2026-06-05 15:12:39,383 - main - INFO - Konfigurasi berhasil dimuat.
2026-06-05 15:12:39,384 - src.core.use_cases.monitor_groups - INFO - MonitorGroupsUseCase berhasil memperbarui konfigurasi grup sumber secara dinamis.
2026-06-05 15:12:39,384 - src.adapters.telegram.client - INFO - Mendaftarkan handler event pesan baru (Mendengarkan semua chat untuk mempermudah deteksi chat_id)...
2026-06-05 15:12:39,384 - src.adapters.telegram.client - INFO - Memulai sesi Telegram...
2026-06-05 15:12:39,384 - telethon.network.mtprotosender - INFO - Connecting to 91.108.56.191:443/TcpFull...
2026-06-05 15:12:39,404 - telethon.network.mtprotosender - INFO - Connection to 91.108.56.191:443/TcpFull complete!
2026-06-05 15:12:39,641 - src.adapters.telegram.client - INFO - Sesi Telegram berhasil dimulai.
2026-06-05 15:12:39,684 - main - INFO - Otorisasi sukses. Berjalan menggunakan akun: Beny  (@benysutanto)
2026-06-05 15:12:39,684 - main - INFO - Mulai mendengarkan pesan dari 2 grup sumber...
2026-06-05 15:12:39,685 - main - INFO - Sinyal yang valid akan diteruskan ke 2 target.
2026-06-05 15:12:39,685 - src.adapters.telegram.client - INFO - Aplikasi sedang mendengarkan pesan (listening)... Tekan Ctrl+C untuk keluar.
2026-06-05 15:12:39,685 - main - INFO - Memulai background task pemantau file konfigurasi (Hot Reload)...
2026-06-05 15:12:50,702 - src.adapters.telegram.client - INFO - 📥 [PESAN MASUK] Chat ID: 375461315 | Nama: 'benysutanto' | Teks: GOLD DONE HIT TP1 ✅  TERJUN 60Pips ! Yukk secure dulu guys ,...
2026-06-05 15:12:50,702 - src.core.use_cases.monitor_groups - INFO - Pencocokan nama grup berhasil secara partial: 'benysutanto' cocok dengan konfigurasi 'benysutanto'
2026-06-05 15:12:50,703 - src.core.use_cases.monitor_groups - INFO - Mendeteksi pesan potensial di chat 375461315 ('benysutanto')...
2026-06-05 15:12:50,703 - src.core.use_cases.monitor_groups - ERROR - Gagal memproses pesan dengan parser 'gold done hit tp1': Tipe parser tidak dikenal: 'gold done hit tp1'
Traceback (most recent call last):
  File "/Users/benysutanto/Documents/Works/Personal/telinMerial/src/core/use_cases/monitor_groups.py", line 70, in handle_new_message
    parser = get_parser(p_type)
  File "/Users/benysutanto/Documents/Works/Personal/telinMerial/src/adapters/telegram/parsers/factory.py", line 17, in get_parser
    raise ValueError(f"Tipe parser tidak dikenal: '{parser_type}'")
ValueError: Tipe parser tidak dikenal: 'gold done hit tp1'
2026-06-05 15:12:50,704 - src.core.use_cases.monitor_groups - WARNING - Pesan di chat 375461315 ('benysutanto') lolos filter awal, tetapi gagal diparsing oleh semua parser: ['price', 'gold done hit tp1'].
2026-06-05 15:14:39,783 - main - INFO - Memulai aplikasi Telegram Signal Listener & Forwarder...
2026-06-05 15:14:39,784 - main - INFO - Konfigurasi berhasil dimuat.
2026-06-05 15:14:39,784 - src.core.use_cases.monitor_groups - INFO - MonitorGroupsUseCase berhasil memperbarui konfigurasi grup sumber secara dinamis.
2026-06-05 15:14:39,784 - src.adapters.telegram.client - INFO - Mendaftarkan handler event pesan baru (Mendengarkan semua chat untuk mempermudah deteksi chat_id)...
2026-06-05 15:14:39,784 - src.adapters.telegram.client - INFO - Memulai sesi Telegram...
2026-06-05 15:14:39,784 - telethon.network.mtprotosender - INFO - Connecting to 91.108.56.191:443/TcpFull...
2026-06-05 15:14:39,806 - telethon.network.mtprotosender - INFO - Connection to 91.108.56.191:443/TcpFull complete!
2026-06-05 15:14:40,050 - src.adapters.telegram.client - INFO - Sesi Telegram berhasil dimulai.
2026-06-05 15:14:40,077 - main - INFO - Otorisasi sukses. Berjalan menggunakan akun: Beny  (@benysutanto)
2026-06-05 15:14:40,077 - main - INFO - Mulai mendengarkan pesan dari 2 grup sumber...
2026-06-05 15:14:40,077 - main - INFO - Sinyal yang valid akan diteruskan ke 2 target.
2026-06-05 15:14:40,077 - src.adapters.telegram.client - INFO - Aplikasi sedang mendengarkan pesan (listening)... Tekan Ctrl+C untuk keluar.
2026-06-05 15:14:40,077 - main - INFO - Memulai background task pemantau file konfigurasi (Hot Reload)...
2026-06-05 15:14:51,278 - main - INFO - Memulai aplikasi Telegram Signal Listener & Forwarder...
2026-06-05 15:14:51,279 - main - INFO - Konfigurasi berhasil dimuat.
2026-06-05 15:14:51,280 - src.core.use_cases.monitor_groups - INFO - MonitorGroupsUseCase berhasil memperbarui konfigurasi grup sumber secara dinamis.
2026-06-05 15:14:51,280 - src.adapters.telegram.client - INFO - Mendaftarkan handler event pesan baru (Mendengarkan semua chat untuk mempermudah deteksi chat_id)...
2026-06-05 15:14:51,280 - src.adapters.telegram.client - INFO - Memulai sesi Telegram...
2026-06-05 15:14:51,280 - telethon.network.mtprotosender - INFO - Connecting to 91.108.56.191:443/TcpFull...
2026-06-05 15:14:51,300 - telethon.network.mtprotosender - INFO - Connection to 91.108.56.191:443/TcpFull complete!
2026-06-05 15:14:51,481 - src.adapters.telegram.client - INFO - Sesi Telegram berhasil dimulai.
2026-06-05 15:14:51,508 - main - INFO - Otorisasi sukses. Berjalan menggunakan akun: Beny  (@benysutanto)
2026-06-05 15:14:51,509 - main - INFO - Mulai mendengarkan pesan dari 2 grup sumber...
2026-06-05 15:14:51,509 - main - INFO - Sinyal yang valid akan diteruskan ke 2 target.
2026-06-05 15:14:51,509 - src.adapters.telegram.client - INFO - Aplikasi sedang mendengarkan pesan (listening)... Tekan Ctrl+C untuk keluar.
2026-06-05 15:14:51,509 - main - INFO - Memulai background task pemantau file konfigurasi (Hot Reload)...
2026-06-05 15:15:03,598 - src.adapters.telegram.client - INFO - 📥 [PESAN MASUK] Chat ID: 192453686 | Nama: 'Indra_Sitorus' | Teks: 😄 untung dikasih tau...
2026-06-05 15:15:11,430 - main - INFO - Memulai aplikasi Telegram Signal Listener & Forwarder...
2026-06-05 15:15:11,431 - main - INFO - Konfigurasi berhasil dimuat.
2026-06-05 15:15:11,432 - src.core.use_cases.monitor_groups - INFO - MonitorGroupsUseCase berhasil memperbarui konfigurasi grup sumber secara dinamis.
2026-06-05 15:15:11,432 - src.adapters.telegram.client - INFO - Mendaftarkan handler event pesan baru (Mendengarkan semua chat untuk mempermudah deteksi chat_id)...
2026-06-05 15:15:11,432 - src.adapters.telegram.client - INFO - Memulai sesi Telegram...
2026-06-05 15:15:11,432 - telethon.network.mtprotosender - INFO - Connecting to 91.108.56.191:443/TcpFull...
2026-06-05 15:15:11,451 - telethon.network.mtprotosender - INFO - Connection to 91.108.56.191:443/TcpFull complete!
2026-06-05 15:15:11,665 - src.adapters.telegram.client - INFO - Sesi Telegram berhasil dimulai.
2026-06-05 15:15:11,696 - main - INFO - Otorisasi sukses. Berjalan menggunakan akun: Beny  (@benysutanto)
2026-06-05 15:15:11,696 - main - INFO - Mulai mendengarkan pesan dari 2 grup sumber...
2026-06-05 15:15:11,696 - main - INFO - Sinyal yang valid akan diteruskan ke 2 target.
2026-06-05 15:15:11,696 - src.adapters.telegram.client - INFO - Aplikasi sedang mendengarkan pesan (listening)... Tekan Ctrl+C untuk keluar.
2026-06-05 15:15:11,696 - main - INFO - Memulai background task pemantau file konfigurasi (Hot Reload)...
2026-06-05 15:15:33,976 - src.adapters.telegram.client - INFO - 📥 [PESAN MASUK] Chat ID: 192453686 | Nama: 'Indra_Sitorus' | Teks: NEW SIGNAL RECEIVED - BENYSUTANTO  ini kan bang beda wkwkwk...
2026-06-05 15:16:24,962 - src.adapters.telegram.client - INFO - 📥 [PESAN MASUK] Chat ID: 375461315 | Nama: 'benysutanto' | Teks: GOLD DONE HIT TP1 ✅  TERJUN 60Pips ! Yukk secure dulu guys ,...
2026-06-05 15:16:24,962 - src.core.use_cases.monitor_groups - INFO - Pencocokan nama grup berhasil secara partial: 'benysutanto' cocok dengan konfigurasi 'benysutanto'
2026-06-05 15:16:24,963 - src.core.use_cases.monitor_groups - INFO - Mendeteksi pesan potensial di chat 375461315 ('benysutanto')...
2026-06-05 15:16:24,963 - src.core.use_cases.monitor_groups - INFO - Pesan mentah berhasil dicocokkan dengan kata kunci 'raw_keyword('GOLD DONE HIT TP1')'.
2026-06-05 15:16:24,963 - src.core.use_cases.forward_signal - INFO - Mengirim pesan mentah terformat ke 2 target...
2026-06-05 15:16:24,963 - src.core.use_cases.forward_signal - INFO - Mengirim pesan mentah ke target: 'benysutanto' (Chat ID: 375461315)
2026-06-05 15:16:24,963 - src.adapters.telegram.client - INFO - Mengirim pesan ke chat_id: 375461315 - 📢 **NEW SIGNAL RECEIVED - BENYSUTANTO** 📢

📅 **Date**: 05-06-2026 15:16:24

GOLD DONE HIT TP1 ✅

TERJUN 60Pips ! Yukk secure dulu guys , bentar lagi kita nyari entry lagi 😎 
2026-06-05 15:16:24,993 - src.adapters.telegram.client - INFO - 📥 [PESAN MASUK] Chat ID: -1001048910279 | Nama: 'Lowongan Kerja IT' | Teks: (6 + 1) @vk_mi1, please, send the solution to the arithmetic...
2026-06-05 15:16:25,008 - src.core.use_cases.forward_signal - INFO - Mengirim pesan mentah ke target: 'Indra_Sitorus' (Chat ID: 192453686)
2026-06-05 15:16:25,008 - src.adapters.telegram.client - INFO - Mengirim pesan ke chat_id: 192453686 - 📢 **NEW SIGNAL RECEIVED - BENYSUTANTO** 📢

📅 **Date**: 05-06-2026 15:16:24

GOLD DONE HIT TP1 ✅

TERJUN 60Pips ! Yukk secure dulu guys , bentar lagi kita nyari entry lagi 😎 
2026-06-05 15:16:48,000 - main - INFO - Memulai aplikasi Telegram Signal Listener & Forwarder...
2026-06-05 15:16:48,002 - main - INFO - Konfigurasi berhasil dimuat.
2026-06-05 15:16:48,003 - src.core.use_cases.monitor_groups - INFO - MonitorGroupsUseCase berhasil memperbarui konfigurasi grup sumber secara dinamis.
2026-06-05 15:16:48,003 - src.adapters.telegram.client - INFO - Mendaftarkan handler event pesan baru (Mendengarkan semua chat untuk mempermudah deteksi chat_id)...
2026-06-05 15:16:48,003 - src.adapters.telegram.client - INFO - Memulai sesi Telegram...
2026-06-05 15:16:48,003 - telethon.network.mtprotosender - INFO - Connecting to 91.108.56.191:443/TcpFull...
2026-06-05 15:16:48,023 - telethon.network.mtprotosender - INFO - Connection to 91.108.56.191:443/TcpFull complete!
2026-06-05 15:16:48,226 - src.adapters.telegram.client - INFO - Sesi Telegram berhasil dimulai.
2026-06-05 15:16:48,257 - main - INFO - Otorisasi sukses. Berjalan menggunakan akun: Beny  (@benysutanto)
2026-06-05 15:16:48,257 - main - INFO - Mulai mendengarkan pesan dari 2 grup sumber...
2026-06-05 15:16:48,257 - main - INFO - Sinyal yang valid akan diteruskan ke 2 target.
2026-06-05 15:16:48,257 - src.adapters.telegram.client - INFO - Aplikasi sedang mendengarkan pesan (listening)... Tekan Ctrl+C untuk keluar.
2026-06-05 15:16:48,257 - main - INFO - Memulai background task pemantau file konfigurasi (Hot Reload)...
2026-06-05 15:16:53,721 - src.adapters.telegram.client - INFO - 📥 [PESAN MASUK] Chat ID: 375461315 | Nama: 'benysutanto' | Teks: Yuk ready...
2026-06-05 15:16:53,721 - src.core.use_cases.monitor_groups - INFO - Pencocokan nama grup berhasil secara partial: 'benysutanto' cocok dengan konfigurasi 'benysutanto'
2026-06-05 15:16:53,721 - src.core.use_cases.monitor_groups - INFO - Mendeteksi pesan potensial di chat 375461315 ('benysutanto')...
2026-06-05 15:16:53,721 - src.core.use_cases.monitor_groups - INFO - Pesan mentah berhasil dicocokkan dengan kata kunci 'raw_keyword('Yuk ready')'.
2026-06-05 15:16:53,721 - src.core.use_cases.forward_signal - INFO - Mengirim pesan mentah terformat ke 2 target...
2026-06-05 15:16:53,721 - src.core.use_cases.forward_signal - INFO - Mengirim pesan mentah ke target: 'benysutanto' (Chat ID: 375461315)
2026-06-05 15:16:53,721 - src.adapters.telegram.client - INFO - Mengirim pesan ke chat_id: 375461315 - 📢 **NEW SIGNAL RECEIVED - BENYSUTANTO** 📢

📅 **Date**: 05-06-2026 15:16:53

Yuk ready 
2026-06-05 15:16:53,802 - src.core.use_cases.forward_signal - INFO - Mengirim pesan mentah ke target: 'Indra_Sitorus' (Chat ID: 192453686)
2026-06-05 15:16:53,802 - src.adapters.telegram.client - INFO - Mengirim pesan ke chat_id: 192453686 - 📢 **NEW SIGNAL RECEIVED - BENYSUTANTO** 📢

📅 **Date**: 05-06-2026 15:16:53

Yuk ready 
2026-06-05 15:17:16,626 - main - INFO - Memulai aplikasi Telegram Signal Listener & Forwarder...
2026-06-05 15:17:16,627 - main - INFO - Konfigurasi berhasil dimuat.
2026-06-05 15:17:16,628 - src.core.use_cases.monitor_groups - INFO - MonitorGroupsUseCase berhasil memperbarui konfigurasi grup sumber secara dinamis.
2026-06-05 15:17:16,628 - src.adapters.telegram.client - INFO - Mendaftarkan handler event pesan baru (Mendengarkan semua chat untuk mempermudah deteksi chat_id)...
2026-06-05 15:17:16,628 - src.adapters.telegram.client - INFO - Memulai sesi Telegram...
2026-06-05 15:17:16,628 - telethon.network.mtprotosender - INFO - Connecting to 91.108.56.191:443/TcpFull...
2026-06-05 15:17:16,649 - telethon.network.mtprotosender - INFO - Connection to 91.108.56.191:443/TcpFull complete!
2026-06-05 15:17:16,846 - src.adapters.telegram.client - INFO - Sesi Telegram berhasil dimulai.
2026-06-05 15:17:16,877 - main - INFO - Otorisasi sukses. Berjalan menggunakan akun: Beny  (@benysutanto)
2026-06-05 15:17:16,877 - main - INFO - Mulai mendengarkan pesan dari 2 grup sumber...
2026-06-05 15:17:16,877 - main - INFO - Sinyal yang valid akan diteruskan ke 2 target.
2026-06-05 15:17:16,877 - src.adapters.telegram.client - INFO - Aplikasi sedang mendengarkan pesan (listening)... Tekan Ctrl+C untuk keluar.
2026-06-05 15:17:16,877 - main - INFO - Memulai background task pemantau file konfigurasi (Hot Reload)...
2026-06-05 15:17:37,662 - src.adapters.telegram.client - INFO - 📥 [PESAN MASUK] Chat ID: 192453686 | Nama: 'Indra_Sitorus' | Teks: sip bang, sdh lengkap, biasanya polanya aris akan bilang Yuk...
2026-06-05 15:17:52,121 - src.adapters.telegram.client - INFO - 📥 [PESAN MASUK] Chat ID: 192453686 | Nama: 'Indra_Sitorus' | Teks: trus kasih tahun gold sell/buy —> ini gak gw kirim...
2026-06-05 15:18:01,380 - src.adapters.telegram.client - INFO - 📥 [PESAN MASUK] Chat ID: 192453686 | Nama: 'Indra_Sitorus' | Teks: selanjutnya akan dia kirim range-nya...
2026-06-05 15:18:04,204 - src.adapters.telegram.client - INFO - 📥 [PESAN MASUK] Chat ID: 192453686 | Nama: 'Indra_Sitorus' | Teks: gitu yak...
2026-06-05 15:18:28,633 - src.adapters.telegram.client - INFO - 📥 [PESAN MASUK] Chat ID: 192453686 | Nama: 'Indra_Sitorus' | Teks: nah codenya sdh clean sekarang, dan lebih jelimet jadinya ma...
2026-06-05 15:18:40,116 - src.adapters.telegram.client - INFO - 📥 [PESAN MASUK] Chat ID: 192453686 | Nama: 'Indra_Sitorus' | Teks: yg elo bikin mudah dibaca, tapi ya gitu...
2026-06-05 15:19:13,566 - src.adapters.telegram.client - INFO - 📥 [PESAN MASUK] Chat ID: 192453686 | Nama: 'Indra_Sitorus' | Teks: Eh dia dah lepas ya?...
2026-06-05 15:19:20,837 - src.adapters.telegram.client - INFO - 📥 [PESAN MASUK] Chat ID: 192453686 | Nama: 'Indra_Sitorus' | Teks: Ini aku lg ngejar ke tp2 nya...
2026-06-05 15:19:27,421 - src.adapters.telegram.client - INFO - 📥 [PESAN MASUK] Chat ID: 192453686 | Nama: 'Indra_Sitorus' | Teks: Tp kayaknya berat ya ke tp2...
2026-06-05 15:19:29,919 - src.adapters.telegram.client - INFO - 📥 [PESAN MASUK] Chat ID: 192453686 | Nama: 'Indra_Sitorus' | Teks: Tp itu sell...
2026-06-05 15:19:37,580 - src.adapters.telegram.client - INFO - 📥 [PESAN MASUK] Chat ID: 192453686 | Nama: 'Indra_Sitorus' | Teks: di COnfignya seperti ini:  # Grup sumber yang akan dipantau ...
2026-06-05 15:19:58,392 - src.adapters.telegram.client - INFO - 📥 [PESAN MASUK] Chat ID: 192453686 | Nama: 'Indra_Sitorus' | Teks: buy bang...
2026-06-05 15:20:00,879 - src.adapters.telegram.client - INFO - 📥 [PESAN MASUK] Chat ID: 192453686 | Nama: 'Indra_Sitorus' | Teks: itu naik...
2026-06-05 15:20:06,903 - src.adapters.telegram.client - INFO - 📥 [PESAN MASUK] Chat ID: 192453686 | Nama: 'Indra_Sitorus' | Teks: btw gw jemput anak dulu yah...
2026-06-05 15:21:16,892 - src.adapters.telegram.client - INFO - 📥 [PESAN MASUK] Chat ID: -1001048910279 | Nama: 'Lowongan Kerja IT' | Teks: udah apply saya ternyata dari kmaren2 😂...
2026-06-05 15:23:16,907 - src.adapters.telegram.client - INFO - 📥 [PESAN MASUK] Chat ID: -1001189544175 | Nama: 'Quds News Network' | Teks: Breaking | In a preliminary toll, three people were killed a...
2026-06-05 15:24:55,897 - src.adapters.telegram.client - INFO - 📥 [PESAN MASUK] Chat ID: 192453686 | Nama: 'Indra_Sitorus' | Teks: oke2...
2026-06-05 15:24:59,618 - src.adapters.telegram.client - INFO - 📥 [PESAN MASUK] Chat ID: 192453686 | Nama: 'Indra_Sitorus' | Teks: Aku wd dulu dah...
2026-06-05 15:25:03,177 - src.adapters.telegram.client - INFO - 📥 [PESAN MASUK] Chat ID: 192453686 | Nama: 'Indra_Sitorus' | Teks: Dari pada habis...
2026-06-05 15:25:11,134 - src.adapters.telegram.client - INFO - 📥 [PESAN MASUK] Chat ID: 192453686 | Nama: 'Indra_Sitorus' | Teks: Lumayan dpt 2 jt 😄...
2026-06-05 15:40:14,509 - telethon.network.connection.connection - WARNING - Server closed the connection: [Errno 60] Operation timed out
2026-06-05 15:40:14,512 - telethon.network.mtprotosender - INFO - Connection closed while receiving data: [Errno 60] Operation timed out
2026-06-05 15:40:14,512 - telethon.network.mtprotosender - INFO - Closing current connection to begin reconnect...
2026-06-05 15:40:14,512 - telethon.network.connection.connection - WARNING - Graceful disconnection timed out, forcibly ignoring cleanup
2026-06-05 15:40:14,513 - telethon.network.mtprotosender - INFO - Connecting to 91.108.56.191:443/TcpFull...
2026-06-05 15:40:14,533 - telethon.network.mtprotosender - INFO - Connection to 91.108.56.191:443/TcpFull complete!
2026-06-05 15:40:39,546 - telethon.client.updates - INFO - Got difference for account updates
2026-06-05 15:40:39,550 - src.adapters.telegram.client - INFO - 📥 [PESAN MASUK] Chat ID: 192453686 | Nama: 'Indra_Sitorus' | Teks: wah mantap gede...
2026-06-05 15:40:39,550 - src.adapters.telegram.client - INFO - 📥 [PESAN MASUK] Chat ID: 192453686 | Nama: 'Indra_Sitorus' | Teks: Puji Tuhan, daripada kena lg mending gw turunan dulu, mumpun...
2026-06-05 15:42:20,095 - src.adapters.telegram.client - INFO - 📥 [PESAN MASUK] Chat ID: 192453686 | Nama: 'Indra_Sitorus' | Teks: disetujui tapi belum masuk euy...
2026-06-05 15:42:40,499 - src.adapters.telegram.client - INFO - 📥 [PESAN MASUK] Chat ID: -1001189544175 | Nama: 'Quds News Network' | Teks: Breaking | Israeli fighter jets carry out an airstrike on th...
2026-06-05 15:42:51,941 - src.adapters.telegram.client - INFO - 📥 [PESAN MASUK] Chat ID: 192453686 | Nama: 'Indra_Sitorus' | Teks: mestinya kamis ya narik...
2026-06-05 15:44:56,903 - telethon.client.updates - INFO - Got difference for channel 1048910279 updates
2026-06-05 15:44:56,906 - src.adapters.telegram.client - INFO - 📥 [PESAN MASUK] Chat ID: -1001048910279 | Nama: 'Lowongan Kerja IT' | Teks: ada tips untuk test live coding? seperti website untuk melat...
2026-06-05 15:46:15,134 - src.adapters.telegram.client - INFO - 📥 [PESAN MASUK] Chat ID: 192453686 | Nama: 'Indra_Sitorus' | Teks: Oo udah diokein ya?...
2026-06-05 15:48:06,886 - src.adapters.telegram.client - INFO - 📥 [PESAN MASUK] Chat ID: 192453686 | Nama: 'Indra_Sitorus' | Teks: sdh bang...
2026-06-05 15:48:17,893 - src.adapters.telegram.client - INFO - 📥 [PESAN MASUK] Chat ID: 192453686 | Nama: 'Indra_Sitorus' | Teks: sdh disetujui dr bbrp jam lalu...
2026-06-05 15:51:56,419 - src.adapters.telegram.client - INFO - 📥 [PESAN MASUK] Chat ID: -1001189544175 | Nama: 'Quds News Network' | Teks: Breaking | An Israeli airstrike has targeted a vehicle in th...
2026-06-05 15:52:56,416 - src.adapters.telegram.client - INFO - 📥 [PESAN MASUK] Chat ID: -1001189544175 | Nama: 'Quds News Network' | Teks: Israeli deadly strikes and threats of forced displacement co...
2026-06-05 16:11:05,241 - telethon.network.connection.connection - WARNING - Server closed the connection: [Errno 60] Operation timed out
2026-06-05 16:11:05,243 - telethon.network.mtprotosender - INFO - Connection closed while receiving data: [Errno 60] Operation timed out
2026-06-05 16:11:05,243 - telethon.network.mtprotosender - INFO - Closing current connection to begin reconnect...
2026-06-05 16:11:05,244 - telethon.network.connection.connection - WARNING - Graceful disconnection timed out, forcibly ignoring cleanup
2026-06-05 16:11:05,244 - telethon.network.mtprotosender - INFO - Connecting to 91.108.56.191:443/TcpFull...
2026-06-05 16:11:05,265 - telethon.network.mtprotosender - INFO - Connection to 91.108.56.191:443/TcpFull complete!
2026-06-05 16:28:05,724 - telethon.network.connection.connection - WARNING - Server closed the connection: [Errno 60] Operation timed out
2026-06-05 16:28:05,725 - telethon.network.mtprotosender - INFO - Connection closed while receiving data: [Errno 60] Operation timed out
2026-06-05 16:28:05,725 - telethon.network.mtprotosender - INFO - Closing current connection to begin reconnect...
2026-06-05 16:28:05,726 - telethon.network.connection.connection - WARNING - Graceful disconnection timed out, forcibly ignoring cleanup
2026-06-05 16:28:05,726 - telethon.network.mtprotosender - INFO - Connecting to 91.108.56.191:443/TcpFull...
2026-06-05 16:28:05,747 - telethon.network.mtprotosender - INFO - Connection to 91.108.56.191:443/TcpFull complete!
2026-06-05 16:28:28,861 - telethon.client.updates - INFO - Got difference for account updates
2026-06-05 16:28:28,862 - src.adapters.telegram.client - INFO - 📥 [PESAN MASUK] Chat ID: 192453686 | Nama: 'Indra_Sitorus' | Teks: Alhamdulillah sdh masuk bang...
2026-06-05 16:34:06,470 - telethon.client.updates - INFO - Got difference for channel 3926617666 updates
2026-06-05 16:34:06,475 - src.adapters.telegram.client - INFO - 📥 [PESAN MASUK] Chat ID: -1003926617666 | Nama: 'YEF PIR' | Teks: Update PIR Daily Report Accum/Dist  05/06/2026  Akumulasi (B...
2026-06-05 16:34:06,564 - telethon.client.updates - INFO - Got difference for channel 1876701379 updates
2026-06-05 16:34:06,565 - src.adapters.telegram.client - INFO - 📥 [PESAN MASUK] Chat ID: -1001876701379 | Nama: 'AnTek Saham Channel' | Teks: MENU SORE...
2026-06-05 16:34:06,964 - telethon.client.updates - INFO - Got difference for channel 1189544175 updates
2026-06-05 16:34:06,965 - src.adapters.telegram.client - INFO - 📥 [PESAN MASUK] Chat ID: -1001189544175 | Nama: 'Quds News Network' | Teks: Hamas has urged the UN to blacklist Israel for violations ag...
2026-06-05 16:34:07,097 - telethon.client.updates - INFO - Got difference for channel 3967610866 updates
2026-06-05 16:34:07,098 - src.adapters.telegram.client - INFO - 📥 [PESAN MASUK] Chat ID: -1003967610866 | Nama: 'YEF PIR SYARIAH' | Teks: Update PIRS Daily Report Accum/Dist 05/06/2026 Akumulasi (Bu...
2026-06-05 16:34:07,186 - telethon.client.updates - INFO - Got difference for channel 2049259647 updates
2026-06-05 16:34:07,187 - src.adapters.telegram.client - INFO - 📥 [PESAN MASUK] Chat ID: -1002049259647 | Nama: 'Diskusi Channel AnTek Saham' | Teks: MENU SORE...
2026-06-05 16:34:07,187 - src.adapters.telegram.client - INFO - 📥 [PESAN MASUK] Chat ID: -1002049259647 | Nama: 'Diskusi Channel AnTek Saham' | Teks: Mdka senin gimana om?...
2026-06-05 16:34:45,771 - src.adapters.telegram.client - INFO - 📥 [PESAN MASUK] Chat ID: -1001189544175 | Nama: 'Quds News Network' | Teks: Breaking | Two Palestinians were injured, including one seri...
2026-06-05 16:42:47,393 - telethon.network.connection.connection - WARNING - Server closed the connection: [Errno 60] Operation timed out
2026-06-05 16:42:47,395 - telethon.network.mtprotosender - INFO - Connection closed while receiving data: [Errno 60] Operation timed out
2026-06-05 16:42:47,395 - telethon.network.mtprotosender - INFO - Closing current connection to begin reconnect...
2026-06-05 16:42:47,396 - telethon.network.connection.connection - WARNING - Graceful disconnection timed out, forcibly ignoring cleanup
2026-06-05 16:42:47,397 - telethon.network.mtprotosender - INFO - Connecting to 91.108.56.191:443/TcpFull...
2026-06-05 16:42:47,417 - telethon.network.mtprotosender - INFO - Connection to 91.108.56.191:443/TcpFull complete!
2026-06-05 16:47:29,392 - src.adapters.telegram.client - INFO - 📥 [PESAN MASUK] Chat ID: -1001048910279 | Nama: 'Lowongan Kerja IT' | Teks: (3 + 4) Lala, please, send the solution to the arithmetic op...
2026-06-05 17:05:26,949 - telethon.network.connection.connection - WARNING - Server closed the connection: [Errno 60] Operation timed out
2026-06-05 17:05:26,981 - telethon.network.mtprotosender - INFO - Connection closed while receiving data: [Errno 60] Operation timed out
2026-06-05 17:05:26,981 - telethon.network.mtprotosender - INFO - Closing current connection to begin reconnect...
2026-06-05 17:05:26,981 - telethon.network.connection.connection - WARNING - Graceful disconnection timed out, forcibly ignoring cleanup
2026-06-05 17:05:26,981 - telethon.network.mtprotosender - INFO - Connecting to 91.108.56.191:443/TcpFull...
2026-06-05 17:05:27,351 - telethon.network.mtprotosender - INFO - Connection to 91.108.56.191:443/TcpFull complete!
2026-06-05 17:56:23,360 - telethon.network.connection.connection - WARNING - Server closed the connection: [Errno 60] Operation timed out
2026-06-05 17:56:23,362 - telethon.network.mtprotosender - INFO - Connection closed while receiving data: [Errno 60] Operation timed out
2026-06-05 17:56:23,362 - telethon.network.mtprotosender - INFO - Closing current connection to begin reconnect...
2026-06-05 17:56:23,363 - telethon.network.connection.connection - WARNING - Graceful disconnection timed out, forcibly ignoring cleanup
2026-06-05 17:56:23,363 - telethon.network.mtprotosender - INFO - Connecting to 91.108.56.191:443/TcpFull...
2026-06-05 17:56:23,385 - telethon.network.mtprotosender - INFO - Connection to 91.108.56.191:443/TcpFull complete!
2026-06-05 17:56:51,647 - telethon.client.updates - INFO - Got difference for account updates
2026-06-05 17:56:51,649 - src.adapters.telegram.client - INFO - 📥 [PESAN MASUK] Chat ID: 192453686 | Nama: 'Indra_Sitorus' | Teks: Mantap...
2026-06-05 17:56:51,686 - telethon.client.updates - INFO - Got difference for channel 1048910279 updates
2026-06-05 17:56:51,687 - src.adapters.telegram.client - INFO - 📥 [PESAN MASUK] Chat ID: -1001048910279 | Nama: 'Lowongan Kerja IT' | Teks: PT Putra Besar Abadi sedang membuka kesempatan bagi profesio...
2026-06-05 17:56:51,687 - src.adapters.telegram.client - INFO - 📥 [PESAN MASUK] Chat ID: -1001048910279 | Nama: 'Lowongan Kerja IT' | Teks: nama nya siapa no hp yang tercantum, ada no WA nya ?...
2026-06-05 17:56:51,687 - src.adapters.telegram.client - INFO - 📥 [PESAN MASUK] Chat ID: -1001048910279 | Nama: 'Lowongan Kerja IT' | Teks: tergantung apakah yang proyek yang dipakein AI itu menghasil...
2026-06-05 17:56:51,687 - src.adapters.telegram.client - INFO - 📥 [PESAN MASUK] Chat ID: -1001048910279 | Nama: 'Lowongan Kerja IT' | Teks: saya pakai odoo hris custom nyambung ke flutter device andro...
2026-06-05 17:56:51,688 - src.adapters.telegram.client - INFO - 📥 [PESAN MASUK] Chat ID: -1001048910279 | Nama: 'Lowongan Kerja IT' | Teks: Ada yg bayar pake rupiah kok.. Kyknya flat...
2026-06-05 17:56:51,688 - src.adapters.telegram.client - INFO - 📥 [PESAN MASUK] Chat ID: -1001048910279 | Nama: 'Lowongan Kerja IT' | Teks: @syifaalkhautsar Sudah saya kirim untuk CV-nya via WhatsApp....
2026-06-05 17:56:51,688 - src.adapters.telegram.client - INFO - 📥 [PESAN MASUK] Chat ID: -1001048910279 | Nama: 'Lowongan Kerja IT' | Teks: Ijin mau tanya ini nama perusahaan apa ya ? Karna kalau di t...
2026-06-05 17:56:51,731 - telethon.client.updates - INFO - Got difference for channel 3765107916 updates
2026-06-05 17:56:51,736 - src.adapters.telegram.client - INFO - 📥 [PESAN MASUK] Chat ID: -1003765107916 | Nama: 'CIRCLE TGA 🇮🇩' | Teks: Sideways goldnya guyz 🤣...
2026-06-05 17:56:51,737 - src.core.use_cases.monitor_groups - INFO - Pencocokan nama grup berhasil secara partial: 'CIRCLE TGA 🇮🇩' cocok dengan konfigurasi 'circle tga'
2026-06-05 17:56:51,737 - src.adapters.telegram.client - INFO - 📥 [PESAN MASUK] Chat ID: -1003765107916 | Nama: 'CIRCLE TGA 🇮🇩' | Teks: Kita ready malam ini aja guys, now gold masih pada sideways....
2026-06-05 17:56:51,737 - src.core.use_cases.monitor_groups - INFO - Pencocokan nama grup berhasil secara partial: 'CIRCLE TGA 🇮🇩' cocok dengan konfigurasi 'circle tga'
2026-06-05 17:56:51,791 - telethon.client.updates - INFO - Got difference for channel 1189544175 updates
2026-06-05 17:56:51,792 - src.adapters.telegram.client - INFO - 📥 [PESAN MASUK] Chat ID: -1001189544175 | Nama: 'Quds News Network' | Teks: Israeli forces detained five Palestinian women this week, in...
2026-06-05 17:56:51,792 - src.adapters.telegram.client - INFO - 📥 [PESAN MASUK] Chat ID: -1001189544175 | Nama: 'Quds News Network' | Teks: Breaking | An Israeli drone strike has targeted a vehicle in...
2026-06-05 17:56:51,792 - src.adapters.telegram.client - INFO - 📥 [PESAN MASUK] Chat ID: -1001189544175 | Nama: 'Quds News Network' | Teks: U.S. President Donald Trump appeared to briefly nod off duri...
2026-06-05 17:56:51,792 - src.adapters.telegram.client - INFO - 📥 [PESAN MASUK] Chat ID: -1001189544175 | Nama: 'Quds News Network' | Teks: Israeli police have launched a plan to recruit religious Jew...
2026-06-05 18:37:29,537 - telethon.network.connection.connection - WARNING - Server closed the connection: [Errno 60] Operation timed out
2026-06-05 18:37:29,537 - telethon.network.mtprotosender - INFO - Connection closed while receiving data: [Errno 60] Operation timed out
2026-06-05 18:37:29,538 - telethon.network.mtprotosender - INFO - Closing current connection to begin reconnect...
2026-06-05 18:37:29,538 - telethon.network.connection.connection - WARNING - Graceful disconnection timed out, forcibly ignoring cleanup
2026-06-05 18:37:29,538 - telethon.network.mtprotosender - INFO - Connecting to 91.108.56.191:443/TcpFull...
2026-06-05 18:37:29,902 - telethon.network.mtprotosender - INFO - Connection to 91.108.56.191:443/TcpFull complete!
2026-06-05 19:15:55,421 - telethon.network.connection.connection - WARNING - Server closed the connection: [Errno 60] Operation timed out
2026-06-05 19:15:55,422 - telethon.network.mtprotosender - INFO - Connection closed while receiving data: [Errno 60] Operation timed out
2026-06-05 19:15:55,423 - telethon.network.mtprotosender - INFO - Closing current connection to begin reconnect...
2026-06-05 19:15:55,423 - telethon.network.connection.connection - WARNING - Graceful disconnection timed out, forcibly ignoring cleanup
2026-06-05 19:15:55,424 - telethon.network.mtprotosender - INFO - Connecting to 91.108.56.191:443/TcpFull...
2026-06-05 19:15:55,444 - telethon.network.mtprotosender - INFO - Connection to 91.108.56.191:443/TcpFull complete!
2026-06-05 19:52:58,923 - telethon.network.connection.connection - WARNING - Server closed the connection: [Errno 60] Operation timed out
2026-06-05 19:52:58,925 - telethon.network.mtprotosender - INFO - Connection closed while receiving data: [Errno 60] Operation timed out
2026-06-05 19:52:58,925 - telethon.network.mtprotosender - INFO - Closing current connection to begin reconnect...
2026-06-05 19:52:58,926 - telethon.network.connection.connection - WARNING - Graceful disconnection timed out, forcibly ignoring cleanup
2026-06-05 19:52:58,926 - telethon.network.mtprotosender - INFO - Connecting to 91.108.56.191:443/TcpFull...
2026-06-05 19:52:58,947 - telethon.network.mtprotosender - INFO - Connection to 91.108.56.191:443/TcpFull complete!
2026-06-05 20:20:14,711 - telethon.network.connection.connection - WARNING - Server closed the connection: [Errno 60] Operation timed out
2026-06-05 20:20:14,713 - telethon.network.mtprotosender - INFO - Connection closed while receiving data: [Errno 60] Operation timed out
2026-06-05 20:20:14,714 - telethon.network.mtprotosender - INFO - Closing current connection to begin reconnect...
2026-06-05 20:20:14,714 - telethon.network.connection.connection - WARNING - Graceful disconnection timed out, forcibly ignoring cleanup
2026-06-05 20:20:14,714 - telethon.network.mtprotosender - INFO - Connecting to 91.108.56.191:443/TcpFull...
2026-06-05 20:20:14,735 - telethon.network.mtprotosender - INFO - Connection to 91.108.56.191:443/TcpFull complete!
2026-06-05 20:20:17,592 - telethon.client.updates - INFO - Got difference for channel 1508335079 updates
2026-06-05 20:20:17,724 - telethon.client.updates - INFO - Got difference for channel 3745903038 updates
2026-06-05 20:20:17,725 - src.adapters.telegram.client - INFO - 📥 [PESAN MASUK] Chat ID: -1003745903038 | Nama: 'DISKUSI TradeLikeAris 🇮🇩' | Teks: @TheRealArisFX  bang ini nfp untuk broker kita aman kah?  Le...
2026-06-05 20:20:17,725 - src.adapters.telegram.client - INFO - 📥 [PESAN MASUK] Chat ID: -1003745903038 | Nama: 'DISKUSI TradeLikeAris 🇮🇩' | Teks: Leverage ga akan berubah selama kita ga minta...
2026-06-05 20:20:17,726 - src.adapters.telegram.client - INFO - 📥 [PESAN MASUK] Chat ID: -1003745903038 | Nama: 'DISKUSI TradeLikeAris 🇮🇩' | Teks: Kalau nfp biasa broker nururin bNg...
2026-06-05 20:20:17,726 - src.adapters.telegram.client - INFO - 📥 [PESAN MASUK] Chat ID: -1003745903038 | Nama: 'DISKUSI TradeLikeAris 🇮🇩' | Teks: Oke gas lah...
2026-06-05 20:20:17,726 - src.adapters.telegram.client - INFO - 📥 [PESAN MASUK] Chat ID: -1003745903038 | Nama: 'DISKUSI TradeLikeAris 🇮🇩' | Teks: Market nya gila guys, turun terus...
2026-06-05 20:20:17,726 - src.adapters.telegram.client - INFO - 📥 [PESAN MASUK] Chat ID: -1003745903038 | Nama: 'DISKUSI TradeLikeAris 🇮🇩' | Teks: Aman bang...
2026-06-05 20:20:17,726 - src.adapters.telegram.client - INFO - 📥 [PESAN MASUK] Chat ID: -1003745903038 | Nama: 'DISKUSI TradeLikeAris 🇮🇩' | Teks: Anjir ketiduran 🗿 sorry guys...
2026-06-05 20:20:17,726 - src.adapters.telegram.client - INFO - 📥 [PESAN MASUK] Chat ID: -1003745903038 | Nama: 'DISKUSI TradeLikeAris 🇮🇩' | Teks: NFP udah terjun 500pips bg aris...
2026-06-05 20:20:17,726 - src.adapters.telegram.client - INFO - 📥 [PESAN MASUK] Chat ID: -1003745903038 | Nama: 'DISKUSI TradeLikeAris 🇮🇩' | Teks: Gw ambil buy pula 😂🙈...
2026-06-05 20:20:17,726 - src.adapters.telegram.client - INFO - 📥 [PESAN MASUK] Chat ID: -1003745903038 | Nama: 'DISKUSI TradeLikeAris 🇮🇩' | Teks: Same uy awl awal ambil sel kena sl mulu tadi padahal udah am...
2026-06-05 20:20:17,726 - src.adapters.telegram.client - INFO - 📥 [PESAN MASUK] Chat ID: -1003745903038 | Nama: 'DISKUSI TradeLikeAris 🇮🇩' | Teks: Pada tebak2an ya?...
2026-06-05 20:20:17,726 - src.adapters.telegram.client - INFO - 📥 [PESAN MASUK] Chat ID: -1003745903038 | Nama: 'DISKUSI TradeLikeAris 🇮🇩' | Teks: Kita kehilangannya arah kalau bg Aris gak ada😁...
2026-06-05 20:20:17,727 - src.adapters.telegram.client - INFO - 📥 [PESAN MASUK] Chat ID: -1003745903038 | Nama: 'DISKUSI TradeLikeAris 🇮🇩' | Teks: Baru pertama kali main di news ni bng...
2026-06-05 20:20:17,727 - src.adapters.telegram.client - INFO - 📥 [PESAN MASUK] Chat ID: -1003745903038 | Nama: 'DISKUSI TradeLikeAris 🇮🇩' | Teks: udah mulai abis bahan bakar sepertinya...
2026-06-05 20:20:49,256 - telethon.client.updates - INFO - Got difference for channel 3765107916 updates
2026-06-05 20:20:49,256 - src.adapters.telegram.client - INFO - 📥 [PESAN MASUK] Chat ID: -1003765107916 | Nama: 'CIRCLE TGA 🇮🇩' | Teks: Ready...
2026-06-05 20:20:49,257 - src.core.use_cases.monitor_groups - INFO - Pencocokan nama grup berhasil secara partial: 'CIRCLE TGA 🇮🇩' cocok dengan konfigurasi 'circle tga'
2026-06-05 20:20:49,259 - src.adapters.telegram.client - INFO - 📥 [PESAN MASUK] Chat ID: -1003765107916 | Nama: 'CIRCLE TGA 🇮🇩' | Teks: GOLD SELL NOW...
2026-06-05 20:20:49,260 - src.core.use_cases.monitor_groups - INFO - Pencocokan nama grup berhasil secara partial: 'CIRCLE TGA 🇮🇩' cocok dengan konfigurasi 'circle tga'
2026-06-05 20:20:49,261 - src.adapters.telegram.client - INFO - 📥 [PESAN MASUK] Chat ID: -1003765107916 | Nama: 'CIRCLE TGA 🇮🇩' | Teks: 👑 GOLD SELL NOW 👑  PRICE: 4417 - 4420  TP1 🎖: 4411 TP2 🎖: 44...
2026-06-05 20:20:49,261 - src.core.use_cases.monitor_groups - INFO - Pencocokan nama grup berhasil secara partial: 'CIRCLE TGA 🇮🇩' cocok dengan konfigurasi 'circle tga'
2026-06-05 20:20:49,262 - src.core.use_cases.monitor_groups - INFO - Mendeteksi pesan potensial di chat -1003765107916 ('CIRCLE TGA 🇮🇩')...
2026-06-05 20:20:49,263 - src.core.use_cases.monitor_groups - INFO - Sinyal trading GOLD SELL berhasil diparsing menggunakan parser 'price'.
2026-06-05 20:20:49,263 - src.core.use_cases.forward_signal - INFO - Mengirim sinyal terformat ke 2 target...
2026-06-05 20:20:49,264 - src.core.use_cases.forward_signal - INFO - Mengirim sinyal ke target: 'benysutanto' (Chat ID: 375461315)
2026-06-05 20:20:49,264 - src.adapters.telegram.client - INFO - Mengirim pesan ke chat_id: 375461315 - 📢 **NEW SIGNAL RECEIVED - CIRCLE TGA 🇮🇩** 📢

📅 **Date**: 05-06-2026 20:20:49

🔹 **Action**: SELL NOW
🔹 **Range Entry**: 4417 - 4420

🎯 **Target Profit**:
- TP 1: 4411
- TP 2: 4400

🛑 **Stop Loss**: 4425

⚠️ *Jaga Money Management & Entry Pelan-Pelan* 
2026-06-05 20:20:49,270 - src.adapters.telegram.client - INFO - 📥 [PESAN MASUK] Chat ID: -1003765107916 | Nama: 'CIRCLE TGA 🇮🇩' | Teks: TP1 kita lumayan yaa dalam 80pips ✅ bismillah...
2026-06-05 20:20:49,271 - src.core.use_cases.monitor_groups - INFO - Pencocokan nama grup berhasil secara partial: 'CIRCLE TGA 🇮🇩' cocok dengan konfigurasi 'circle tga'
2026-06-05 20:20:49,271 - src.adapters.telegram.client - INFO - 📥 [PESAN MASUK] Chat ID: -1003765107916 | Nama: 'CIRCLE TGA 🇮🇩' | Teks: HEHEHEHEHE...
2026-06-05 20:20:49,271 - src.core.use_cases.monitor_groups - INFO - Pencocokan nama grup berhasil secara partial: 'CIRCLE TGA 🇮🇩' cocok dengan konfigurasi 'circle tga'
2026-06-05 20:20:49,326 - src.core.use_cases.forward_signal - INFO - Mengirim sinyal ke target: 'Indra_Sitorus' (Chat ID: 192453686)
2026-06-05 20:20:49,326 - src.adapters.telegram.client - INFO - Mengirim pesan ke chat_id: 192453686 - 📢 **NEW SIGNAL RECEIVED - CIRCLE TGA 🇮🇩** 📢

📅 **Date**: 05-06-2026 20:20:49

🔹 **Action**: SELL NOW
🔹 **Range Entry**: 4417 - 4420

🎯 **Target Profit**:
- TP 1: 4411
- TP 2: 4400

🛑 **Stop Loss**: 4425

⚠️ *Jaga Money Management & Entry Pelan-Pelan* 
2026-06-05 20:20:49,368 - telethon.client.updates - INFO - Got difference for channel 1189544175 updates
2026-06-05 20:20:49,370 - src.adapters.telegram.client - INFO - 📥 [PESAN MASUK] Chat ID: -1001189544175 | Nama: 'Quds News Network' | Teks: Breaking | The National News Agency reports one person kille...
2026-06-05 20:20:49,370 - src.adapters.telegram.client - INFO - 📥 [PESAN MASUK] Chat ID: -1001189544175 | Nama: 'Quds News Network' | Teks: Australia's Vivid Sydney Festival cancelled its 2026 sponsor...
2026-06-05 20:20:49,370 - src.adapters.telegram.client - INFO - 📥 [PESAN MASUK] Chat ID: -1001189544175 | Nama: 'Quds News Network' | Teks: Police forcibly removed and arrested a pro-Palestinian activ...
2026-06-05 20:20:49,371 - src.adapters.telegram.client - INFO - 📥 [PESAN MASUK] Chat ID: -1001189544175 | Nama: 'Quds News Network' | Teks: Palestinians in Khan Younis, southern Gaza, perform funeral ...
2026-06-05 20:20:49,371 - src.adapters.telegram.client - INFO - 📥 [PESAN MASUK] Chat ID: -1001189544175 | Nama: 'Quds News Network' | Teks: Displaced Palestinians gather at a charity kitchen in Khan Y...
2026-06-05 20:20:49,371 - src.adapters.telegram.client - INFO - 📥 [PESAN MASUK] Chat ID: -1001189544175 | Nama: 'Quds News Network' | Teks: Breaking | Israeli occupation aircraft bombard Jabal Safi, i...
2026-06-05 20:20:49,371 - src.adapters.telegram.client - INFO - 📥 [PESAN MASUK] Chat ID: -1001189544175 | Nama: 'Quds News Network' | Teks: Breaking | Israeli occupation aircraft bombard the town of A...
2026-06-05 20:20:49,371 - src.adapters.telegram.client - INFO - 📥 [PESAN MASUK] Chat ID: -1001189544175 | Nama: 'Quds News Network' | Teks: The owner of the Polish football club Pogoń Szczecin said he...
2026-06-05 20:20:49,372 - src.adapters.telegram.client - INFO - 📥 [PESAN MASUK] Chat ID: -1001189544175 | Nama: 'Quds News Network' | Teks: Israreli occupation settlers burn Palestinian families' crop...
2026-06-05 20:20:49,372 - src.adapters.telegram.client - INFO - 📥 [PESAN MASUK] Chat ID: -1001189544175 | Nama: 'Quds News Network' | Teks: Israeli occupation forces storm Nablus, occupied West Bank....
2026-06-05 20:20:49,372 - src.adapters.telegram.client - INFO - 📥 [PESAN MASUK] Chat ID: -1001189544175 | Nama: 'Quds News Network' | Teks: After 14 years in detention camps, the Israeli occupation re...
2026-06-05 20:20:49,372 - src.adapters.telegram.client - INFO - 📥 [PESAN MASUK] Chat ID: -1001189544175 | Nama: 'Quds News Network' | Teks: Breaking | Israeli occupation aircraft bombard the towns of ...
2026-06-05 20:20:49,924 - telethon.client.updates - INFO - Got difference for account updates
2026-06-05 20:20:49,924 - src.adapters.telegram.client - INFO - 📥 [PESAN MASUK] Chat ID: 375461315 | Nama: 'benysutanto' | Teks: 📢 NEW SIGNAL RECEIVED - CIRCLE TGA 🇮🇩 📢  📅 Date: 05-06-2026 ...
2026-06-05 20:20:49,924 - src.core.use_cases.monitor_groups - INFO - Pencocokan nama grup berhasil secara partial: 'benysutanto' cocok dengan konfigurasi 'benysutanto'
2026-06-05 20:20:49,925 - src.adapters.telegram.client - INFO - 📥 [PESAN MASUK] Chat ID: 192453686 | Nama: 'Indra_Sitorus' | Teks: 📢 NEW SIGNAL RECEIVED - CIRCLE TGA 🇮🇩 📢  📅 Date: 05-06-2026 ...
2026-06-05 20:20:49,967 - telethon.client.updates - INFO - Got difference for channel 1048910279 updates
2026-06-05 20:20:49,968 - src.adapters.telegram.client - INFO - 📥 [PESAN MASUK] Chat ID: -1001048910279 | Nama: 'Lowongan Kerja IT' | Teks: bang...
2026-06-05 20:20:49,969 - src.adapters.telegram.client - INFO - 📥 [PESAN MASUK] Chat ID: -1001048910279 | Nama: 'Lowongan Kerja IT' | Teks: Bang bagi loker dong...
2026-06-05 20:20:49,969 - src.adapters.telegram.client - INFO - 📥 [PESAN MASUK] Chat ID: -1001048910279 | Nama: 'Lowongan Kerja IT' | Teks: Fitur notes/catatan di Udemy (web) kok berat banget, kalo ng...
2026-06-05 20:20:49,969 - src.adapters.telegram.client - INFO - 📥 [PESAN MASUK] Chat ID: -1001048910279 | Nama: 'Lowongan Kerja IT' | Teks: Bisa wfh ga kak...
2026-06-05 20:40:21,457 - telethon.network.connection.connection - WARNING - Server closed the connection: [Errno 60] Operation timed out
2026-06-05 20:40:21,458 - telethon.network.mtprotosender - INFO - Connection closed while receiving data: [Errno 60] Operation timed out
2026-06-05 20:40:21,458 - telethon.network.mtprotosender - INFO - Closing current connection to begin reconnect...
2026-06-05 20:40:21,458 - telethon.network.connection.connection - WARNING - Graceful disconnection timed out, forcibly ignoring cleanup
2026-06-05 20:40:21,459 - telethon.network.mtprotosender - INFO - Connecting to 91.108.56.191:443/TcpFull...
2026-06-05 20:40:21,481 - telethon.network.mtprotosender - INFO - Connection to 91.108.56.191:443/TcpFull complete!
2026-06-05 20:58:29,676 - telethon.network.connection.connection - WARNING - Server closed the connection: [Errno 60] Operation timed out
2026-06-05 20:58:29,678 - telethon.network.mtprotosender - INFO - Connection closed while receiving data: [Errno 60] Operation timed out
2026-06-05 20:58:29,679 - telethon.network.mtprotosender - INFO - Closing current connection to begin reconnect...
2026-06-05 20:58:29,679 - telethon.network.connection.connection - WARNING - Graceful disconnection timed out, forcibly ignoring cleanup
2026-06-05 20:58:29,679 - telethon.network.mtprotosender - INFO - Connecting to 91.108.56.191:443/TcpFull...
2026-06-05 20:58:29,701 - telethon.network.mtprotosender - INFO - Connection to 91.108.56.191:443/TcpFull complete!
2026-06-05 21:19:42,921 - telethon.network.connection.connection - WARNING - Server closed the connection: [Errno 60] Operation timed out
2026-06-05 21:19:42,923 - telethon.network.mtprotosender - INFO - Connection closed while receiving data: [Errno 60] Operation timed out
2026-06-05 21:19:42,923 - telethon.network.mtprotosender - INFO - Closing current connection to begin reconnect...
2026-06-05 21:19:42,924 - telethon.network.connection.connection - WARNING - Graceful disconnection timed out, forcibly ignoring cleanup
2026-06-05 21:19:42,924 - telethon.network.mtprotosender - INFO - Connecting to 91.108.56.191:443/TcpFull...
2026-06-05 21:19:42,945 - telethon.network.mtprotosender - INFO - Connection to 91.108.56.191:443/TcpFull complete!
2026-06-05 21:58:06,720 - telethon.network.connection.connection - WARNING - Server closed the connection: [Errno 60] Operation timed out
2026-06-05 21:58:06,721 - telethon.network.mtprotosender - INFO - Connection closed while receiving data: [Errno 60] Operation timed out
2026-06-05 21:58:06,721 - telethon.network.mtprotosender - INFO - Closing current connection to begin reconnect...
2026-06-05 21:58:06,722 - telethon.network.connection.connection - WARNING - Graceful disconnection timed out, forcibly ignoring cleanup
2026-06-05 21:58:06,722 - telethon.network.mtprotosender - INFO - Connecting to 91.108.56.191:443/TcpFull...
2026-06-05 21:58:06,910 - telethon.network.mtprotosender - INFO - Connection to 91.108.56.191:443/TcpFull complete!
2026-06-05 22:55:37,650 - telethon.network.connection.connection - WARNING - Server closed the connection: [Errno 60] Operation timed out
2026-06-05 22:55:37,652 - telethon.network.mtprotosender - INFO - Connection closed while receiving data: [Errno 60] Operation timed out
2026-06-05 22:55:37,652 - telethon.network.mtprotosender - INFO - Closing current connection to begin reconnect...
2026-06-05 22:55:37,653 - telethon.network.connection.connection - WARNING - Graceful disconnection timed out, forcibly ignoring cleanup
2026-06-05 22:55:37,653 - telethon.network.mtprotosender - INFO - Connecting to 91.108.56.191:443/TcpFull...
2026-06-05 22:55:37,674 - telethon.network.mtprotosender - INFO - Connection to 91.108.56.191:443/TcpFull complete!
2026-06-05 23:36:01,111 - telethon.network.connection.connection - WARNING - Server closed the connection: [Errno 60] Operation timed out
2026-06-05 23:36:01,112 - telethon.network.mtprotosender - INFO - Connection closed while receiving data: [Errno 60] Operation timed out
2026-06-05 23:36:01,112 - telethon.network.mtprotosender - INFO - Closing current connection to begin reconnect...
2026-06-05 23:36:01,112 - telethon.network.connection.connection - WARNING - Graceful disconnection timed out, forcibly ignoring cleanup
2026-06-05 23:36:01,112 - telethon.network.mtprotosender - INFO - Connecting to 91.108.56.191:443/TcpFull...
2026-06-05 23:36:01,134 - telethon.network.mtprotosender - INFO - Connection to 91.108.56.191:443/TcpFull complete!
2026-06-05 23:53:30,554 - telethon.network.connection.connection - WARNING - Server closed the connection: [Errno 60] Operation timed out
2026-06-05 23:53:30,556 - telethon.network.mtprotosender - INFO - Connection closed while receiving data: [Errno 60] Operation timed out
2026-06-05 23:53:30,556 - telethon.network.mtprotosender - INFO - Closing current connection to begin reconnect...
2026-06-05 23:53:30,556 - telethon.network.connection.connection - WARNING - Graceful disconnection timed out, forcibly ignoring cleanup
2026-06-05 23:53:30,556 - telethon.network.mtprotosender - INFO - Connecting to 91.108.56.191:443/TcpFull...
2026-06-05 23:53:30,577 - telethon.network.mtprotosender - INFO - Connection to 91.108.56.191:443/TcpFull complete!
2026-06-06 00:26:35,045 - telethon.network.connection.connection - WARNING - Server closed the connection: [Errno 60] Operation timed out
2026-06-06 00:26:35,046 - telethon.network.mtprotosender - INFO - Connection closed while receiving data: [Errno 60] Operation timed out
2026-06-06 00:26:35,046 - telethon.network.mtprotosender - INFO - Closing current connection to begin reconnect...
2026-06-06 00:26:35,047 - telethon.network.connection.connection - WARNING - Graceful disconnection timed out, forcibly ignoring cleanup
2026-06-06 00:26:35,047 - telethon.network.mtprotosender - INFO - Connecting to 91.108.56.191:443/TcpFull...
2026-06-06 00:26:35,068 - telethon.network.mtprotosender - INFO - Connection to 91.108.56.191:443/TcpFull complete!
2026-06-06 00:29:26,568 - telethon.client.updates - INFO - Got difference for channel 1189544175 updates
2026-06-06 00:29:26,570 - src.adapters.telegram.client - INFO - 📥 [PESAN MASUK] Chat ID: -1001189544175 | Nama: 'Quds News Network' | Teks: Israeli occupation aircraft bombard Sarafand, a coastal town...
2026-06-06 00:29:26,570 - src.adapters.telegram.client - INFO - 📥 [PESAN MASUK] Chat ID: -1001189544175 | Nama: 'Quds News Network' | Teks: Israeli settlers set olive tree on fire, in Palestinians' la...
2026-06-06 00:29:26,570 - src.adapters.telegram.client - INFO - 📥 [PESAN MASUK] Chat ID: -1001189544175 | Nama: 'Quds News Network' | Teks: Israeli settlers vandalize main water pipeline, serving the ...
2026-06-06 00:29:26,570 - src.adapters.telegram.client - INFO - 📥 [PESAN MASUK] Chat ID: -1001189544175 | Nama: 'Quds News Network' | Teks: Breaking | A Palestinian child reportd injured after, Israel...
2026-06-06 00:29:26,570 - src.adapters.telegram.client - INFO - 📥 [PESAN MASUK] Chat ID: -1001189544175 | Nama: 'Quds News Network' | Teks: A Palestinian artist in the Gaza Strip painted a portrait of...
2026-06-06 00:29:26,570 - src.adapters.telegram.client - INFO - 📥 [PESAN MASUK] Chat ID: -1001189544175 | Nama: 'Quds News Network' | Teks: Israeli forces storm the Kafr Saba neighborhood, Qalqilya....
2026-06-06 00:29:26,570 - src.adapters.telegram.client - INFO - 📥 [PESAN MASUK] Chat ID: -1001189544175 | Nama: 'Quds News Network' | Teks: Settlers fence Palestinian lands in the northern Yirza commu...
2026-06-06 00:29:26,570 - src.adapters.telegram.client - INFO - 📥 [PESAN MASUK] Chat ID: -1001189544175 | Nama: 'Quds News Network' | Teks: Ireland has imposed a travel ban on two far-right Israeli mi...
2026-06-06 00:29:26,571 - src.adapters.telegram.client - INFO - 📥 [PESAN MASUK] Chat ID: -1001189544175 | Nama: 'Quds News Network' | Teks: Israeli occupation authorities force Palestinians to demolis...
2026-06-06 00:29:26,571 - src.adapters.telegram.client - INFO - 📥 [PESAN MASUK] Chat ID: -1001189544175 | Nama: 'Quds News Network' | Teks: The aftermath of an Israeli strike that targeted the town of...
2026-06-06 00:29:26,571 - src.adapters.telegram.client - INFO - 📥 [PESAN MASUK] Chat ID: -1001189544175 | Nama: 'Quds News Network' | Teks: Breaking | Israeli occupation aircraft bombard the town of M...
2026-06-06 00:29:26,571 - src.adapters.telegram.client - INFO - 📥 [PESAN MASUK] Chat ID: -1001189544175 | Nama: 'Quds News Network' | Teks: Israeli settler gangs severely beat a Palestinian on al‑Rash...
2026-06-06 00:29:26,571 - src.adapters.telegram.client - INFO - 📥 [PESAN MASUK] Chat ID: -1001189544175 | Nama: 'Quds News Network' | Teks: Israeli settlers set crops in Palestinians' land on fire, in...
2026-06-06 00:29:26,571 - src.adapters.telegram.client - INFO - 📥 [PESAN MASUK] Chat ID: -1001189544175 | Nama: 'Quds News Network' | Teks: Breaking | Israeli occupation aircraft bombard the towns of ...
2026-06-06 00:29:26,571 - src.adapters.telegram.client - INFO - 📥 [PESAN MASUK] Chat ID: -1001189544175 | Nama: 'Quds News Network' | Teks: Hezbollah released additional drone footage showing FPV stri...
2026-06-06 00:29:26,571 - src.adapters.telegram.client - INFO - 📥 [PESAN MASUK] Chat ID: -1001189544175 | Nama: 'Quds News Network' | Teks: Watch | Israeli settlers drive and drift into Palestinian wh...
2026-06-06 00:29:26,571 - src.adapters.telegram.client - INFO - 📥 [PESAN MASUK] Chat ID: -1001189544175 | Nama: 'Quds News Network' | Teks: Breaking | Israeli occupation forces opened fire on a vehicl...
2026-06-06 00:29:26,571 - src.adapters.telegram.client - INFO - 📥 [PESAN MASUK] Chat ID: -1001189544175 | Nama: 'Quds News Network' | Teks: The UK government reaffirmed its support for Jordan’s custod...
2026-06-06 00:29:26,571 - src.adapters.telegram.client - INFO - 📥 [PESAN MASUK] Chat ID: -1001189544175 | Nama: 'Quds News Network' | Teks: Update | Three Palestinians, including an infant, were sever...
2026-06-06 01:04:58,894 - telethon.network.connection.connection - WARNING - Server closed the connection: [Errno 60] Operation timed out
2026-06-06 01:04:58,896 - telethon.network.mtprotosender - INFO - Connection closed while receiving data: [Errno 60] Operation timed out
2026-06-06 01:04:58,896 - telethon.network.mtprotosender - INFO - Closing current connection to begin reconnect...
2026-06-06 01:04:58,896 - telethon.network.connection.connection - WARNING - Graceful disconnection timed out, forcibly ignoring cleanup
2026-06-06 01:04:58,896 - telethon.network.mtprotosender - INFO - Connecting to 91.108.56.191:443/TcpFull...
2026-06-06 01:04:58,917 - telethon.network.mtprotosender - INFO - Connection to 91.108.56.191:443/TcpFull complete!
2026-06-06 01:23:30,143 - telethon.network.connection.connection - WARNING - Server closed the connection: [Errno 60] Operation timed out
2026-06-06 01:23:30,144 - telethon.network.mtprotosender - INFO - Connection closed while receiving data: [Errno 60] Operation timed out
2026-06-06 01:23:30,145 - telethon.network.mtprotosender - INFO - Closing current connection to begin reconnect...
2026-06-06 01:23:30,146 - telethon.network.connection.connection - WARNING - Graceful disconnection timed out, forcibly ignoring cleanup
2026-06-06 01:23:30,146 - telethon.network.mtprotosender - INFO - Connecting to 91.108.56.191:443/TcpFull...
2026-06-06 01:23:30,168 - telethon.network.mtprotosender - INFO - Connection to 91.108.56.191:443/TcpFull complete!
2026-06-06 01:42:00,729 - telethon.network.connection.connection - WARNING - Server closed the connection: [Errno 60] Operation timed out
2026-06-06 01:42:00,731 - telethon.network.mtprotosender - INFO - Connection closed while receiving data: [Errno 60] Operation timed out
2026-06-06 01:42:00,732 - telethon.network.mtprotosender - INFO - Closing current connection to begin reconnect...
2026-06-06 01:42:00,732 - telethon.network.connection.connection - WARNING - Graceful disconnection timed out, forcibly ignoring cleanup
2026-06-06 01:42:00,732 - telethon.network.mtprotosender - INFO - Connecting to 91.108.56.191:443/TcpFull...
2026-06-06 01:42:00,752 - telethon.network.mtprotosender - INFO - Connection to 91.108.56.191:443/TcpFull complete!
2026-06-06 02:15:17,244 - telethon.network.connection.connection - WARNING - Server closed the connection: [Errno 60] Operation timed out
2026-06-06 02:15:17,244 - telethon.network.mtprotosender - INFO - Connection closed while receiving data: [Errno 60] Operation timed out
2026-06-06 02:15:17,245 - telethon.network.mtprotosender - INFO - Closing current connection to begin reconnect...
2026-06-06 02:15:17,245 - telethon.network.connection.connection - WARNING - Graceful disconnection timed out, forcibly ignoring cleanup
2026-06-06 02:15:17,245 - telethon.network.mtprotosender - INFO - Connecting to 91.108.56.191:443/TcpFull...
2026-06-06 02:15:17,267 - telethon.network.mtprotosender - INFO - Connection to 91.108.56.191:443/TcpFull complete!
2026-06-06 02:15:55,358 - telethon.client.updates - INFO - Got difference for channel 1717096742 updates
2026-06-06 02:15:55,360 - src.adapters.telegram.client - INFO - 📥 [PESAN MASUK] Chat ID: -1001717096742 | Nama: 'Trade Gaya ARIS' | Teks: GOLD DONE HIT ALL TP ✅  TERJUN BEBAS 200pips 😆 Alhamdulillah...
2026-06-06 02:15:55,360 - src.adapters.telegram.client - INFO - 📥 [PESAN MASUK] Chat ID: -1001717096742 | Nama: 'Trade Gaya ARIS' | Teks: Ada Hold dikit jadi enak lah pokoknya 😬  Alhamdulillah penut...
2026-06-06 02:15:55,360 - src.adapters.telegram.client - INFO - 📥 [PESAN MASUK] Chat ID: -1001717096742 | Nama: 'Trade Gaya ARIS' | Teks: NEWS NFP KITA WIN BARENG! 💰  MARKET NFP grup CIRCLE TGA maka...
2026-06-06 02:15:55,391 - telethon.client.updates - INFO - Got difference for channel 1508335079 updates
2026-06-06 02:15:55,477 - telethon.client.updates - INFO - Got difference for channel 1189544175 updates
2026-06-06 02:15:55,478 - src.adapters.telegram.client - INFO - 📥 [PESAN MASUK] Chat ID: -1001189544175 | Nama: 'Quds News Network' | Teks: Breaking | Israeli occupation aircraft bombard the town of W...
2026-06-06 02:15:55,478 - src.adapters.telegram.client - INFO - 📥 [PESAN MASUK] Chat ID: -1001189544175 | Nama: 'Quds News Network' | Teks: Former Israeli diplomat Alon Pinkas said that Israeli Prime ...
2026-06-06 02:15:55,478 - src.adapters.telegram.client - INFO - 📥 [PESAN MASUK] Chat ID: -1001189544175 | Nama: 'Quds News Network' | Teks: Israeli settlers set fire to Palestinians' lands in Deir Jar...
2026-06-06 02:15:55,478 - src.adapters.telegram.client - INFO - 📥 [PESAN MASUK] Chat ID: -1001189544175 | Nama: 'Quds News Network' | Teks: Israeli occupation forces opened fire on a vehicle in Hebron...
2026-06-06 02:15:55,478 - src.adapters.telegram.client - INFO - 📥 [PESAN MASUK] Chat ID: -1001189544175 | Nama: 'Quds News Network' | Teks: The Irish government has announced a ban on the entry of Isr...
2026-06-06 02:15:55,478 - src.adapters.telegram.client - INFO - 📥 [PESAN MASUK] Chat ID: -1001189544175 | Nama: 'Quds News Network' | Teks: Breaking | Israeli occupation forces detonate residential bu...
2026-06-06 02:15:55,478 - src.adapters.telegram.client - INFO - 📥 [PESAN MASUK] Chat ID: -1001189544175 | Nama: 'Quds News Network' | Teks: Breaking | Sirens sound in northern occupied Palestine follo...
2026-06-06 02:16:27,539 - telethon.client.updates - INFO - Got difference for account updates
2026-06-06 02:16:27,541 - src.adapters.telegram.client - INFO - 📥 [PESAN MASUK] Chat ID: 192453686 | Nama: 'Indra_Sitorus' | Teks: Gw gak masuk ketiduran...
2026-06-06 02:16:27,541 - src.adapters.telegram.client - INFO - 📥 [PESAN MASUK] Chat ID: 192453686 | Nama: 'Indra_Sitorus' | Teks: GOLD DONE HIT ALL TP ✅  TERJUN BEBAS 200pips 😆 Alhamdulillah...
2026-06-06 02:16:27,541 - src.adapters.telegram.client - INFO - 📥 [PESAN MASUK] Chat ID: 5964796917 | Nama: 'TheRealArisFX' | Teks: Wah saya gak bisa join, ketiduran lg kurang fit. Mudah² ming...
2026-06-06 02:16:27,634 - telethon.client.updates - INFO - Got difference for channel 1048910279 updates
2026-06-06 02:16:27,635 - src.adapters.telegram.client - INFO - 📥 [PESAN MASUK] Chat ID: -1001048910279 | Nama: 'Lowongan Kerja IT' | Teks: Leetcode, codewars Just ask chatGPT  Kalau testnya di testgo...
2026-06-06 02:16:27,635 - src.adapters.telegram.client - INFO - 📥 [PESAN MASUK] Chat ID: -1001048910279 | Nama: 'Lowongan Kerja IT' | Teks: https://www.threads.com/@fath.web3/post/DZNFDz4gUyi?xmt=AQG0...
2026-06-06 02:16:27,635 - src.adapters.telegram.client - INFO - 📥 [PESAN MASUK] Chat ID: -1001048910279 | Nama: 'Lowongan Kerja IT' | Teks: #bantushareaja...
2026-06-06 02:16:27,635 - src.adapters.telegram.client - INFO - 📥 [PESAN MASUK] Chat ID: -1001048910279 | Nama: 'Lowongan Kerja IT' | Teks: LOKER FREELANCER  FREELANCER ENGINEER  list sow secara singk...
2026-06-06 02:16:27,702 - telethon.client.updates - INFO - Got difference for channel 3765107916 updates
2026-06-06 02:16:27,702 - src.adapters.telegram.client - INFO - 📥 [PESAN MASUK] Chat ID: -1003765107916 | Nama: 'CIRCLE TGA 🇮🇩' | Teks: Yang takut bisa secure 🤣...
2026-06-06 02:16:27,702 - src.core.use_cases.monitor_groups - INFO - Pencocokan nama grup berhasil secara partial: 'CIRCLE TGA 🇮🇩' cocok dengan konfigurasi 'circle tga'
2026-06-06 02:16:27,703 - src.adapters.telegram.client - INFO - 📥 [PESAN MASUK] Chat ID: -1003765107916 | Nama: 'CIRCLE TGA 🇮🇩' | Teks: GOLD DONE HIT TP1 😆  TERJUN LAGI 100Pips Gold nya 😬 Alhamdul...
2026-06-06 02:16:27,703 - src.core.use_cases.monitor_groups - INFO - Pencocokan nama grup berhasil secara partial: 'CIRCLE TGA 🇮🇩' cocok dengan konfigurasi 'circle tga'
2026-06-06 02:16:27,703 - src.core.use_cases.monitor_groups - INFO - Mendeteksi pesan potensial di chat -1003765107916 ('CIRCLE TGA 🇮🇩')...
2026-06-06 02:16:27,703 - src.core.use_cases.monitor_groups - INFO - Pesan mentah berhasil dicocokkan dengan kata kunci 'raw_keyword('GOLD DONE HIT TP1')'.
2026-06-06 02:16:27,703 - src.core.use_cases.forward_signal - INFO - Mengirim pesan mentah terformat ke 2 target...
2026-06-06 02:16:27,703 - src.core.use_cases.forward_signal - INFO - Mengirim pesan mentah ke target: 'benysutanto' (Chat ID: 375461315)
2026-06-06 02:16:27,703 - src.adapters.telegram.client - INFO - Mengirim pesan ke chat_id: 375461315 - 📢 **NEW SIGNAL RECEIVED - CIRCLE TGA 🇮🇩** 📢

📅 **Date**: 06-06-2026 02:16:27

GOLD DONE HIT TP1 😆

TERJUN LAGI 100Pips Gold nya 😬 Alhamdulillah jumat barokah ! Yukkk secure profit ✅ 
2026-06-06 02:16:27,704 - src.adapters.telegram.client - INFO - 📥 [PESAN MASUK] Chat ID: -1003765107916 | Nama: 'CIRCLE TGA 🇮🇩' | Teks: Mau pridaksi tp support ?...
2026-06-06 02:16:27,704 - src.core.use_cases.monitor_groups - INFO - Pencocokan nama grup berhasil secara partial: 'CIRCLE TGA 🇮🇩' cocok dengan konfigurasi 'circle tga'
2026-06-06 02:16:27,704 - src.adapters.telegram.client - INFO - 📥 [PESAN MASUK] Chat ID: -1003765107916 | Nama: 'CIRCLE TGA 🇮🇩' | Teks: 4380 support H1/H4 okey...
2026-06-06 02:16:27,704 - src.core.use_cases.monitor_groups - INFO - Pencocokan nama grup berhasil secara partial: 'CIRCLE TGA 🇮🇩' cocok dengan konfigurasi 'circle tga'
2026-06-06 02:16:27,704 - src.adapters.telegram.client - INFO - 📥 [PESAN MASUK] Chat ID: -1003765107916 | Nama: 'CIRCLE TGA 🇮🇩' | Teks: Nahhhhhh...
2026-06-06 02:16:27,704 - src.core.use_cases.monitor_groups - INFO - Pencocokan nama grup berhasil secara partial: 'CIRCLE TGA 🇮🇩' cocok dengan konfigurasi 'circle tga'
2026-06-06 02:16:27,704 - src.adapters.telegram.client - INFO - 📥 [PESAN MASUK] Chat ID: -1003765107916 | Nama: 'CIRCLE TGA 🇮🇩' | Teks: TP2 ✅...
2026-06-06 02:16:27,704 - src.core.use_cases.monitor_groups - INFO - Pencocokan nama grup berhasil secara partial: 'CIRCLE TGA 🇮🇩' cocok dengan konfigurasi 'circle tga'
2026-06-06 02:16:27,704 - src.adapters.telegram.client - INFO - 📥 [PESAN MASUK] Chat ID: -1003765107916 | Nama: 'CIRCLE TGA 🇮🇩' | Teks: GOLD DONE HIT ALL TP ✅  TERJUN BEBAS 200pips 😆 Alhamdulillah...
2026-06-06 02:16:27,704 - src.core.use_cases.monitor_groups - INFO - Pencocokan nama grup berhasil secara partial: 'CIRCLE TGA 🇮🇩' cocok dengan konfigurasi 'circle tga'
2026-06-06 02:16:27,705 - src.adapters.telegram.client - INFO - 📥 [PESAN MASUK] Chat ID: -1003765107916 | Nama: 'CIRCLE TGA 🇮🇩' | Teks: Coming ya kan ?...
2026-06-06 02:16:27,705 - src.core.use_cases.monitor_groups - INFO - Pencocokan nama grup berhasil secara partial: 'CIRCLE TGA 🇮🇩' cocok dengan konfigurasi 'circle tga'
2026-06-06 02:16:27,705 - src.adapters.telegram.client - INFO - 📥 [PESAN MASUK] Chat ID: -1003765107916 | Nama: 'CIRCLE TGA 🇮🇩' | Teks: BISA TP WOII JANGAN TAMAK !...
2026-06-06 02:16:27,705 - src.core.use_cases.monitor_groups - INFO - Pencocokan nama grup berhasil secara partial: 'CIRCLE TGA 🇮🇩' cocok dengan konfigurasi 'circle tga'
2026-06-06 02:16:27,705 - src.adapters.telegram.client - INFO - 📥 [PESAN MASUK] Chat ID: -1003765107916 | Nama: 'CIRCLE TGA 🇮🇩' | Teks: Ada Hold dikit jadi enak lah pokoknya 😬  Alhamdulillah penut...
2026-06-06 02:16:27,705 - src.core.use_cases.monitor_groups - INFO - Pencocokan nama grup berhasil secara partial: 'CIRCLE TGA 🇮🇩' cocok dengan konfigurasi 'circle tga'
2026-06-06 02:16:27,705 - src.adapters.telegram.client - INFO - 📥 [PESAN MASUK] Chat ID: -1003765107916 | Nama: 'CIRCLE TGA 🇮🇩' | Teks: NEWS NFP KITA WIN BARENG! 💰  MARKET NFP grup CIRCLE TGA maka...
2026-06-06 02:16:27,705 - src.core.use_cases.monitor_groups - INFO - Pencocokan nama grup berhasil secara partial: 'CIRCLE TGA 🇮🇩' cocok dengan konfigurasi 'circle tga'
2026-06-06 02:16:27,754 - src.core.use_cases.forward_signal - INFO - Mengirim pesan mentah ke target: 'Indra_Sitorus' (Chat ID: 192453686)
2026-06-06 02:16:27,754 - src.adapters.telegram.client - INFO - Mengirim pesan ke chat_id: 192453686 - 📢 **NEW SIGNAL RECEIVED - CIRCLE TGA 🇮🇩** 📢

📅 **Date**: 06-06-2026 02:16:27

GOLD DONE HIT TP1 😆

TERJUN LAGI 100Pips Gold nya 😬 Alhamdulillah jumat barokah ! Yukkk secure profit ✅ 
2026-06-06 02:16:27,803 - telethon.client.updates - INFO - Got difference for channel 3745903038 updates
2026-06-06 02:16:27,804 - src.adapters.telegram.client - INFO - 📥 [PESAN MASUK] Chat ID: -1003745903038 | Nama: 'DISKUSI TradeLikeAris 🇮🇩' | Teks: GOOOKKSSS!!!...
2026-06-06 02:16:27,804 - src.adapters.telegram.client - INFO - 📥 [PESAN MASUK] Chat ID: -1003745903038 | Nama: 'DISKUSI TradeLikeAris 🇮🇩' | Teks: Jirr enak 🤣...
2026-06-06 02:16:27,804 - src.adapters.telegram.client - INFO - 📥 [PESAN MASUK] Chat ID: -1003745903038 | Nama: 'DISKUSI TradeLikeAris 🇮🇩' | Teks: Bilang apa?...
2026-06-06 02:16:27,804 - src.adapters.telegram.client - INFO - 📥 [PESAN MASUK] Chat ID: -1003745903038 | Nama: 'DISKUSI TradeLikeAris 🇮🇩' | Teks: ALHAMDULILLAAHH!!...
2026-06-06 02:16:27,804 - src.adapters.telegram.client - INFO - 📥 [PESAN MASUK] Chat ID: -1003745903038 | Nama: 'DISKUSI TradeLikeAris 🇮🇩' | Teks: Alhamdulillah !...
2026-06-06 02:16:27,804 - src.adapters.telegram.client - INFO - 📥 [PESAN MASUK] Chat ID: -1003745903038 | Nama: 'DISKUSI TradeLikeAris 🇮🇩' | Teks: Ngeri bang @TheRealArisFX 🔥🔥 terima kasih...
2026-06-06 02:16:27,804 - src.adapters.telegram.client - INFO - 📥 [PESAN MASUK] Chat ID: -1003745903038 | Nama: 'DISKUSI TradeLikeAris 🇮🇩' | Teks: Alhamdulillah...
2026-06-06 02:16:27,804 - src.adapters.telegram.client - INFO - 📥 [PESAN MASUK] Chat ID: -1003745903038 | Nama: 'DISKUSI TradeLikeAris 🇮🇩' | Teks: mantap bang @TheRealArisFX...
2026-06-06 02:16:27,804 - src.adapters.telegram.client - INFO - 📥 [PESAN MASUK] Chat ID: -1003745903038 | Nama: 'DISKUSI TradeLikeAris 🇮🇩' | Teks: Laporannnn plisss guyss...
2026-06-06 02:16:27,804 - src.adapters.telegram.client - INFO - 📥 [PESAN MASUK] Chat ID: -1003745903038 | Nama: 'DISKUSI TradeLikeAris 🇮🇩' | Teks: Alhamdullah!! 🥳...
2026-06-06 02:16:27,804 - src.adapters.telegram.client - INFO - 📥 [PESAN MASUK] Chat ID: -1003745903038 | Nama: 'DISKUSI TradeLikeAris 🇮🇩' | Teks: Laporan newbie bang, thanks! @TheRealArisFX...
2026-06-06 02:16:27,805 - src.adapters.telegram.client - INFO - 📥 [PESAN MASUK] Chat ID: -1003745903038 | Nama: 'DISKUSI TradeLikeAris 🇮🇩' | Teks: Alhamdulillah.... 2 layer, TP 1, TP2.... Terimakasih Mas 🙏...
2026-06-06 02:16:27,805 - src.adapters.telegram.client - INFO - 📥 [PESAN MASUK] Chat ID: -1003745903038 | Nama: 'DISKUSI TradeLikeAris 🇮🇩' | Teks: Masih terjun...
2026-06-06 02:16:27,805 - src.adapters.telegram.client - INFO - 📥 [PESAN MASUK] Chat ID: -1003745903038 | Nama: 'DISKUSI TradeLikeAris 🇮🇩' | Teks: bisa sampai 4380 an sesuai sama bang aris @TheRealArisFX  pr...
2026-06-06 02:16:27,805 - src.adapters.telegram.client - INFO - 📥 [PESAN MASUK] Chat ID: -1003745903038 | Nama: 'DISKUSI TradeLikeAris 🇮🇩' | Teks: Terima kasih bng aris tidur nyenyak dluu...
2026-06-06 02:16:27,805 - src.adapters.telegram.client - INFO - 📥 [PESAN MASUK] Chat ID: -1003745903038 | Nama: 'DISKUSI TradeLikeAris 🇮🇩' | Teks: Alhamdulillah sama sama semua ❤️...
2026-06-06 02:16:27,805 - src.adapters.telegram.client - INFO - 📥 [PESAN MASUK] Chat ID: -1003745903038 | Nama: 'DISKUSI TradeLikeAris 🇮🇩' | Teks: Happy guys ?...
2026-06-06 02:16:27,805 - src.adapters.telegram.client - INFO - 📥 [PESAN MASUK] Chat ID: -1003745903038 | Nama: 'DISKUSI TradeLikeAris 🇮🇩' | Teks: Minggu ini enak guys ?...
2026-06-06 02:16:27,805 - src.adapters.telegram.client - INFO - 📥 [PESAN MASUK] Chat ID: -1003745903038 | Nama: 'DISKUSI TradeLikeAris 🇮🇩' | Teks: Happy bismillah konsisten smapi kedepannya...
2026-06-06 02:16:27,805 - src.adapters.telegram.client - INFO - 📥 [PESAN MASUK] Chat ID: -1003745903038 | Nama: 'DISKUSI TradeLikeAris 🇮🇩' | Teks: Profitt ???...
2026-06-06 02:16:27,805 - src.adapters.telegram.client - INFO - 📥 [PESAN MASUK] Chat ID: -1003745903038 | Nama: 'DISKUSI TradeLikeAris 🇮🇩' | Teks: Enak tenan bng...
2026-06-06 02:16:27,805 - src.adapters.telegram.client - INFO - 📥 [PESAN MASUK] Chat ID: -1003745903038 | Nama: 'DISKUSI TradeLikeAris 🇮🇩' | Teks: Mantap bang aris @TheRealArisFX...
2026-06-06 02:16:27,805 - src.adapters.telegram.client - INFO - 📥 [PESAN MASUK] Chat ID: -1003745903038 | Nama: 'DISKUSI TradeLikeAris 🇮🇩' | Teks: Tiap minggu nya uenak poll brader @TheRealArisFX  Berkah sel...
2026-06-06 02:16:27,805 - src.adapters.telegram.client - INFO - 📥 [PESAN MASUK] Chat ID: -1003745903038 | Nama: 'DISKUSI TradeLikeAris 🇮🇩' | Teks: Akun kecil hari ini, cuman 0.01...
2026-06-06 02:16:27,805 - src.adapters.telegram.client - INFO - 📥 [PESAN MASUK] Chat ID: -1003745903038 | Nama: 'DISKUSI TradeLikeAris 🇮🇩' | Teks: Alhamdulillah baru gabung  Minggu ini di circle TGA udah bal...
2026-06-06 02:16:27,805 - src.adapters.telegram.client - INFO - 📥 [PESAN MASUK] Chat ID: -1003745903038 | Nama: 'DISKUSI TradeLikeAris 🇮🇩' | Teks: Iyoii sama sama bosss...
2026-06-06 02:36:09,301 - telethon.network.connection.connection - WARNING - Server closed the connection: [Errno 60] Operation timed out
2026-06-06 02:36:09,302 - telethon.network.mtprotosender - INFO - Connection closed while receiving data: [Errno 60] Operation timed out
2026-06-06 02:36:09,302 - telethon.network.mtprotosender - INFO - Closing current connection to begin reconnect...
2026-06-06 02:36:09,303 - telethon.network.connection.connection - WARNING - Graceful disconnection timed out, forcibly ignoring cleanup
2026-06-06 02:36:09,303 - telethon.network.mtprotosender - INFO - Connecting to 91.108.56.191:443/TcpFull...
2026-06-06 02:36:09,324 - telethon.network.mtprotosender - INFO - Connection to 91.108.56.191:443/TcpFull complete!
2026-06-06 02:56:02,622 - telethon.network.connection.connection - WARNING - Server closed the connection: [Errno 60] Operation timed out
2026-06-06 02:56:02,623 - telethon.network.mtprotosender - INFO - Connection closed while receiving data: [Errno 60] Operation timed out
2026-06-06 02:56:02,623 - telethon.network.mtprotosender - INFO - Closing current connection to begin reconnect...
2026-06-06 02:56:02,624 - telethon.network.connection.connection - WARNING - Graceful disconnection timed out, forcibly ignoring cleanup
2026-06-06 02:56:02,624 - telethon.network.mtprotosender - INFO - Connecting to 91.108.56.191:443/TcpFull...
2026-06-06 02:56:02,644 - telethon.network.mtprotosender - INFO - Connection to 91.108.56.191:443/TcpFull complete!
2026-06-06 03:31:27,495 - telethon.network.connection.connection - WARNING - Server closed the connection: [Errno 60] Operation timed out
2026-06-06 03:31:27,495 - telethon.network.mtprotosender - INFO - Connection closed while receiving data: [Errno 60] Operation timed out
2026-06-06 03:31:27,495 - telethon.network.mtprotosender - INFO - Closing current connection to begin reconnect...
2026-06-06 03:31:27,495 - telethon.network.connection.connection - WARNING - Graceful disconnection timed out, forcibly ignoring cleanup
2026-06-06 03:31:27,495 - telethon.network.mtprotosender - INFO - Connecting to 91.108.56.191:443/TcpFull...
2026-06-06 03:31:27,516 - telethon.network.mtprotosender - INFO - Connection to 91.108.56.191:443/TcpFull complete!
2026-06-06 03:52:32,900 - telethon.network.connection.connection - WARNING - Server closed the connection: [Errno 60] Operation timed out
2026-06-06 03:52:32,934 - telethon.network.mtprotosender - INFO - Connection closed while receiving data: [Errno 60] Operation timed out
2026-06-06 03:52:32,934 - telethon.network.mtprotosender - INFO - Closing current connection to begin reconnect...
2026-06-06 03:52:32,935 - telethon.network.connection.connection - WARNING - Graceful disconnection timed out, forcibly ignoring cleanup
2026-06-06 03:52:32,935 - telethon.network.mtprotosender - INFO - Connecting to 91.108.56.191:443/TcpFull...
2026-06-06 03:52:33,432 - telethon.network.mtprotosender - INFO - Connection to 91.108.56.191:443/TcpFull complete!
2026-06-06 04:26:36,092 - telethon.network.mtprotosender - INFO - Closing current connection to begin reconnect...
2026-06-06 04:26:36,095 - telethon.network.mtprotosender - INFO - Connecting to 91.108.56.191:443/TcpFull...
2026-06-06 04:26:36,122 - telethon.network.mtprotosender - INFO - Connection to 91.108.56.191:443/TcpFull complete!
2026-06-06 04:59:33,076 - telethon.network.connection.connection - WARNING - Server closed the connection: [Errno 60] Operation timed out
2026-06-06 04:59:33,152 - telethon.network.mtprotosender - INFO - Connection closed while receiving data: [Errno 60] Operation timed out
2026-06-06 04:59:33,154 - telethon.network.mtprotosender - INFO - Closing current connection to begin reconnect...
2026-06-06 04:59:33,155 - telethon.network.connection.connection - WARNING - Graceful disconnection timed out, forcibly ignoring cleanup
2026-06-06 04:59:33,156 - telethon.network.mtprotosender - INFO - Connecting to 91.108.56.191:443/TcpFull...
2026-06-06 04:59:33,615 - telethon.network.mtprotosender - INFO - Connection to 91.108.56.191:443/TcpFull complete!
2026-06-06 05:32:48,313 - telethon.network.mtprotosender - INFO - Closing current connection to begin reconnect...
2026-06-06 05:32:48,314 - telethon.network.mtprotosender - INFO - Connecting to 91.108.56.191:443/TcpFull...
2026-06-06 05:32:48,335 - telethon.network.mtprotosender - INFO - Connection to 91.108.56.191:443/TcpFull complete!
2026-06-06 05:39:01,923 - telethon.network.connection.connection - WARNING - Server closed the connection: [Errno 60] Operation timed out
2026-06-06 05:39:01,924 - telethon.network.mtprotosender - INFO - Connection closed while receiving data: [Errno 60] Operation timed out
2026-06-06 05:39:01,925 - telethon.network.mtprotosender - INFO - Closing current connection to begin reconnect...
2026-06-06 05:39:01,925 - telethon.network.connection.connection - WARNING - Graceful disconnection timed out, forcibly ignoring cleanup
2026-06-06 05:39:01,926 - telethon.network.mtprotosender - INFO - Connecting to 91.108.56.191:443/TcpFull...
2026-06-06 05:39:01,947 - telethon.network.mtprotosender - INFO - Connection to 91.108.56.191:443/TcpFull complete!
2026-06-06 05:39:11,674 - telethon.client.updates - INFO - Got difference for channel 1048910279 updates
2026-06-06 05:39:11,800 - telethon.client.updates - INFO - Got difference for channel 1189544175 updates
2026-06-06 05:39:11,801 - src.adapters.telegram.client - INFO - 📥 [PESAN MASUK] Chat ID: -1001189544175 | Nama: 'Quds News Network' | Teks: Watch | Mohsen Rezaee to CNN: Trump must act independently o...
2026-06-06 05:39:11,801 - src.adapters.telegram.client - INFO - 📥 [PESAN MASUK] Chat ID: -1001189544175 | Nama: 'Quds News Network' | Teks: Microsoft has announced that it will strengthen its human ri...
2026-06-06 05:39:11,801 - src.adapters.telegram.client - INFO - 📥 [PESAN MASUK] Chat ID: -1001189544175 | Nama: 'Quds News Network' | Teks: Breaking | The Palestinian Ministry of Health announces the ...
2026-06-06 05:39:11,801 - src.adapters.telegram.client - INFO - 📥 [PESAN MASUK] Chat ID: -1001189544175 | Nama: 'Quds News Network' | Teks: Israeli occupation forces storm Qalandia refugee camp, north...
2026-06-06 05:39:11,801 - src.adapters.telegram.client - INFO - 📥 [PESAN MASUK] Chat ID: -1001189544175 | Nama: 'Quds News Network' | Teks: Congressman Ro Khanna said that Benjamin Netanyahu instructe...
2026-06-06 05:39:11,802 - src.adapters.telegram.client - INFO - 📥 [PESAN MASUK] Chat ID: -1001189544175 | Nama: 'Quds News Network' | Teks: Breaking | Israeli artillery shells the eastern areas of Gaz...
2026-06-06 05:39:11,802 - src.adapters.telegram.client - INFO - 📥 [PESAN MASUK] Chat ID: -1001189544175 | Nama: 'Quds News Network' | Teks: Watch | Footage shows Iran’s NOPO counterterrorism units arr...
2026-06-06 05:39:11,802 - src.adapters.telegram.client - INFO - 📥 [PESAN MASUK] Chat ID: -1001189544175 | Nama: 'Quds News Network' | Teks: A CNN exclusive report revealed that Azerbaijan has become a...
2026-06-06 05:39:11,802 - src.adapters.telegram.client - INFO - 📥 [PESAN MASUK] Chat ID: -1001189544175 | Nama: 'Quds News Network' | Teks: 7-month-old infant Sam Fahd Abu Haikal, who succumbed to wou...
2026-06-06 05:39:11,802 - src.adapters.telegram.client - INFO - 📥 [PESAN MASUK] Chat ID: -1001189544175 | Nama: 'Quds News Network' | Teks: The “Free Marwan Now” group installed a statue of Fatah lead...
2026-06-06 05:39:11,802 - src.adapters.telegram.client - INFO - 📥 [PESAN MASUK] Chat ID: -1001189544175 | Nama: 'Quds News Network' | Teks: Israeli occupation forces storm Qalandia refugee camp, north...
2026-06-06 05:39:11,802 - src.adapters.telegram.client - INFO - 📥 [PESAN MASUK] Chat ID: -1001189544175 | Nama: 'Quds News Network' | Teks: The Slovenian parliament has elected Janez Janša as prime mi...
2026-06-06 05:39:11,803 - src.adapters.telegram.client - INFO - 📥 [PESAN MASUK] Chat ID: -1001189544175 | Nama: 'Quds News Network' | Teks: Seven-month-old Palestinian infant Sam Fahd Abu Haikal never...
2026-06-06 05:39:11,805 - src.adapters.telegram.client - INFO - 📥 [PESAN MASUK] Chat ID: -1001189544175 | Nama: 'Quds News Network' | Teks: Breaking | Israeli artillery shells the eastern areas of Kha...
2026-06-06 05:39:11,806 - src.adapters.telegram.client - INFO - 📥 [PESAN MASUK] Chat ID: -1001189544175 | Nama: 'Quds News Network' | Teks: Watch | The family’s cries echo after the announcement of th...
2026-06-06 05:39:11,806 - src.adapters.telegram.client - INFO - 📥 [PESAN MASUK] Chat ID: -1001189544175 | Nama: 'Quds News Network' | Teks: Breaking | Israeli occupation forces fire flares and smoke g...
2026-06-06 05:39:11,806 - src.adapters.telegram.client - INFO - 📥 [PESAN MASUK] Chat ID: -1001189544175 | Nama: 'Quds News Network' | Teks: The Foundation for Defense of Democracies (FDD) is an Israel...
2026-06-06 05:46:43,559 - src.adapters.telegram.client - INFO - 📥 [PESAN MASUK] Chat ID: -1001189544175 | Nama: 'Quds News Network' | Teks: The 2026 Eurovision Song Contest was watched by 131 million ...
2026-06-06 06:06:13,502 - telethon.network.connection.connection - WARNING - Server closed the connection: [Errno 60] Operation timed out
2026-06-06 06:06:13,503 - telethon.network.mtprotosender - INFO - Connection closed while receiving data: [Errno 60] Operation timed out
2026-06-06 06:06:13,504 - telethon.network.mtprotosender - INFO - Closing current connection to begin reconnect...
2026-06-06 06:06:13,504 - telethon.network.connection.connection - WARNING - Graceful disconnection timed out, forcibly ignoring cleanup
2026-06-06 06:06:13,504 - telethon.network.mtprotosender - INFO - Connecting to 91.108.56.191:443/TcpFull...
2026-06-06 06:06:13,525 - telethon.network.mtprotosender - INFO - Connection to 91.108.56.191:443/TcpFull complete!
2026-06-06 06:39:37,938 - telethon.network.connection.connection - WARNING - Server closed the connection: [Errno 60] Operation timed out
2026-06-06 06:39:37,940 - telethon.network.mtprotosender - INFO - Connection closed while receiving data: [Errno 60] Operation timed out
2026-06-06 06:39:37,940 - telethon.network.mtprotosender - INFO - Closing current connection to begin reconnect...
2026-06-06 06:39:37,941 - telethon.network.connection.connection - WARNING - Graceful disconnection timed out, forcibly ignoring cleanup
2026-06-06 06:39:37,941 - telethon.network.mtprotosender - INFO - Connecting to 91.108.56.191:443/TcpFull...
2026-06-06 06:39:37,962 - telethon.network.mtprotosender - INFO - Connection to 91.108.56.191:443/TcpFull complete!
2026-06-06 06:39:40,535 - telethon.client.updates - INFO - Got difference for channel 1508335079 updates
2026-06-06 06:39:40,536 - src.adapters.telegram.client - INFO - 📥 [PESAN MASUK] Chat ID: -1001508335079 | Nama: 'MENEMBUS BATAS' | Teks: Ketika penguasa kufur sekuler dinegeri mu terang terangan me...
2026-06-06 06:39:40,537 - src.adapters.telegram.client - INFO - 📥 [PESAN MASUK] Chat ID: -1001508335079 | Nama: 'MENEMBUS BATAS' | Teks: Waduh 😱 BGN : BAGIAN KORUPSI NASIONAL!   WES ATUREN AWUREN  ...
2026-06-06 06:39:48,027 - telethon.client.updates - INFO - Got difference for channel 1717096742 updates
2026-06-06 06:39:48,107 - telethon.client.updates - INFO - Got difference for channel 1189544175 updates
2026-06-06 06:39:48,108 - src.adapters.telegram.client - INFO - 📥 [PESAN MASUK] Chat ID: -1001189544175 | Nama: 'Quds News Network' | Teks: Breaking | CENTCOM claims shooting down four Iranian drones ...
2026-06-06 06:39:48,108 - src.adapters.telegram.client - INFO - 📥 [PESAN MASUK] Chat ID: -1001189544175 | Nama: 'Quds News Network' | Teks: Israel Hayom reported that the Israeli government is expecte...
2026-06-06 06:39:48,108 - src.adapters.telegram.client - INFO - 📥 [PESAN MASUK] Chat ID: -1001189544175 | Nama: 'Quds News Network' | Teks: A seven-month-old Palestinian baby was killed and his parent...
2026-06-06 06:39:48,108 - src.adapters.telegram.client - INFO - 📥 [PESAN MASUK] Chat ID: -1001189544175 | Nama: 'Quds News Network' | Teks: Palestinians mark 59 years for the turning point in history ...
2026-06-06 07:02:25,220 - telethon.network.connection.connection - WARNING - Server closed the connection: [Errno 60] Operation timed out
2026-06-06 07:02:25,221 - telethon.network.mtprotosender - INFO - Connection closed while receiving data: [Errno 60] Operation timed out
2026-06-06 07:02:25,222 - telethon.network.mtprotosender - INFO - Closing current connection to begin reconnect...
2026-06-06 07:02:25,222 - telethon.network.connection.connection - WARNING - Graceful disconnection timed out, forcibly ignoring cleanup
2026-06-06 07:02:25,223 - telethon.network.mtprotosender - INFO - Connecting to 91.108.56.191:443/TcpFull...
2026-06-06 07:02:25,244 - telethon.network.mtprotosender - INFO - Connection to 91.108.56.191:443/TcpFull complete!
2026-06-06 07:20:17,239 - telethon.network.mtprotosender - INFO - Closing current connection to begin reconnect...
2026-06-06 07:20:17,240 - telethon.network.mtprotosender - INFO - Connecting to 91.108.56.191:443/TcpFull...
2026-06-06 07:20:17,265 - telethon.network.mtprotosender - INFO - Connection to 91.108.56.191:443/TcpFull complete!
2026-06-06 07:33:25,418 - telethon.network.connection.connection - WARNING - Server closed the connection: [Errno 60] Operation timed out
2026-06-06 07:33:25,419 - telethon.network.mtprotosender - INFO - Connection closed while receiving data: [Errno 60] Operation timed out
2026-06-06 07:33:25,420 - telethon.network.mtprotosender - INFO - Closing current connection to begin reconnect...
2026-06-06 07:33:25,420 - telethon.network.connection.connection - WARNING - Graceful disconnection timed out, forcibly ignoring cleanup
2026-06-06 07:33:25,420 - telethon.network.mtprotosender - INFO - Connecting to 91.108.56.191:443/TcpFull...
2026-06-06 07:33:25,441 - telethon.network.mtprotosender - INFO - Connection to 91.108.56.191:443/TcpFull complete!
2026-06-06 07:36:05,886 - telethon.client.updates - INFO - Got difference for channel 1189544175 updates
2026-06-06 07:36:05,887 - src.adapters.telegram.client - INFO - 📥 [PESAN MASUK] Chat ID: -1001189544175 | Nama: 'Quds News Network' | Teks: Watch | Ben Shapiro says that opposing Zionism or Israel as ...
2026-06-06 07:36:05,888 - src.adapters.telegram.client - INFO - 📥 [PESAN MASUK] Chat ID: -1001189544175 | Nama: 'Quds News Network' | Teks: Breaking | Israeli quadcopter drones open fire towards the s...
2026-06-06 07:36:05,888 - src.adapters.telegram.client - INFO - 📥 [PESAN MASUK] Chat ID: -1001189544175 | Nama: 'Quds News Network' | Teks: More than 3,000 people, including legal experts, signed a co...
2026-06-06 07:36:05,888 - src.adapters.telegram.client - INFO - 📥 [PESAN MASUK] Chat ID: -1001189544175 | Nama: 'Quds News Network' | Teks: A year ago today, representatives Delia Ramirez, Sara Jacobs...
2026-06-06 07:36:05,888 - src.adapters.telegram.client - INFO - 📥 [PESAN MASUK] Chat ID: -1001189544175 | Nama: 'Quds News Network' | Teks: Breaking | Iranian television confirms explosions have occur...
2026-06-06 07:36:05,888 - src.adapters.telegram.client - INFO - 📥 [PESAN MASUK] Chat ID: -1001189544175 | Nama: 'Quds News Network' | Teks: The UN warned that humanitarian operations in the Gaza Strip...
2026-06-06 07:36:33,468 - telethon.client.updates - INFO - Got difference for channel 1048910279 updates
2026-06-06 07:41:04,926 - telethon.network.connection.connection - WARNING - Server closed the connection: [Errno 60] Operation timed out
2026-06-06 07:41:04,928 - telethon.network.mtprotosender - INFO - Connection closed while receiving data: [Errno 60] Operation timed out
2026-06-06 07:41:04,928 - telethon.network.mtprotosender - INFO - Closing current connection to begin reconnect...
2026-06-06 07:41:04,929 - telethon.network.connection.connection - WARNING - Graceful disconnection timed out, forcibly ignoring cleanup
2026-06-06 07:41:04,929 - telethon.network.mtprotosender - INFO - Connecting to 91.108.56.191:443/TcpFull...
2026-06-06 07:41:04,951 - telethon.network.mtprotosender - INFO - Connection to 91.108.56.191:443/TcpFull complete!
2026-06-06 07:59:13,576 - telethon.network.connection.connection - WARNING - Server closed the connection: [Errno 60] Operation timed out
2026-06-06 07:59:13,578 - telethon.network.mtprotosender - INFO - Connection closed while receiving data: [Errno 60] Operation timed out
2026-06-06 07:59:13,578 - telethon.network.mtprotosender - INFO - Closing current connection to begin reconnect...
2026-06-06 07:59:13,579 - telethon.network.connection.connection - WARNING - Graceful disconnection timed out, forcibly ignoring cleanup
2026-06-06 07:59:13,579 - telethon.network.mtprotosender - INFO - Connecting to 91.108.56.191:443/TcpFull...
2026-06-06 07:59:13,599 - telethon.network.mtprotosender - INFO - Connection to 91.108.56.191:443/TcpFull complete!
2026-06-06 08:18:38,375 - telethon.network.connection.connection - WARNING - Server closed the connection: [Errno 60] Operation timed out
2026-06-06 08:18:38,379 - telethon.network.mtprotosender - INFO - Connection closed while receiving data: [Errno 60] Operation timed out
2026-06-06 08:18:38,379 - telethon.network.mtprotosender - INFO - Closing current connection to begin reconnect...
2026-06-06 08:18:38,380 - telethon.network.connection.connection - WARNING - Graceful disconnection timed out, forcibly ignoring cleanup
2026-06-06 08:18:38,380 - telethon.network.mtprotosender - INFO - Connecting to 91.108.56.191:443/TcpFull...
2026-06-06 08:18:38,401 - telethon.network.mtprotosender - INFO - Connection to 91.108.56.191:443/TcpFull complete!
2026-06-06 08:36:03,584 - telethon.network.connection.connection - WARNING - Server closed the connection: [Errno 60] Operation timed out
2026-06-06 08:36:03,585 - telethon.network.mtprotosender - INFO - Connection closed while receiving data: [Errno 60] Operation timed out
2026-06-06 08:36:03,586 - telethon.network.mtprotosender - INFO - Closing current connection to begin reconnect...
2026-06-06 08:36:03,586 - telethon.network.connection.connection - WARNING - Graceful disconnection timed out, forcibly ignoring cleanup
2026-06-06 08:36:03,586 - telethon.network.mtprotosender - INFO - Connecting to 91.108.56.191:443/TcpFull...
2026-06-06 08:36:03,607 - telethon.network.mtprotosender - INFO - Connection to 91.108.56.191:443/TcpFull complete!
2026-06-06 08:37:45,668 - telethon.client.updates - INFO - Got difference for channel 1189544175 updates
2026-06-06 08:37:45,670 - src.adapters.telegram.client - INFO - 📥 [PESAN MASUK] Chat ID: -1001189544175 | Nama: 'Quds News Network' | Teks: Breaking | Multiple Palestinians were reported injured follo...
2026-06-06 08:37:45,670 - src.adapters.telegram.client - INFO - 📥 [PESAN MASUK] Chat ID: -1001189544175 | Nama: 'Quds News Network' | Teks: Breaking | Kuwait says air defenses are confronting "hostile...
2026-06-06 08:37:45,670 - src.adapters.telegram.client - INFO - 📥 [PESAN MASUK] Chat ID: -1001189544175 | Nama: 'Quds News Network' | Teks: Breaking | Sirens sound in Kuwait...
2026-06-06 08:37:45,670 - src.adapters.telegram.client - INFO - 📥 [PESAN MASUK] Chat ID: -1001189544175 | Nama: 'Quds News Network' | Teks: A new poll commissioned by humanitarian organizations shows ...
2026-06-06 08:37:45,671 - src.adapters.telegram.client - INFO - 📥 [PESAN MASUK] Chat ID: -1001189544175 | Nama: 'Quds News Network' | Teks: Breaking | Sirens sound again in Kuwait....
2026-06-06 08:37:45,671 - src.adapters.telegram.client - INFO - 📥 [PESAN MASUK] Chat ID: -1001189544175 | Nama: 'Quds News Network' | Teks: Breaking | Missiles were launched towards Bahrain too....
2026-06-06 08:37:45,671 - src.adapters.telegram.client - INFO - 📥 [PESAN MASUK] Chat ID: -1001189544175 | Nama: 'Quds News Network' | Teks: Breaking | In an updated toll, one Palestinian was killed an...
2026-06-06 08:37:45,671 - src.adapters.telegram.client - INFO - 📥 [PESAN MASUK] Chat ID: -1001189544175 | Nama: 'Quds News Network' | Teks: A new Pew Research Center survey covering 36 countries found...
2026-06-06 08:37:45,671 - src.adapters.telegram.client - INFO - 📥 [PESAN MASUK] Chat ID: -1001189544175 | Nama: 'Quds News Network' | Teks: Hours before his wedding, Palestinian Muhannad Othman Farwan...
2026-06-06 08:54:16,153 - telethon.network.connection.connection - WARNING - Server closed the connection: [Errno 60] Operation timed out
2026-06-06 08:54:16,155 - telethon.network.mtprotosender - INFO - Connection closed while receiving data: [Errno 60] Operation timed out
2026-06-06 08:54:16,155 - telethon.network.mtprotosender - INFO - Closing current connection to begin reconnect...
2026-06-06 08:54:16,156 - telethon.network.connection.connection - WARNING - Graceful disconnection timed out, forcibly ignoring cleanup
2026-06-06 08:54:16,156 - telethon.network.mtprotosender - INFO - Connecting to 91.108.56.191:443/TcpFull...
2026-06-06 08:54:16,177 - telethon.network.mtprotosender - INFO - Connection to 91.108.56.191:443/TcpFull complete!
2026-06-06 09:11:14,502 - telethon.network.connection.connection - WARNING - Server closed the connection: [Errno 60] Operation timed out
2026-06-06 09:11:14,503 - telethon.network.mtprotosender - INFO - Connection closed while receiving data: [Errno 60] Operation timed out
2026-06-06 09:11:14,504 - telethon.network.mtprotosender - INFO - Closing current connection to begin reconnect...
2026-06-06 09:11:14,504 - telethon.network.connection.connection - WARNING - Graceful disconnection timed out, forcibly ignoring cleanup
2026-06-06 09:11:14,505 - telethon.network.mtprotosender - INFO - Connecting to 91.108.56.191:443/TcpFull...
2026-06-06 09:11:14,527 - telethon.network.mtprotosender - INFO - Connection to 91.108.56.191:443/TcpFull complete!
2026-06-06 09:11:17,455 - telethon.client.updates - INFO - Got difference for channel 1739455214 updates
2026-06-06 09:11:17,456 - src.adapters.telegram.client - INFO - 📥 [PESAN MASUK] Chat ID: -1001739455214 | Nama: 'Opposite6890™️' | Teks: Geofence Beta Feature.  Untuk User Beta, coba fitur baru ini...
2026-06-06 09:11:24,135 - telethon.client.updates - INFO - Got difference for channel 1508335079 updates
2026-06-06 09:11:24,136 - src.adapters.telegram.client - INFO - 📥 [PESAN MASUK] Chat ID: -1001508335079 | Nama: 'MENEMBUS BATAS' | Teks: BERANIKAH KPK PANGGIL & PERIKSA JOKOWI  .  🤷‍♂️...
2026-06-06 09:11:24,136 - src.adapters.telegram.client - INFO - 📥 [PESAN MASUK] Chat ID: -1001508335079 | Nama: 'MENEMBUS BATAS' | Teks: MBG INI SUDAH BERJALAN 2 TAHUN...  KORUPSI... NYA   AIR MU M...
2026-06-06 09:11:24,136 - src.adapters.telegram.client - INFO - 📥 [PESAN MASUK] Chat ID: -1001508335079 | Nama: 'MENEMBUS BATAS' | Teks: BERANIKAH KPK PANGGIL & PERIKSA WOWO KORUPSI DI BGN ( SBG PE...
2026-06-06 09:11:24,219 - telethon.client.updates - INFO - Got difference for channel 1189544175 updates
2026-06-06 09:11:24,219 - src.adapters.telegram.client - INFO - 📥 [PESAN MASUK] Chat ID: -1001189544175 | Nama: 'Quds News Network' | Teks: The Israeli Supreme Court ruled that a policy imposed by the...
2026-06-06 09:11:24,220 - src.adapters.telegram.client - INFO - 📥 [PESAN MASUK] Chat ID: -1001189544175 | Nama: 'Quds News Network' | Teks: Breaking | Islamic Revolutionary Guard Corps: Following the ...
2026-06-06 09:11:24,220 - src.adapters.telegram.client - INFO - 📥 [PESAN MASUK] Chat ID: -1001189544175 | Nama: 'Quds News Network' | Teks: Smoke rising from the headquarters of the U.S. Fifth Fleet i...
2026-06-06 09:11:56,063 - src.adapters.telegram.client - INFO - 📥 [PESAN MASUK] Chat ID: -1001508335079 | Nama: 'MENEMBUS BATAS' | Teks: SEKILAS INFO ASAL ASPAL DARI P. BUTON SULTRA...
2026-06-06 09:44:45,372 - telethon.network.connection.connection - WARNING - Server closed the connection: [Errno 60] Operation timed out
2026-06-06 09:44:45,373 - telethon.network.mtprotosender - INFO - Connection closed while receiving data: [Errno 60] Operation timed out
2026-06-06 09:44:45,373 - telethon.network.mtprotosender - INFO - Closing current connection to begin reconnect...
2026-06-06 09:44:45,373 - telethon.network.connection.connection - WARNING - Graceful disconnection timed out, forcibly ignoring cleanup
2026-06-06 09:44:45,373 - telethon.network.mtprotosender - INFO - Connecting to 91.108.56.191:443/TcpFull...
2026-06-06 09:44:45,394 - telethon.network.mtprotosender - INFO - Connection to 91.108.56.191:443/TcpFull complete!
2026-06-06 09:46:06,726 - telethon.client.updates - INFO - Got difference for channel 1717096742 updates
2026-06-06 09:46:06,726 - src.adapters.telegram.client - INFO - 📥 [PESAN MASUK] Chat ID: -1001717096742 | Nama: 'Trade Gaya ARIS' | Teks: SELAMAT PAGI TRADE GAYA ARIS!   Kalian mau lihat something g...
2026-06-06 09:46:06,727 - src.adapters.telegram.client - INFO - 📥 [PESAN MASUK] Chat ID: -1001717096742 | Nama: 'Trade Gaya ARIS' | Teks: PROFIT GILAKKK! TOP 2 MEMBER CIRCLE TGA!💰  Kalian masih cari...
2026-06-06 10:02:49,390 - telethon.network.connection.connection - WARNING - Server closed the connection: [Errno 60] Operation timed out
2026-06-06 10:02:49,392 - telethon.network.mtprotosender - INFO - Connection closed while receiving data: [Errno 60] Operation timed out
2026-06-06 10:02:49,392 - telethon.network.mtprotosender - INFO - Closing current connection to begin reconnect...
2026-06-06 10:02:49,393 - telethon.network.connection.connection - WARNING - Graceful disconnection timed out, forcibly ignoring cleanup
2026-06-06 10:02:49,393 - telethon.network.mtprotosender - INFO - Connecting to 91.108.56.191:443/TcpFull...
2026-06-06 10:02:49,416 - telethon.network.mtprotosender - INFO - Connection to 91.108.56.191:443/TcpFull complete!
2026-06-06 10:20:15,734 - telethon.network.connection.connection - WARNING - Server closed the connection: [Errno 60] Operation timed out
2026-06-06 10:20:15,736 - telethon.network.mtprotosender - INFO - Connection closed while receiving data: [Errno 60] Operation timed out
2026-06-06 10:20:15,736 - telethon.network.mtprotosender - INFO - Closing current connection to begin reconnect...
2026-06-06 10:20:15,737 - telethon.network.connection.connection - WARNING - Graceful disconnection timed out, forcibly ignoring cleanup
2026-06-06 10:20:15,737 - telethon.network.mtprotosender - INFO - Connecting to 91.108.56.191:443/TcpFull...
2026-06-06 10:20:15,758 - telethon.network.mtprotosender - INFO - Connection to 91.108.56.191:443/TcpFull complete!
2026-06-06 10:50:50,426 - telethon.network.connection.connection - WARNING - Server closed the connection: [Errno 60] Operation timed out
2026-06-06 10:50:50,427 - telethon.network.mtprotosender - INFO - Connection closed while receiving data: [Errno 60] Operation timed out
2026-06-06 10:50:50,428 - telethon.network.mtprotosender - INFO - Closing current connection to begin reconnect...
2026-06-06 10:50:50,428 - telethon.network.connection.connection - WARNING - Graceful disconnection timed out, forcibly ignoring cleanup
2026-06-06 10:50:50,428 - telethon.network.mtprotosender - INFO - Connecting to 91.108.56.191:443/TcpFull...
2026-06-06 10:50:50,553 - telethon.network.mtprotosender - INFO - Connection to 91.108.56.191:443/TcpFull complete!
2026-06-06 10:51:15,594 - telethon.client.updates - INFO - Got difference for channel 1717096742 updates
2026-06-06 10:56:06,373 - telethon.client.updates - INFO - Got difference for channel 1508335079 updates
2026-06-06 10:56:06,376 - src.adapters.telegram.client - INFO - 📥 [PESAN MASUK] Chat ID: -1001508335079 | Nama: 'MENEMBUS BATAS' | Teks: 👆 Sejak jabat Kepala BGN, Suara kritisnya Ilang  😂...
2026-06-06 10:56:06,425 - telethon.client.updates - INFO - Got difference for channel 1739455214 updates
2026-06-06 10:56:06,522 - telethon.client.updates - INFO - Got difference for channel 1048910279 updates
2026-06-06 10:56:06,592 - telethon.client.updates - INFO - Got difference for channel 3765107916 updates
2026-06-06 11:13:34,539 - telethon.network.connection.connection - WARNING - Server closed the connection: [Errno 60] Operation timed out
2026-06-06 11:13:34,541 - telethon.network.mtprotosender - INFO - Connection closed while receiving data: [Errno 60] Operation timed out
2026-06-06 11:13:34,541 - telethon.network.mtprotosender - INFO - Closing current connection to begin reconnect...
2026-06-06 11:13:34,541 - telethon.network.connection.connection - WARNING - Graceful disconnection timed out, forcibly ignoring cleanup
2026-06-06 11:13:34,542 - telethon.network.mtprotosender - INFO - Connecting to 91.108.56.191:443/TcpFull...
2026-06-06 11:13:34,564 - telethon.network.mtprotosender - INFO - Connection to 91.108.56.191:443/TcpFull complete!
2026-06-06 11:32:59,343 - telethon.network.connection.connection - WARNING - Server closed the connection: [Errno 60] Operation timed out
2026-06-06 11:32:59,344 - telethon.network.mtprotosender - INFO - Connection closed while receiving data: [Errno 60] Operation timed out
2026-06-06 11:32:59,344 - telethon.network.mtprotosender - INFO - Closing current connection to begin reconnect...
2026-06-06 11:32:59,344 - telethon.network.connection.connection - WARNING - Graceful disconnection timed out, forcibly ignoring cleanup
2026-06-06 11:32:59,347 - telethon.network.mtprotosender - INFO - Connecting to 91.108.56.191:443/TcpFull...
2026-06-06 11:32:59,367 - telethon.network.mtprotosender - INFO - Connection to 91.108.56.191:443/TcpFull complete!
2026-06-06 11:50:15,881 - telethon.network.connection.connection - WARNING - Server closed the connection: [Errno 60] Operation timed out
2026-06-06 11:50:15,883 - telethon.network.mtprotosender - INFO - Connection closed while receiving data: [Errno 60] Operation timed out
2026-06-06 11:50:15,883 - telethon.network.mtprotosender - INFO - Closing current connection to begin reconnect...
2026-06-06 11:50:15,884 - telethon.network.connection.connection - WARNING - Graceful disconnection timed out, forcibly ignoring cleanup
2026-06-06 11:50:15,884 - telethon.network.mtprotosender - INFO - Connecting to 91.108.56.191:443/TcpFull...
2026-06-06 11:50:15,906 - telethon.network.mtprotosender - INFO - Connection to 91.108.56.191:443/TcpFull complete!
2026-06-06 11:51:30,669 - telethon.client.updates - INFO - Got difference for channel 1048910279 updates
2026-06-06 11:51:30,713 - telethon.client.updates - INFO - Got difference for channel 1508335079 updates
2026-06-06 11:51:30,714 - src.adapters.telegram.client - INFO - 📥 [PESAN MASUK] Chat ID: -1001508335079 | Nama: 'MENEMBUS BATAS' | Teks: Rakus! Dadan Bersama Dua Mantan Wakil BGN Telah Mengasak Uan...
2026-06-06 11:51:30,715 - src.adapters.telegram.client - INFO - 📥 [PESAN MASUK] Chat ID: -1001508335079 | Nama: 'MENEMBUS BATAS' | Teks: *Prabowo Tak Bisa Tidur Nyenyak lagi.* *UGM Mulai Bergerak* ...
2026-06-06 11:51:30,715 - src.adapters.telegram.client - INFO - 📥 [PESAN MASUK] Chat ID: -1001508335079 | Nama: 'MENEMBUS BATAS' | Teks: Jangan Lupa 5 Juni adalah Hari Lingkungan Hidup Sedunia...  ...
2026-06-06 11:51:30,766 - telethon.client.updates - INFO - Got difference for channel 1739455214 updates
2026-06-06 12:10:36,595 - telethon.network.connection.connection - WARNING - Server closed the connection: [Errno 60] Operation timed out
2026-06-06 12:10:36,597 - telethon.network.mtprotosender - INFO - Connection closed while receiving data: [Errno 60] Operation timed out
2026-06-06 12:10:36,597 - telethon.network.mtprotosender - INFO - Closing current connection to begin reconnect...
2026-06-06 12:10:36,598 - telethon.network.connection.connection - WARNING - Graceful disconnection timed out, forcibly ignoring cleanup
2026-06-06 12:10:36,598 - telethon.network.mtprotosender - INFO - Connecting to 91.108.56.191:443/TcpFull...
2026-06-06 12:10:36,618 - telethon.network.mtprotosender - INFO - Connection to 91.108.56.191:443/TcpFull complete!
2026-06-06 12:45:08,759 - telethon.network.connection.connection - WARNING - Server closed the connection: [Errno 60] Operation timed out
2026-06-06 12:45:08,760 - telethon.network.mtprotosender - INFO - Connection closed while receiving data: [Errno 60] Operation timed out
2026-06-06 12:45:08,761 - telethon.network.mtprotosender - INFO - Closing current connection to begin reconnect...
2026-06-06 12:45:08,761 - telethon.network.connection.connection - WARNING - Graceful disconnection timed out, forcibly ignoring cleanup
2026-06-06 12:45:08,761 - telethon.network.mtprotosender - INFO - Connecting to 91.108.56.191:443/TcpFull...
2026-06-06 12:45:08,783 - telethon.network.mtprotosender - INFO - Connection to 91.108.56.191:443/TcpFull complete!
2026-06-06 13:11:42,106 - telethon.network.connection.connection - WARNING - Server closed the connection: [Errno 60] Operation timed out
2026-06-06 13:11:42,183 - telethon.network.mtprotosender - INFO - Connection closed while receiving data: [Errno 60] Operation timed out
2026-06-06 13:11:42,183 - telethon.network.mtprotosender - INFO - Closing current connection to begin reconnect...
2026-06-06 13:11:42,184 - telethon.network.connection.connection - WARNING - Graceful disconnection timed out, forcibly ignoring cleanup
2026-06-06 13:11:42,185 - telethon.network.mtprotosender - INFO - Connecting to 91.108.56.191:443/TcpFull...
2026-06-06 13:11:42,593 - telethon.network.mtprotosender - INFO - Connection to 91.108.56.191:443/TcpFull complete!
2026-06-06 13:14:27,180 - telethon.client.updates - INFO - Got difference for channel 1048910279 updates
2026-06-06 13:14:27,182 - src.adapters.telegram.client - INFO - 📥 [PESAN MASUK] Chat ID: -1001048910279 | Nama: 'Lowongan Kerja IT' | Teks: #lokerodoo #surabaya #analyst...
2026-06-06 13:14:27,245 - telethon.client.updates - INFO - Got difference for channel 1189544175 updates
2026-06-06 13:14:27,245 - src.adapters.telegram.client - INFO - 📥 [PESAN MASUK] Chat ID: -1001189544175 | Nama: 'Quds News Network' | Teks: In Glasgow, UK, activists paid tribute to all the Palestinia...
2026-06-06 13:14:27,246 - src.adapters.telegram.client - INFO - 📥 [PESAN MASUK] Chat ID: -1001189544175 | Nama: 'Quds News Network' | Teks: Footage shows the aftermath of an Israeli strike that hit a ...
2026-06-06 13:14:27,246 - src.adapters.telegram.client - INFO - 📥 [PESAN MASUK] Chat ID: -1001189544175 | Nama: 'Quds News Network' | Teks: Hours before his wedding, Palestinian youth Muhannad Othman ...
2026-06-06 13:14:27,246 - src.adapters.telegram.client - INFO - 📥 [PESAN MASUK] Chat ID: -1001189544175 | Nama: 'Quds News Network' | Teks: Slovenia's Presidential Palace raised a Palestinian flag on ...
2026-06-06 13:14:27,246 - src.adapters.telegram.client - INFO - 📥 [PESAN MASUK] Chat ID: -1001189544175 | Nama: 'Quds News Network' | Teks: Breaking | Injuries reported following an Israeli strike on ...
2026-06-06 13:44:27,754 - telethon.network.connection.connection - WARNING - Server closed the connection: [Errno 60] Operation timed out
2026-06-06 13:44:27,756 - telethon.network.mtprotosender - INFO - Connection closed while receiving data: [Errno 60] Operation timed out
2026-06-06 13:44:27,756 - telethon.network.mtprotosender - INFO - Closing current connection to begin reconnect...
2026-06-06 13:44:27,756 - telethon.network.connection.connection - WARNING - Graceful disconnection timed out, forcibly ignoring cleanup
2026-06-06 13:44:27,757 - telethon.network.mtprotosender - INFO - Connecting to 91.108.56.191:443/TcpFull...
2026-06-06 13:47:59,257 - telethon.network.mtprotosender - WARNING - Attempt 1 at connecting failed: TimeoutError: 
2026-06-06 13:48:00,283 - telethon.network.mtprotosender - INFO - Connection to 91.108.56.191:443/TcpFull complete!
2026-06-06 13:58:51,842 - telethon.client.updates - INFO - Got difference for channel 1189544175 updates
2026-06-06 13:58:51,844 - src.adapters.telegram.client - INFO - 📥 [PESAN MASUK] Chat ID: -1001189544175 | Nama: 'Quds News Network' | Teks: Breaking | A brigadier general in the Lebanese Army and his ...
2026-06-06 13:58:51,844 - src.adapters.telegram.client - INFO - 📥 [PESAN MASUK] Chat ID: -1001189544175 | Nama: 'Quds News Network' | Teks: Breaking | The Lebanese Armed Forces says several soldiers, ...
2026-06-06 13:58:51,844 - src.adapters.telegram.client - INFO - 📥 [PESAN MASUK] Chat ID: -1001189544175 | Nama: 'Quds News Network' | Teks: An Israeli soldier shared a shocking video showing abducted ...
2026-06-06 14:00:28,787 - src.adapters.telegram.client - INFO - 📥 [PESAN MASUK] Chat ID: -1001048910279 | Nama: 'Lowongan Kerja IT' | Teks: (5 + 5) Ari Wahyu, please, send the solution to the arithmet...
2026-06-06 14:06:25,722 - telethon.client.updates - INFO - Got difference for channel 1508335079 updates
2026-06-06 14:07:32,162 - main - INFO - Memulai aplikasi Telegram Signal Listener & Forwarder...
2026-06-06 14:07:32,163 - main - INFO - Konfigurasi berhasil dimuat.
2026-06-06 14:07:32,165 - src.core.use_cases.monitor_groups - INFO - MonitorGroupsUseCase berhasil memperbarui konfigurasi grup sumber secara dinamis.
2026-06-06 14:07:32,165 - src.adapters.telegram.client - INFO - Mendaftarkan handler event pesan baru (Mendengarkan semua chat untuk mempermudah deteksi chat_id)...
2026-06-06 14:07:32,165 - src.adapters.telegram.client - INFO - Memulai sesi Telegram...
2026-06-06 14:07:32,165 - telethon.network.mtprotosender - INFO - Connecting to 91.108.56.191:443/TcpFull...
2026-06-06 14:07:32,190 - telethon.network.mtprotosender - INFO - Connection to 91.108.56.191:443/TcpFull complete!
2026-06-06 14:07:32,388 - src.adapters.telegram.client - INFO - Sesi Telegram berhasil dimulai.
2026-06-06 14:07:32,420 - main - INFO - Otorisasi sukses. Berjalan menggunakan akun: Beny  (@benysutanto)
2026-06-06 14:07:32,420 - main - INFO - Mulai mendengarkan pesan dari 2 grup sumber...
2026-06-06 14:07:32,420 - main - INFO - Sinyal yang valid akan diteruskan ke 1 target.
2026-06-06 14:07:32,420 - src.adapters.telegram.client - INFO - Aplikasi sedang mendengarkan pesan (listening)... Tekan Ctrl+C untuk keluar.
2026-06-06 14:07:32,420 - main - INFO - Memulai background task pemantau file konfigurasi (Hot Reload)...
2026-06-06 14:18:04,804 - src.adapters.telegram.client - INFO - 📥 [PESAN MASUK] Chat ID: -1001048910279 | Nama: 'Lowongan Kerja IT' | Teks: (2 + 4) Ari Wahyu, please, send the solution to the arithmet...
2026-06-06 14:18:32,482 - src.adapters.telegram.client - INFO - 📥 [PESAN MASUK] Chat ID: -1001048910279 | Nama: 'Lowongan Kerja IT' | Teks: 6...
2026-06-06 14:23:18,564 - telethon.client.updates - INFO - Got difference for channel 3765107916 updates
2026-06-06 14:28:32,501 - telethon.client.updates - INFO - Got difference for channel 1189544175 updates
2026-06-06 14:36:35,268 - src.adapters.telegram.client - INFO - 📥 [PESAN MASUK] Chat ID: -1001189544175 | Nama: 'Quds News Network' | Teks: After two and a half years of medical treatment outside Gaza...
2026-06-06 14:37:34,550 - telethon.client.updates - INFO - Got difference for channel 1048910279 updates
2026-06-06 14:44:32,653 - src.adapters.telegram.client - INFO - 📥 [PESAN MASUK] Chat ID: -1001189544175 | Nama: 'Quds News Network' | Teks: Breaking | Israeli warplanes carry out airstrikes on the tow...
2026-06-06 15:03:33,196 - src.adapters.telegram.client - INFO - 📥 [PESAN MASUK] Chat ID: -1001189544175 | Nama: 'Quds News Network' | Teks: A somber morning in Hebron, occupied Palestine, as the body ...
2026-06-06 15:19:33,612 - src.adapters.telegram.client - INFO - 📥 [PESAN MASUK] Chat ID: -1001189544175 | Nama: 'Quds News Network' | Teks: Breaking | The Israeli occupation army posted threats demand...
2026-06-06 15:36:33,207 - src.adapters.telegram.client - INFO - 📥 [PESAN MASUK] Chat ID: -1001189544175 | Nama: 'Quds News Network' | Teks: Breaking | Israeli settler militias are attacking homes righ...
2026-06-06 15:37:38,304 - telethon.client.updates - INFO - Got difference for channel 1189544175 updates
2026-06-06 15:50:33,191 - src.adapters.telegram.client - INFO - 📥 [PESAN MASUK] Chat ID: -1001189544175 | Nama: 'Quds News Network' | Teks: Breaking | Israeli settlers have stolen a Palestinian-owned ...
2026-06-06 15:53:20,689 - src.adapters.telegram.client - INFO - 📥 [PESAN MASUK] Chat ID: -1001189544175 | Nama: 'Quds News Network' | Teks: Watch | Israeli settler militias smash a parked vehicle duri...
2026-06-06 16:04:33,033 - src.adapters.telegram.client - INFO - 📥 [PESAN MASUK] Chat ID: -1002049259647 | Nama: 'Diskusi Channel AnTek Saham' | Teks: Tpia good invest, dia salah satu tulang punggung industri ki...
2026-06-06 16:05:34,350 - src.adapters.telegram.client - INFO - 📥 [PESAN MASUK] Chat ID: -1001048910279 | Nama: 'Lowongan Kerja IT' | Teks: Saya berminat Pak, CV dan berkas pendukung lainnya telah dik...
2026-06-06 16:24:30,276 - telethon.network.connection.connection - WARNING - Server closed the connection: [Errno 54] Connection reset by peer
2026-06-06 16:24:30,279 - telethon.network.mtprotosender - INFO - Connection closed while receiving data: [Errno 54] Connection reset by peer
2026-06-06 16:24:30,279 - telethon.network.mtprotosender - INFO - Closing current connection to begin reconnect...
2026-06-06 16:24:30,279 - telethon.network.connection.connection - INFO - <class 'ConnectionResetError'> during disconnect: [Errno 54] Connection reset by peer
2026-06-06 16:24:30,280 - telethon.network.mtprotosender - INFO - Connecting to 91.108.56.191:443/TcpFull...
2026-06-06 16:24:30,472 - telethon.network.mtprotosender - INFO - Connection to 91.108.56.191:443/TcpFull complete!
2026-06-06 16:27:32,813 - telethon.client.updates - INFO - Got difference for channel 1048910279 updates
2026-06-06 16:27:32,815 - src.adapters.telegram.client - INFO - 📥 [PESAN MASUK] Chat ID: -1001048910279 | Nama: 'Lowongan Kerja IT' | Teks: 支付宝 微信有码来收钱 带码收米联系  @Dl88o  支付宝 微信有码来收钱 带码收米联系  @Dl88o  支付宝 ...
2026-06-06 16:30:31,049 - telethon.client.updates - INFO - Got difference for channel 1189544175 updates
2026-06-06 16:30:31,052 - src.adapters.telegram.client - INFO - 📥 [PESAN MASUK] Chat ID: -1001189544175 | Nama: 'Quds News Network' | Teks: A heavy morning in Hebron in the occupied West Bank as the b...
2026-06-06 16:30:31,052 - src.adapters.telegram.client - INFO - 📥 [PESAN MASUK] Chat ID: -1001189544175 | Nama: 'Quds News Network' | Teks: Breaking | A young Palestinian man was injured in the head d...
2026-06-06 16:30:31,052 - src.adapters.telegram.client - INFO - 📥 [PESAN MASUK] Chat ID: -1001189544175 | Nama: 'Quds News Network' | Teks: Breaking | Israeli settler militias are attacking the villag...
2026-06-06 16:30:31,053 - src.adapters.telegram.client - INFO - 📥 [PESAN MASUK] Chat ID: -1001189544175 | Nama: 'Quds News Network' | Teks: Breaking | At least nine Palestinians reported injured in an...
2026-06-06 16:32:18,771 - telethon.client.updates - INFO - Got difference for channel 2049259647 updates
2026-06-06 16:32:18,774 - src.adapters.telegram.client - INFO - 📥 [PESAN MASUK] Chat ID: -1002049259647 | Nama: 'Diskusi Channel AnTek Saham' | Teks: Semoga beberapa bulan kedepan IHSG pulih  Dan harga saham sk...
2026-06-06 16:41:30,182 - telethon.network.mtprotosender - INFO - Closing current connection to begin reconnect...
2026-06-06 16:41:30,185 - telethon.network.mtprotosender - INFO - Connecting to 91.108.56.191:443/TcpFull...
2026-06-06 16:41:30,632 - telethon.network.mtprotosender - INFO - Connection to 91.108.56.191:443/TcpFull complete!
2026-06-06 16:42:44,682 - telethon.client.updates - INFO - Got difference for channel 1048910279 updates
2026-06-06 16:42:44,684 - src.adapters.telegram.client - INFO - 📥 [PESAN MASUK] Chat ID: -1001048910279 | Nama: 'Lowongan Kerja IT' | Teks: 飞机加群手 （小兼职）  加一个20块  @caitx1  飞机加群手 （小兼职）  加一个20块    @caitx1...
2026-06-06 16:42:44,684 - src.adapters.telegram.client - INFO - 📥 [PESAN MASUK] Chat ID: -1001048910279 | Nama: 'Lowongan Kerja IT' | Teks: Apakah remote atau wfo pak?...
2026-06-06 16:44:31,818 - src.adapters.telegram.client - INFO - 📥 [PESAN MASUK] Chat ID: -1001189544175 | Nama: 'Quds News Network' | Teks: Breaking | Israeli settler militias are attacking a cement f...
2026-06-06 16:50:33,634 - src.adapters.telegram.client - INFO - 📥 [PESAN MASUK] Chat ID: -1001876701379 | Nama: 'AnTek Saham Channel' | Teks: Analisa Saham BRIS, AMMN, BREN, BRPT DAN PTRO Untuk Tanggal ...
2026-06-06 16:50:33,637 - src.adapters.telegram.client - INFO - 📥 [PESAN MASUK] Chat ID: -1002049259647 | Nama: 'Diskusi Channel AnTek Saham' | Teks: Analisa Saham BRIS, AMMN, BREN, BRPT DAN PTRO Untuk Tanggal ...
2026-06-06 16:55:30,413 - src.adapters.telegram.client - INFO - 📥 [PESAN MASUK] Chat ID: -1001048910279 | Nama: 'Lowongan Kerja IT' | Teks: @qunji2bot   捞生活费（加群兼职）...
2026-06-06 16:55:30,415 - src.adapters.telegram.client - INFO - 📥 [PESAN MASUK] Chat ID: -1001048910279 | Nama: 'Lowongan Kerja IT' | Teks: 飞机加群手 （小兼职）  加一个20块  @caitx1  飞机加群手 （小兼职）  加一个20块    @caitx1...
2026-06-06 17:05:12,109 - src.adapters.telegram.client - INFO - 📥 [PESAN MASUK] Chat ID: -1001189544175 | Nama: 'Quds News Network' | Teks: Slovenia’s newly elected Prime Minister, Janez Janša, began ...
2026-06-06 17:05:22,437 - telethon.client.updates - INFO - Got difference for channel 2049259647 updates
2026-06-06 17:07:35,433 - src.adapters.telegram.client - INFO - 📥 [PESAN MASUK] Chat ID: -1001189544175 | Nama: 'Quds News Network' | Teks: The Hind Rajab Foundation (HRF) urged Indian authorities to ...
2026-06-06 17:35:34,671 - src.adapters.telegram.client - INFO - 📥 [PESAN MASUK] Chat ID: -1001189544175 | Nama: 'Quds News Network' | Teks: At least nine Palestinians were injured this afternoon, incl...
2026-06-06 17:52:42,328 - src.adapters.telegram.client - INFO - 📥 [PESAN MASUK] Chat ID: -1001876701379 | Nama: 'AnTek Saham Channel' | Teks: Analisa Saham CUAN, TPIA, ANTM, RAJA DAN CDIA Untuk Tanggal ...
2026-06-06 17:52:42,420 - src.adapters.telegram.client - INFO - 📥 [PESAN MASUK] Chat ID: -1002049259647 | Nama: 'Diskusi Channel AnTek Saham' | Teks: Analisa Saham CUAN, TPIA, ANTM, RAJA DAN CDIA Untuk Tanggal ...
2026-06-06 17:52:42,906 - telethon.client.updates - INFO - Got difference for channel 1189544175 updates
2026-06-06 17:52:42,914 - src.adapters.telegram.client - INFO - 📥 [PESAN MASUK] Chat ID: -1001189544175 | Nama: 'Quds News Network' | Teks: Last night, Israeli troops mercilessly opened fire and kille...
2026-06-06 17:56:31,292 - telethon.client.updates - INFO - Got difference for channel 2049259647 updates
2026-06-06 17:58:42,448 - src.adapters.telegram.client - INFO - 📥 [PESAN MASUK] Chat ID: -1001189544175 | Nama: 'Quds News Network' | Teks: Breaking | Israeli settlers have set fire to a vehicle repai...
2026-06-06 18:42:37,617 - telethon.network.connection.connection - WARNING - Server closed the connection: [Errno 54] Connection reset by peer
2026-06-06 18:42:37,622 - telethon.network.mtprotosender - INFO - Connection closed while receiving data: [Errno 54] Connection reset by peer
2026-06-06 18:42:37,624 - telethon.network.mtprotosender - INFO - Closing current connection to begin reconnect...
2026-06-06 18:42:37,626 - telethon.network.connection.connection - INFO - <class 'ConnectionResetError'> during disconnect: [Errno 54] Connection reset by peer
2026-06-06 18:42:37,627 - telethon.network.mtprotosender - INFO - Connecting to 91.108.56.191:443/TcpFull...
2026-06-06 18:42:37,793 - telethon.network.mtprotosender - INFO - Connection to 91.108.56.191:443/TcpFull complete!
2026-06-06 18:42:44,049 - telethon.client.updates - INFO - Got difference for account updates
2026-06-06 18:42:44,051 - src.adapters.telegram.client - INFO - 📥 [PESAN MASUK] Chat ID: -1002049259647 | Nama: 'Diskusi Channel AnTek Saham' | Teks: Saham - Saham Menarik Yang Potensi Naik Untuk Tanggal 8 - 12...
2026-06-06 19:50:47,093 - telethon.network.connection.connection - WARNING - Server closed the connection: [Errno 60] Operation timed out
2026-06-06 19:50:47,095 - telethon.network.mtprotosender - INFO - Connection closed while receiving data: [Errno 60] Operation timed out
2026-06-06 19:50:47,095 - telethon.network.mtprotosender - INFO - Closing current connection to begin reconnect...
2026-06-06 19:50:47,096 - telethon.network.connection.connection - WARNING - Graceful disconnection timed out, forcibly ignoring cleanup
2026-06-06 19:50:47,096 - telethon.network.mtprotosender - INFO - Connecting to 91.108.56.191:443/TcpFull...
2026-06-06 19:50:47,131 - telethon.network.mtprotosender - INFO - Connection to 91.108.56.191:443/TcpFull complete!
2026-06-06 19:50:47,234 - telethon.client.updates - INFO - Got difference for channel 1876701379 updates
2026-06-06 19:50:47,235 - src.adapters.telegram.client - INFO - 📥 [PESAN MASUK] Chat ID: -1001876701379 | Nama: 'AnTek Saham Channel' | Teks: Saham - Saham Menarik Yang Potensi Naik Untuk Tanggal 8 - 12...
2026-06-06 19:50:47,292 - telethon.client.updates - INFO - Got difference for channel 1189544175 updates
2026-06-06 19:50:47,292 - src.adapters.telegram.client - INFO - 📥 [PESAN MASUK] Chat ID: -1001189544175 | Nama: 'Quds News Network' | Teks: Labour contender Andy Burnham declined to call Israel’s atta...
2026-06-06 19:50:47,292 - src.adapters.telegram.client - INFO - 📥 [PESAN MASUK] Chat ID: -1001189544175 | Nama: 'Quds News Network' | Teks: A CNN investigation has concluded that Israel deployed speci...
2026-06-06 19:50:47,293 - src.adapters.telegram.client - INFO - 📥 [PESAN MASUK] Chat ID: -1001189544175 | Nama: 'Quds News Network' | Teks: With a heavy heart, a grieving father embraces and kisses hi...
2026-06-06 19:50:47,293 - src.adapters.telegram.client - INFO - 📥 [PESAN MASUK] Chat ID: -1001189544175 | Nama: 'Quds News Network' | Teks: Details have emerged about the heinous murder of seven-month...
2026-06-06 19:50:47,293 - src.adapters.telegram.client - INFO - 📥 [PESAN MASUK] Chat ID: -1001189544175 | Nama: 'Quds News Network' | Teks: Footage shows Israeli settler militiamen trying to steal she...
2026-06-06 20:08:34,153 - telethon.network.connection.connection - WARNING - Server closed the connection: [Errno 60] Operation timed out
2026-06-06 20:08:34,155 - telethon.network.mtprotosender - INFO - Connection closed while receiving data: [Errno 60] Operation timed out
2026-06-06 20:08:34,156 - telethon.network.mtprotosender - INFO - Closing current connection to begin reconnect...
2026-06-06 20:08:34,156 - telethon.network.connection.connection - WARNING - Graceful disconnection timed out, forcibly ignoring cleanup
2026-06-06 20:08:34,157 - telethon.network.mtprotosender - INFO - Connecting to 91.108.56.191:443/TcpFull...
2026-06-06 20:08:34,180 - telethon.network.mtprotosender - INFO - Connection to 91.108.56.191:443/TcpFull complete!
2026-06-06 20:47:42,494 - telethon.network.connection.connection - WARNING - Server closed the connection: [Errno 60] Operation timed out
2026-06-06 20:47:42,495 - telethon.network.mtprotosender - INFO - Connection closed while receiving data: [Errno 60] Operation timed out
2026-06-06 20:47:42,496 - telethon.network.mtprotosender - INFO - Closing current connection to begin reconnect...
2026-06-06 20:47:42,496 - telethon.network.connection.connection - WARNING - Graceful disconnection timed out, forcibly ignoring cleanup
2026-06-06 20:47:42,496 - telethon.network.mtprotosender - INFO - Connecting to 91.108.56.191:443/TcpFull...
2026-06-06 20:47:42,518 - telethon.network.mtprotosender - INFO - Connection to 91.108.56.191:443/TcpFull complete!
2026-06-06 21:05:31,752 - telethon.network.connection.connection - WARNING - Server closed the connection: [Errno 60] Operation timed out
2026-06-06 21:05:31,753 - telethon.network.mtprotosender - INFO - Connection closed while receiving data: [Errno 60] Operation timed out
2026-06-06 21:05:31,754 - telethon.network.mtprotosender - INFO - Closing current connection to begin reconnect...
2026-06-06 21:05:31,754 - telethon.network.connection.connection - WARNING - Graceful disconnection timed out, forcibly ignoring cleanup
2026-06-06 21:05:31,754 - telethon.network.mtprotosender - INFO - Connecting to 91.108.56.191:443/TcpFull...
2026-06-06 21:05:31,777 - telethon.network.mtprotosender - INFO - Connection to 91.108.56.191:443/TcpFull complete!
2026-06-06 21:27:08,415 - telethon.network.connection.connection - WARNING - Server closed the connection: [Errno 60] Operation timed out
2026-06-06 21:27:08,417 - telethon.network.mtprotosender - INFO - Connection closed while receiving data: [Errno 60] Operation timed out
2026-06-06 21:27:08,417 - telethon.network.mtprotosender - INFO - Closing current connection to begin reconnect...
2026-06-06 21:27:08,418 - telethon.network.connection.connection - WARNING - Graceful disconnection timed out, forcibly ignoring cleanup
2026-06-06 21:27:08,418 - telethon.network.mtprotosender - INFO - Connecting to 91.108.56.191:443/TcpFull...
2026-06-06 21:27:08,440 - telethon.network.mtprotosender - INFO - Connection to 91.108.56.191:443/TcpFull complete!
2026-06-06 21:27:08,483 - telethon.client.updates - INFO - Got difference for channel 1048910279 updates
2026-06-06 21:27:08,484 - src.adapters.telegram.client - INFO - 📥 [PESAN MASUK] Chat ID: -1001048910279 | Nama: 'Lowongan Kerja IT' | Teks: Ijin delivery info. Sepupu saya a.n Novelia berminat utk pos...
2026-06-06 21:27:08,484 - src.adapters.telegram.client - INFO - 📥 [PESAN MASUK] Chat ID: -1001048910279 | Nama: 'Lowongan Kerja IT' | Teks: halo bang...
2026-06-06 21:27:08,484 - src.adapters.telegram.client - INFO - 📥 [PESAN MASUK] Chat ID: -1001048910279 | Nama: 'Lowongan Kerja IT' | Teks: #OpenToWork #PartTime #FullTime #Remote  Nama : Ahmad Tohir ...
2026-06-06 21:47:35,927 - telethon.network.connection.connection - WARNING - Server closed the connection: [Errno 60] Operation timed out
2026-06-06 21:47:35,930 - telethon.network.mtprotosender - INFO - Connection closed while receiving data: [Errno 60] Operation timed out
2026-06-06 21:47:35,930 - telethon.network.mtprotosender - INFO - Closing current connection to begin reconnect...
2026-06-06 21:47:35,931 - telethon.network.connection.connection - WARNING - Graceful disconnection timed out, forcibly ignoring cleanup
2026-06-06 21:47:35,931 - telethon.network.mtprotosender - INFO - Connecting to 91.108.56.191:443/TcpFull...
2026-06-06 21:47:35,953 - telethon.network.mtprotosender - INFO - Connection to 91.108.56.191:443/TcpFull complete!
2026-06-06 22:08:59,630 - telethon.network.connection.connection - WARNING - Server closed the connection: [Errno 60] Operation timed out
2026-06-06 22:08:59,632 - telethon.network.mtprotosender - INFO - Connection closed while receiving data: [Errno 60] Operation timed out
2026-06-06 22:08:59,632 - telethon.network.mtprotosender - INFO - Closing current connection to begin reconnect...
2026-06-06 22:08:59,633 - telethon.network.connection.connection - WARNING - Graceful disconnection timed out, forcibly ignoring cleanup
2026-06-06 22:08:59,633 - telethon.network.mtprotosender - INFO - Connecting to 91.108.56.191:443/TcpFull...
2026-06-06 22:08:59,656 - telethon.network.mtprotosender - INFO - Connection to 91.108.56.191:443/TcpFull complete!
2026-06-06 22:44:56,249 - telethon.network.connection.connection - WARNING - Server closed the connection: [Errno 60] Operation timed out
2026-06-06 22:44:56,250 - telethon.network.mtprotosender - INFO - Connection closed while receiving data: [Errno 60] Operation timed out
2026-06-06 22:44:56,251 - telethon.network.mtprotosender - INFO - Closing current connection to begin reconnect...
2026-06-06 22:44:56,251 - telethon.network.connection.connection - WARNING - Graceful disconnection timed out, forcibly ignoring cleanup
2026-06-06 22:44:56,251 - telethon.network.mtprotosender - INFO - Connecting to 91.108.56.191:443/TcpFull...
2026-06-06 22:44:56,275 - telethon.network.mtprotosender - INFO - Connection to 91.108.56.191:443/TcpFull complete!
2026-06-06 23:27:36,791 - telethon.network.connection.connection - WARNING - Server closed the connection: [Errno 60] Operation timed out
2026-06-06 23:27:36,792 - telethon.network.mtprotosender - INFO - Connection closed while receiving data: [Errno 60] Operation timed out
2026-06-06 23:27:36,792 - telethon.network.mtprotosender - INFO - Closing current connection to begin reconnect...
2026-06-06 23:27:36,792 - telethon.network.connection.connection - WARNING - Graceful disconnection timed out, forcibly ignoring cleanup
2026-06-06 23:27:36,792 - telethon.network.mtprotosender - INFO - Connecting to 91.108.56.191:443/TcpFull...
2026-06-06 23:27:37,054 - telethon.network.mtprotosender - INFO - Connection to 91.108.56.191:443/TcpFull complete!
2026-06-06 23:27:37,083 - telethon.network.mtprotostate - WARNING - Server resent the older message 7648319951131413505, ignoring
2026-06-06 23:27:37,357 - telethon.client.updates - INFO - Got difference for channel 1508335079 updates
2026-06-06 23:27:37,580 - telethon.client.updates - INFO - Got difference for channel 2049259647 updates
2026-06-06 23:27:37,580 - src.adapters.telegram.client - INFO - 📥 [PESAN MASUK] Chat ID: -1002049259647 | Nama: 'Diskusi Channel AnTek Saham' | Teks: Short BNB Entry:574.76 TP 1:562.12 TP 2:550.87 TP Swing:539....
2026-06-07 00:06:57,854 - telethon.network.connection.connection - WARNING - Server closed the connection: [Errno 60] Operation timed out
2026-06-07 00:06:57,855 - telethon.network.mtprotosender - INFO - Connection closed while receiving data: [Errno 60] Operation timed out
2026-06-07 00:06:57,856 - telethon.network.mtprotosender - INFO - Closing current connection to begin reconnect...
2026-06-07 00:06:57,857 - telethon.network.connection.connection - WARNING - Graceful disconnection timed out, forcibly ignoring cleanup
2026-06-07 00:06:57,857 - telethon.network.mtprotosender - INFO - Connecting to 91.108.56.191:443/TcpFull...
2026-06-07 00:06:57,890 - telethon.network.mtprotosender - INFO - Connection to 91.108.56.191:443/TcpFull complete!
2026-06-07 01:05:33,375 - telethon.network.connection.connection - WARNING - Server closed the connection: [Errno 60] Operation timed out
2026-06-07 01:05:33,376 - telethon.network.mtprotosender - INFO - Connection closed while receiving data: [Errno 60] Operation timed out
2026-06-07 01:05:33,377 - telethon.network.mtprotosender - INFO - Closing current connection to begin reconnect...
2026-06-07 01:05:33,377 - telethon.network.connection.connection - WARNING - Graceful disconnection timed out, forcibly ignoring cleanup
2026-06-07 01:05:33,378 - telethon.network.mtprotosender - INFO - Connecting to 91.108.56.191:443/TcpFull...
2026-06-07 01:05:33,404 - telethon.network.mtprotosender - INFO - Connection to 91.108.56.191:443/TcpFull complete!
2026-06-07 01:08:16,153 - telethon.client.updates - INFO - Got difference for account updates
2026-06-07 01:08:16,154 - src.adapters.telegram.client - INFO - 📥 [PESAN MASUK] Chat ID: -1001508335079 | Nama: 'MENEMBUS BATAS' | Teks: *SITUASI GENTING! PARA JENDERAL SENIOR BERKUMPUL.  INGIN PRA...
2026-06-07 01:08:16,201 - telethon.client.updates - INFO - Got difference for channel 1048910279 updates
2026-06-07 01:08:16,202 - src.adapters.telegram.client - INFO - 📥 [PESAN MASUK] Chat ID: -1001048910279 | Nama: 'Lowongan Kerja IT' | Teks: #opentowork #softwaredeveloper #backenddeveloper #webdevelop...
2026-06-07 01:08:16,328 - telethon.client.updates - INFO - Got difference for channel 1189544175 updates
2026-06-07 01:08:16,328 - src.adapters.telegram.client - INFO - 📥 [PESAN MASUK] Chat ID: -1001189544175 | Nama: 'Quds News Network' | Teks: Israeli settlers set fire to Palestinians' vehicles and land...
2026-06-07 01:08:16,329 - src.adapters.telegram.client - INFO - 📥 [PESAN MASUK] Chat ID: -1001189544175 | Nama: 'Quds News Network' | Teks: Watch| Accompanied by a soldier, Israeli settlers severely b...
2026-06-07 01:08:16,329 - src.adapters.telegram.client - INFO - 📥 [PESAN MASUK] Chat ID: -1001189544175 | Nama: 'Quds News Network' | Teks: Palestinian Fahd Abu Haikal bids farewell to his 7 month old...
2026-06-07 01:08:16,329 - src.adapters.telegram.client - INFO - 📥 [PESAN MASUK] Chat ID: -1001189544175 | Nama: 'Quds News Network' | Teks: Israeli settlers gangs storm the town of Huwara, seize lives...
2026-06-07 01:08:16,329 - src.adapters.telegram.client - INFO - 📥 [PESAN MASUK] Chat ID: -1001189544175 | Nama: 'Quds News Network' | Teks: The Israeli occupation forces storm the city of Jenin, occup...
2026-06-07 01:08:16,329 - src.adapters.telegram.client - INFO - 📥 [PESAN MASUK] Chat ID: -1001189544175 | Nama: 'Quds News Network' | Teks: Breaking | Israeli occupation aircraft bombard Al-Nur Center...
2026-06-07 01:08:16,329 - src.adapters.telegram.client - INFO - 📥 [PESAN MASUK] Chat ID: -1001189544175 | Nama: 'Quds News Network' | Teks: Injuries reported following the Israeli occupation aircraft ...
2026-06-07 01:08:16,329 - src.adapters.telegram.client - INFO - 📥 [PESAN MASUK] Chat ID: -1001189544175 | Nama: 'Quds News Network' | Teks: Update | At least 5 Palestinians killed and many others inju...
2026-06-07 01:08:16,329 - src.adapters.telegram.client - INFO - 📥 [PESAN MASUK] Chat ID: -1001189544175 | Nama: 'Quds News Network' | Teks: Latest update confirms that at least 6 Palestinians were kil...
2026-06-07 01:08:16,329 - src.adapters.telegram.client - INFO - 📥 [PESAN MASUK] Chat ID: -1001189544175 | Nama: 'Quds News Network' | Teks: Children wounded in the Israeli occupation bombardment on Ga...
2026-06-07 01:08:16,329 - src.adapters.telegram.client - INFO - 📥 [PESAN MASUK] Chat ID: -1001189544175 | Nama: 'Quds News Network' | Teks: The Israeli occupation forces storm the village of Rujeib, e...
2026-06-07 01:08:16,329 - src.adapters.telegram.client - INFO - 📥 [PESAN MASUK] Chat ID: -1001189544175 | Nama: 'Quds News Network' | Teks: Seven Palestinians, including women, were killed in the Isra...
2026-06-07 01:08:16,329 - src.adapters.telegram.client - INFO - 📥 [PESAN MASUK] Chat ID: -1001189544175 | Nama: 'Quds News Network' | Teks: Slovenia's Presidential Palace has raised the Palestinian fl...
2026-06-07 01:08:16,329 - src.adapters.telegram.client - INFO - 📥 [PESAN MASUK] Chat ID: -1001189544175 | Nama: 'Quds News Network' | Teks: The aftermath of the Israeli occupation bombardment on displ...
2026-06-07 01:08:16,329 - src.adapters.telegram.client - INFO - 📥 [PESAN MASUK] Chat ID: -1001189544175 | Nama: 'Quds News Network' | Teks: Under the pretext of lacking building permits, Palestinians ...
2026-06-07 01:08:16,329 - src.adapters.telegram.client - INFO - 📥 [PESAN MASUK] Chat ID: -1001189544175 | Nama: 'Quds News Network' | Teks: German police arrest pro-Palestine activists as hundreds tak...
2026-06-07 01:08:16,329 - src.adapters.telegram.client - INFO - 📥 [PESAN MASUK] Chat ID: -1001189544175 | Nama: 'Quds News Network' | Teks: An Israeli occupation drone strike kills one Palestinian in ...
2026-06-07 01:08:16,330 - src.adapters.telegram.client - INFO - 📥 [PESAN MASUK] Chat ID: -1001189544175 | Nama: 'Quds News Network' | Teks: Palestinian Ministry of Health warns thousands of patients, ...
2026-06-07 01:08:16,330 - src.adapters.telegram.client - INFO - 📥 [PESAN MASUK] Chat ID: -1001189544175 | Nama: 'Quds News Network' | Teks: Israeli occupation forces set up a military checkpoint in th...
2026-06-07 01:08:16,330 - src.adapters.telegram.client - INFO - 📥 [PESAN MASUK] Chat ID: -1001189544175 | Nama: 'Quds News Network' | Teks: "A displaced Palestinian man, Mohannad Othman Firawna, was k...
2026-06-07 01:08:16,330 - src.adapters.telegram.client - INFO - 📥 [PESAN MASUK] Chat ID: -1001189544175 | Nama: 'Quds News Network' | Teks: Israeli occupation artillery target the towns of Blat, Debbi...
2026-06-07 01:08:16,330 - src.adapters.telegram.client - INFO - 📥 [PESAN MASUK] Chat ID: -1001189544175 | Nama: 'Quds News Network' | Teks: Israeli occupation forces open fire on Palestinians in Al-Za...
2026-06-07 01:08:16,330 - src.adapters.telegram.client - INFO - 📥 [PESAN MASUK] Chat ID: -1001189544175 | Nama: 'Quds News Network' | Teks: Israeli occupation aircraft bombard Wadi Al-Zoghour, souther...
2026-06-07 01:08:16,330 - src.adapters.telegram.client - INFO - 📥 [PESAN MASUK] Chat ID: -1001189544175 | Nama: 'Quds News Network' | Teks: Leaked documents reveal a secret program led by the Israeli ...
2026-06-07 01:08:16,330 - src.adapters.telegram.client - INFO - 📥 [PESAN MASUK] Chat ID: -1001189544175 | Nama: 'Quds News Network' | Teks: Palestinians from Gaza bid farewell to their beloved ones wh...
2026-06-07 01:47:45,919 - telethon.network.connection.connection - WARNING - Server closed the connection: [Errno 60] Operation timed out
2026-06-07 01:47:45,921 - telethon.network.mtprotosender - INFO - Connection closed while receiving data: [Errno 60] Operation timed out
2026-06-07 01:47:45,922 - telethon.network.mtprotosender - INFO - Closing current connection to begin reconnect...
2026-06-07 01:47:45,922 - telethon.network.connection.connection - WARNING - Graceful disconnection timed out, forcibly ignoring cleanup
2026-06-07 01:47:45,922 - telethon.network.mtprotosender - INFO - Connecting to 91.108.56.191:443/TcpFull...
2026-06-07 01:47:45,945 - telethon.network.mtprotosender - INFO - Connection to 91.108.56.191:443/TcpFull complete!
2026-06-07 01:51:01,954 - telethon.client.updates - INFO - Got difference for channel 1189544175 updates
2026-06-07 01:51:01,955 - src.adapters.telegram.client - INFO - 📥 [PESAN MASUK] Chat ID: -1001189544175 | Nama: 'Quds News Network' | Teks: A march in the streets of South Korea in solidarity with Gaz...
2026-06-07 01:51:01,956 - src.adapters.telegram.client - INFO - 📥 [PESAN MASUK] Chat ID: -1001189544175 | Nama: 'Quds News Network' | Teks: John Kiriakou, a former counterterrorism officer at the Unit...
2026-06-07 01:51:01,956 - src.adapters.telegram.client - INFO - 📥 [PESAN MASUK] Chat ID: -1001189544175 | Nama: 'Quds News Network' | Teks: Israeli occupation forces, accompanied by settlers, abduct D...
2026-06-07 01:51:01,956 - src.adapters.telegram.client - INFO - 📥 [PESAN MASUK] Chat ID: -1001189544175 | Nama: 'Quds News Network' | Teks: Israeli occupation aircraft bombard the city of Khan Younis....
2026-06-07 01:51:01,956 - src.adapters.telegram.client - INFO - 📥 [PESAN MASUK] Chat ID: -1001189544175 | Nama: 'Quds News Network' | Teks: Breaking | Footage of the Israeli occupation airstrike on a ...
2026-06-07 02:30:10,571 - telethon.network.connection.connection - WARNING - Server closed the connection: [Errno 60] Operation timed out
2026-06-07 02:30:10,572 - telethon.network.mtprotosender - INFO - Connection closed while receiving data: [Errno 60] Operation timed out
2026-06-07 02:30:10,573 - telethon.network.mtprotosender - INFO - Closing current connection to begin reconnect...
2026-06-07 02:30:10,573 - telethon.network.connection.connection - WARNING - Graceful disconnection timed out, forcibly ignoring cleanup
2026-06-07 02:30:10,574 - telethon.network.mtprotosender - INFO - Connecting to 91.108.56.191:443/TcpFull...
2026-06-07 02:30:10,641 - telethon.network.mtprotosender - INFO - Connection to 91.108.56.191:443/TcpFull complete!
2026-06-07 02:54:35,006 - telethon.network.mtprotosender - INFO - Closing current connection to begin reconnect...
2026-06-07 02:54:35,008 - telethon.network.mtprotosender - INFO - Connecting to 91.108.56.191:443/TcpFull...
2026-06-07 02:54:35,034 - telethon.network.mtprotosender - INFO - Connection to 91.108.56.191:443/TcpFull complete!
2026-06-07 04:04:57,720 - telethon.network.connection.connection - WARNING - Server closed the connection: [Errno 60] Operation timed out
2026-06-07 04:04:57,721 - telethon.network.mtprotosender - INFO - Connection closed while receiving data: [Errno 60] Operation timed out
2026-06-07 04:04:57,721 - telethon.network.mtprotosender - INFO - Closing current connection to begin reconnect...
2026-06-07 04:04:57,722 - telethon.network.connection.connection - WARNING - Graceful disconnection timed out, forcibly ignoring cleanup
2026-06-07 04:04:57,722 - telethon.network.mtprotosender - INFO - Connecting to 91.108.56.191:443/TcpFull...
2026-06-07 04:04:58,748 - telethon.network.mtprotosender - INFO - Connection to 91.108.56.191:443/TcpFull complete!
2026-06-07 04:04:58,776 - telethon.network.mtprotostate - WARNING - Server resent the older message 7648391426887307265, ignoring
2026-06-07 04:49:46,732 - telethon.network.mtprotosender - INFO - Closing current connection to begin reconnect...
2026-06-07 04:49:46,733 - telethon.network.mtprotosender - INFO - Connecting to 91.108.56.191:443/TcpFull...
2026-06-07 04:49:46,756 - telethon.network.mtprotosender - INFO - Connection to 91.108.56.191:443/TcpFull complete!
2026-06-07 05:32:42,157 - telethon.network.connection.connection - WARNING - Server closed the connection: [Errno 60] Operation timed out
2026-06-07 05:32:42,158 - telethon.network.mtprotosender - INFO - Connection closed while receiving data: [Errno 60] Operation timed out
2026-06-07 05:32:42,158 - telethon.network.mtprotosender - INFO - Closing current connection to begin reconnect...
2026-06-07 05:32:42,158 - telethon.network.connection.connection - WARNING - Graceful disconnection timed out, forcibly ignoring cleanup
2026-06-07 05:32:42,158 - telethon.network.mtprotosender - INFO - Connecting to 91.108.56.191:443/TcpFull...
2026-06-07 05:32:43,211 - telethon.network.mtprotosender - INFO - Connection to 91.108.56.191:443/TcpFull complete!
2026-06-07 06:15:55,935 - telethon.network.mtprotosender - INFO - Closing current connection to begin reconnect...
2026-06-07 06:15:55,938 - telethon.network.mtprotosender - INFO - Connecting to 91.108.56.191:443/TcpFull...
2026-06-07 06:15:56,001 - telethon.network.mtprotosender - INFO - Connection to 91.108.56.191:443/TcpFull complete!
2026-06-07 06:15:56,247 - telethon.client.updates - INFO - Got difference for channel 1133791132 updates
2026-06-07 06:15:56,247 - src.adapters.telegram.client - INFO - 📥 [PESAN MASUK] Chat ID: -1001133791132 | Nama: 'INDOEXAM FOR AKM' | Teks: Pengumuman resmi dari pemerintah melalui kemensos – Bantuan ...
2026-06-07 06:16:23,014 - telethon.client.updates - INFO - Got difference for channel 1189544175 updates
2026-06-07 06:16:23,015 - src.adapters.telegram.client - INFO - 📥 [PESAN MASUK] Chat ID: -1001189544175 | Nama: 'Quds News Network' | Teks: Fire erupts as the Israeli occupation aircraft target a resi...
2026-06-07 06:16:23,015 - src.adapters.telegram.client - INFO - 📥 [PESAN MASUK] Chat ID: -1001189544175 | Nama: 'Quds News Network' | Teks: Update | Several Palestinians were reported injured after an...
2026-06-07 06:16:23,015 - src.adapters.telegram.client - INFO - 📥 [PESAN MASUK] Chat ID: -1001189544175 | Nama: 'Quds News Network' | Teks: Footage documents the moment Israeli aircraft bombarded a re...
2026-06-07 06:16:23,015 - src.adapters.telegram.client - INFO - 📥 [PESAN MASUK] Chat ID: -1001189544175 | Nama: 'Quds News Network' | Teks: Leaked documents reveal a secret program led by the Israeli ...
2026-06-07 06:16:23,015 - src.adapters.telegram.client - INFO - 📥 [PESAN MASUK] Chat ID: -1001189544175 | Nama: 'Quds News Network' | Teks: Breaking | Israeli aircraft bombard a residential building i...
2026-06-07 06:16:23,015 - src.adapters.telegram.client - INFO - 📥 [PESAN MASUK] Chat ID: -1001189544175 | Nama: 'Quds News Network' | Teks: According to Caritas Sweden, Israeli occupation have denied ...
2026-06-07 06:16:23,015 - src.adapters.telegram.client - INFO - 📥 [PESAN MASUK] Chat ID: -1001189544175 | Nama: 'Quds News Network' | Teks: The aftermath of Israeli bombardment of a residential buildi...
2026-06-07 06:16:23,015 - src.adapters.telegram.client - INFO - 📥 [PESAN MASUK] Chat ID: -1001189544175 | Nama: 'Quds News Network' | Teks: Israeli settlers set fire to Palestinians’ lands in Al-Naqqa...
2026-06-07 06:16:23,015 - src.adapters.telegram.client - INFO - 📥 [PESAN MASUK] Chat ID: -1001189544175 | Nama: 'Quds News Network' | Teks: At the Tribeca Festival in New York, influencer Lizzy Savets...
2026-06-07 06:16:23,015 - src.adapters.telegram.client - INFO - 📥 [PESAN MASUK] Chat ID: -1001189544175 | Nama: 'Quds News Network' | Teks: 9 Palestinians were injured as a result of attacks carried o...
2026-06-07 06:16:23,016 - src.adapters.telegram.client - INFO - 📥 [PESAN MASUK] Chat ID: -1001189544175 | Nama: 'Quds News Network' | Teks: Israeli settlers storm the Hamroush area east of Sa’ir town,...
2026-06-07 06:16:23,016 - src.adapters.telegram.client - INFO - 📥 [PESAN MASUK] Chat ID: -1001189544175 | Nama: 'Quds News Network' | Teks: On World Environment Day, a report published by Al Jazeera n...
2026-06-07 06:16:23,016 - src.adapters.telegram.client - INFO - 📥 [PESAN MASUK] Chat ID: -1001189544175 | Nama: 'Quds News Network' | Teks: Al-Shifa Hospital: The death toll has risen to 8 after an Is...
2026-06-07 06:16:23,016 - src.adapters.telegram.client - INFO - 📥 [PESAN MASUK] Chat ID: -1001189544175 | Nama: 'Quds News Network' | Teks: Israeli occupation forces storm the city of Jericho in the o...
2026-06-07 06:16:23,016 - src.adapters.telegram.client - INFO - 📥 [PESAN MASUK] Chat ID: -1001189544175 | Nama: 'Quds News Network' | Teks: During a raid on Ktef Al-Wadi neighborhood in Jericho, Israe...
2026-06-07 06:16:23,016 - src.adapters.telegram.client - INFO - 📥 [PESAN MASUK] Chat ID: -1001189544175 | Nama: 'Quds News Network' | Teks: Breaking | Israeli artillery shells target eastern areas of ...
2026-06-07 06:16:23,016 - src.adapters.telegram.client - INFO - 📥 [PESAN MASUK] Chat ID: -1001189544175 | Nama: 'Quds News Network' | Teks: Israeli occupation forces storm the town of Attil, north of ...
2026-06-07 06:16:23,016 - src.adapters.telegram.client - INFO - 📥 [PESAN MASUK] Chat ID: -1001189544175 | Nama: 'Quds News Network' | Teks: In a post on X, Far right Israeli Finance Minister Smotrich ...
2026-06-07 06:16:23,016 - src.adapters.telegram.client - INFO - 📥 [PESAN MASUK] Chat ID: -1001189544175 | Nama: 'Quds News Network' | Teks: On the 59th anniversary of the Naksa, hundreds of protesters...
2026-06-07 06:16:23,016 - src.adapters.telegram.client - INFO - 📥 [PESAN MASUK] Chat ID: -1001189544175 | Nama: 'Quds News Network' | Teks: Israeli settlers threw stones at Palestinians’ vehicles in B...
2026-06-07 06:16:23,016 - src.adapters.telegram.client - INFO - 📥 [PESAN MASUK] Chat ID: -1001189544175 | Nama: 'Quds News Network' | Teks: Around 5,000 academics, students, and university staff in Be...
2026-06-07 06:16:23,016 - src.adapters.telegram.client - INFO - 📥 [PESAN MASUK] Chat ID: -1001189544175 | Nama: 'Quds News Network' | Teks: Israeli occupation forces storm the city of Hebron in the so...
2026-06-07 06:16:23,016 - src.adapters.telegram.client - INFO - 📥 [PESAN MASUK] Chat ID: -1001189544175 | Nama: 'Quds News Network' | Teks: A police officer confiscated and tore a Palestinian flag dur...
2026-06-07 06:16:23,017 - src.adapters.telegram.client - INFO - 📥 [PESAN MASUK] Chat ID: -1001189544175 | Nama: 'Quds News Network' | Teks: According to The New York Times, the U.S. Defense Intelligen...
2026-06-07 07:10:54,958 - telethon.network.connection.connection - WARNING - Server closed the connection: [Errno 60] Operation timed out
2026-06-07 07:10:54,960 - telethon.network.mtprotosender - INFO - Connection closed while receiving data: [Errno 60] Operation timed out
2026-06-07 07:10:54,960 - telethon.network.mtprotosender - INFO - Closing current connection to begin reconnect...
2026-06-07 07:10:54,961 - telethon.network.connection.connection - WARNING - Graceful disconnection timed out, forcibly ignoring cleanup
2026-06-07 07:10:54,961 - telethon.network.mtprotosender - INFO - Connecting to 91.108.56.191:443/TcpFull...
2026-06-07 07:10:54,984 - telethon.network.mtprotosender - INFO - Connection to 91.108.56.191:443/TcpFull complete!
2026-06-07 07:52:39,171 - telethon.network.connection.connection - WARNING - Server closed the connection: [Errno 60] Operation timed out
2026-06-07 07:52:39,172 - telethon.network.mtprotosender - INFO - Connection closed while receiving data: [Errno 60] Operation timed out
2026-06-07 07:52:39,172 - telethon.network.mtprotosender - INFO - Closing current connection to begin reconnect...
2026-06-07 07:52:39,172 - telethon.network.connection.connection - WARNING - Graceful disconnection timed out, forcibly ignoring cleanup
2026-06-07 07:52:39,173 - telethon.network.mtprotosender - INFO - Connecting to 91.108.56.191:443/TcpFull...
2026-06-07 07:52:39,198 - telethon.network.mtprotosender - INFO - Connection to 91.108.56.191:443/TcpFull complete!
2026-06-07 07:52:39,223 - telethon.network.mtprotostate - WARNING - Server resent the older message 7648450098190614529, ignoring
2026-06-07 07:52:39,280 - telethon.client.updates - INFO - Got difference for account updates
2026-06-07 07:52:39,321 - telethon.client.updates - INFO - Got difference for channel 1048910279 updates
2026-06-07 07:52:39,321 - src.adapters.telegram.client - INFO - 📥 [PESAN MASUK] Chat ID: -1001048910279 | Nama: 'Lowongan Kerja IT' | Teks: #bantushareaja...
2026-06-07 07:52:39,322 - src.adapters.telegram.client - INFO - 📥 [PESAN MASUK] Chat ID: -1001048910279 | Nama: 'Lowongan Kerja IT' | Teks: Hi everyone, We're building our Speaker Talent Pool at AWS U...
2026-06-07 07:52:39,369 - telethon.client.updates - INFO - Got difference for channel 1189544175 updates
2026-06-07 07:52:39,371 - src.adapters.telegram.client - INFO - 📥 [PESAN MASUK] Chat ID: -1001189544175 | Nama: 'Quds News Network' | Teks: Israeli settlers attack Palestinians in Wadi Shoubash area, ...
2026-06-07 07:52:39,408 - telethon.client.updates - INFO - Got difference for channel 2049259647 updates
2026-06-07 08:18:24,578 - telethon.network.connection.connection - WARNING - Server closed the connection: [Errno 60] Operation timed out
2026-06-07 08:18:24,580 - telethon.network.mtprotosender - INFO - Connection closed while receiving data: [Errno 60] Operation timed out
2026-06-07 08:18:24,580 - telethon.network.mtprotosender - INFO - Closing current connection to begin reconnect...
2026-06-07 08:18:24,581 - telethon.network.connection.connection - WARNING - Graceful disconnection timed out, forcibly ignoring cleanup
2026-06-07 08:18:24,581 - telethon.network.mtprotosender - INFO - Connecting to 91.108.56.191:443/TcpFull...
2026-06-07 08:18:24,605 - telethon.network.mtprotosender - INFO - Connection to 91.108.56.191:443/TcpFull complete!
2026-06-07 08:36:32,096 - telethon.network.connection.connection - WARNING - Server closed the connection: [Errno 60] Operation timed out
2026-06-07 08:36:32,096 - telethon.network.mtprotosender - INFO - Connection closed while receiving data: [Errno 60] Operation timed out
2026-06-07 08:36:32,097 - telethon.network.mtprotosender - INFO - Closing current connection to begin reconnect...
2026-06-07 08:36:32,097 - telethon.network.connection.connection - WARNING - Graceful disconnection timed out, forcibly ignoring cleanup
2026-06-07 08:36:32,098 - telethon.network.mtprotosender - INFO - Connecting to 91.108.56.191:443/TcpFull...
2026-06-07 08:36:32,120 - telethon.network.mtprotosender - INFO - Connection to 91.108.56.191:443/TcpFull complete!
2026-06-07 08:41:55,260 - telethon.network.connection.connection - WARNING - Server closed the connection: [Errno 60] Operation timed out
2026-06-07 08:41:55,261 - telethon.network.mtprotosender - INFO - Connection closed while receiving data: [Errno 60] Operation timed out
2026-06-07 08:41:55,262 - telethon.network.mtprotosender - INFO - Closing current connection to begin reconnect...
2026-06-07 08:41:55,262 - telethon.network.connection.connection - WARNING - Graceful disconnection timed out, forcibly ignoring cleanup
2026-06-07 08:41:55,262 - telethon.network.mtprotosender - INFO - Connecting to 91.108.56.191:443/TcpFull...
2026-06-07 08:41:56,286 - telethon.network.mtprotosender - INFO - Connection to 91.108.56.191:443/TcpFull complete!
2026-06-07 08:46:44,592 - telethon.network.connection.connection - WARNING - Server closed the connection: [Errno 60] Operation timed out
2026-06-07 08:46:44,593 - telethon.network.mtprotosender - INFO - Connection closed while receiving data: [Errno 60] Operation timed out
2026-06-07 08:46:44,593 - telethon.network.mtprotosender - INFO - Closing current connection to begin reconnect...
2026-06-07 08:46:44,594 - telethon.network.connection.connection - WARNING - Graceful disconnection timed out, forcibly ignoring cleanup
2026-06-07 08:46:44,594 - telethon.network.mtprotosender - INFO - Connecting to 91.108.56.191:443/TcpFull...
2026-06-07 08:46:44,622 - telethon.network.mtprotosender - INFO - Connection to 91.108.56.191:443/TcpFull complete!
2026-06-07 09:07:55,674 - telethon.network.connection.connection - WARNING - Server closed the connection: [Errno 60] Operation timed out
2026-06-07 09:07:55,676 - telethon.network.mtprotosender - INFO - Connection closed while receiving data: [Errno 60] Operation timed out
2026-06-07 09:07:55,676 - telethon.network.mtprotosender - INFO - Closing current connection to begin reconnect...
2026-06-07 09:07:55,677 - telethon.network.connection.connection - WARNING - Graceful disconnection timed out, forcibly ignoring cleanup
2026-06-07 09:07:55,677 - telethon.network.mtprotosender - INFO - Connecting to 91.108.56.191:443/TcpFull...
2026-06-07 09:07:55,699 - telethon.network.mtprotosender - INFO - Connection to 91.108.56.191:443/TcpFull complete!
2026-06-07 09:07:55,953 - telethon.client.updates - INFO - Got difference for channel 1508335079 updates
2026-06-07 09:07:55,954 - src.adapters.telegram.client - INFO - 📥 [PESAN MASUK] Chat ID: -1001508335079 | Nama: 'MENEMBUS BATAS' | Teks: CARA POLISI MENJEBAK RAKYAT KECIL...
2026-06-07 09:07:56,015 - telethon.client.updates - INFO - Got difference for channel 1739455214 updates
2026-06-07 09:40:45,512 - telethon.network.connection.connection - WARNING - Server closed the connection: [Errno 60] Operation timed out
2026-06-07 09:40:45,513 - telethon.network.mtprotosender - INFO - Connection closed while receiving data: [Errno 60] Operation timed out
2026-06-07 09:40:45,513 - telethon.network.mtprotosender - INFO - Closing current connection to begin reconnect...
2026-06-07 09:40:45,514 - telethon.network.connection.connection - WARNING - Graceful disconnection timed out, forcibly ignoring cleanup
2026-06-07 09:40:45,514 - telethon.network.mtprotosender - INFO - Connecting to 91.108.56.191:443/TcpFull...
2026-06-07 09:40:45,537 - telethon.network.mtprotosender - INFO - Connection to 91.108.56.191:443/TcpFull complete!
2026-06-07 10:16:53,288 - telethon.network.connection.connection - WARNING - Server closed the connection: [Errno 60] Operation timed out
2026-06-07 10:16:53,288 - telethon.network.mtprotosender - INFO - Connection closed while receiving data: [Errno 60] Operation timed out
2026-06-07 10:16:53,289 - telethon.network.mtprotosender - INFO - Closing current connection to begin reconnect...
2026-06-07 10:16:53,289 - telethon.network.connection.connection - WARNING - Graceful disconnection timed out, forcibly ignoring cleanup
2026-06-07 10:16:53,290 - telethon.network.mtprotosender - INFO - Connecting to 91.108.56.191:443/TcpFull...
2026-06-07 10:16:53,312 - telethon.network.mtprotosender - INFO - Connection to 91.108.56.191:443/TcpFull complete!
2026-06-07 10:39:46,637 - telethon.network.connection.connection - WARNING - Server closed the connection: [Errno 60] Operation timed out
2026-06-07 10:39:46,637 - telethon.network.mtprotosender - INFO - Connection closed while receiving data: [Errno 60] Operation timed out
2026-06-07 10:39:46,637 - telethon.network.mtprotosender - INFO - Closing current connection to begin reconnect...
2026-06-07 10:39:46,638 - telethon.network.connection.connection - WARNING - Graceful disconnection timed out, forcibly ignoring cleanup
2026-06-07 10:39:46,638 - telethon.network.mtprotosender - INFO - Connecting to 91.108.56.191:443/TcpFull...
2026-06-07 10:39:46,661 - telethon.network.mtprotosender - INFO - Connection to 91.108.56.191:443/TcpFull complete!
2026-06-07 10:39:46,745 - telethon.client.updates - INFO - Got difference for channel 1048910279 updates
2026-06-07 10:39:46,746 - src.adapters.telegram.client - INFO - 📥 [PESAN MASUK] Chat ID: -1001048910279 | Nama: 'Lowongan Kerja IT' | Teks: 🚀 *LOWONGAN KERJA – FULL STACK DEVELOPER*  Crosstechno membu...
2026-06-07 10:39:46,789 - telethon.client.updates - INFO - Got difference for channel 1189544175 updates
2026-06-07 10:39:46,790 - src.adapters.telegram.client - INFO - 📥 [PESAN MASUK] Chat ID: -1001189544175 | Nama: 'Quds News Network' | Teks: Brazilian people expelled Israeli tourists after attempting ...
2026-06-07 11:06:40,651 - telethon.network.connection.connection - WARNING - Server closed the connection: [Errno 60] Operation timed out
2026-06-07 11:06:40,652 - telethon.network.mtprotosender - INFO - Connection closed while receiving data: [Errno 60] Operation timed out
2026-06-07 11:06:40,652 - telethon.network.mtprotosender - INFO - Closing current connection to begin reconnect...
2026-06-07 11:06:40,652 - telethon.network.connection.connection - WARNING - Graceful disconnection timed out, forcibly ignoring cleanup
2026-06-07 11:06:40,652 - telethon.network.mtprotosender - INFO - Connecting to 91.108.56.191:443/TcpFull...
2026-06-07 11:06:40,675 - telethon.network.mtprotosender - INFO - Connection to 91.108.56.191:443/TcpFull complete!
2026-06-07 11:07:46,500 - telethon.client.updates - INFO - Got difference for channel 3765107916 updates
2026-06-07 11:27:26,810 - telethon.network.connection.connection - WARNING - Server closed the connection: [Errno 60] Operation timed out
2026-06-07 11:27:26,811 - telethon.network.mtprotosender - INFO - Connection closed while receiving data: [Errno 60] Operation timed out
2026-06-07 11:27:26,811 - telethon.network.mtprotosender - INFO - Closing current connection to begin reconnect...
2026-06-07 11:27:26,812 - telethon.network.connection.connection - WARNING - Graceful disconnection timed out, forcibly ignoring cleanup
2026-06-07 11:27:26,812 - telethon.network.mtprotosender - INFO - Connecting to 91.108.56.191:443/TcpFull...
2026-06-07 11:27:26,833 - telethon.network.mtprotosender - INFO - Connection to 91.108.56.191:443/TcpFull complete!
2026-06-07 11:46:30,666 - telethon.network.connection.connection - WARNING - Server closed the connection: [Errno 60] Operation timed out
2026-06-07 11:46:30,667 - telethon.network.mtprotosender - INFO - Connection closed while receiving data: [Errno 60] Operation timed out
2026-06-07 11:46:30,668 - telethon.network.mtprotosender - INFO - Closing current connection to begin reconnect...
2026-06-07 11:46:30,668 - telethon.network.connection.connection - WARNING - Graceful disconnection timed out, forcibly ignoring cleanup
2026-06-07 11:46:30,668 - telethon.network.mtprotosender - INFO - Connecting to 91.108.56.191:443/TcpFull...
2026-06-07 11:46:30,690 - telethon.network.mtprotosender - INFO - Connection to 91.108.56.191:443/TcpFull complete!
2026-06-07 12:09:10,661 - telethon.network.connection.connection - WARNING - Server closed the connection: [Errno 60] Operation timed out
2026-06-07 12:09:10,662 - telethon.network.mtprotosender - INFO - Connection closed while receiving data: [Errno 60] Operation timed out
2026-06-07 12:09:10,662 - telethon.network.mtprotosender - INFO - Closing current connection to begin reconnect...
2026-06-07 12:09:10,663 - telethon.network.connection.connection - WARNING - Graceful disconnection timed out, forcibly ignoring cleanup
2026-06-07 12:09:10,663 - telethon.network.mtprotosender - INFO - Connecting to 91.108.56.191:443/TcpFull...
2026-06-07 12:09:10,683 - telethon.network.mtprotosender - INFO - Connection to 91.108.56.191:443/TcpFull complete!
2026-06-07 12:41:54,633 - telethon.network.connection.connection - WARNING - Server closed the connection: [Errno 60] Operation timed out
2026-06-07 12:41:54,634 - telethon.network.mtprotosender - INFO - Connection closed while receiving data: [Errno 60] Operation timed out
2026-06-07 12:41:54,634 - telethon.network.mtprotosender - INFO - Closing current connection to begin reconnect...
2026-06-07 12:41:54,634 - telethon.network.connection.connection - WARNING - Graceful disconnection timed out, forcibly ignoring cleanup
2026-06-07 12:41:54,635 - telethon.network.mtprotosender - INFO - Connecting to 91.108.56.191:443/TcpFull...
2026-06-07 12:41:54,656 - telethon.network.mtprotosender - INFO - Connection to 91.108.56.191:443/TcpFull complete!
2026-06-07 13:10:17,547 - telethon.network.connection.connection - WARNING - Server closed the connection: [Errno 60] Operation timed out
2026-06-07 13:10:17,549 - telethon.network.mtprotosender - INFO - Connection closed while receiving data: [Errno 60] Operation timed out
2026-06-07 13:10:17,549 - telethon.network.mtprotosender - INFO - Closing current connection to begin reconnect...
2026-06-07 13:10:17,550 - telethon.network.connection.connection - WARNING - Graceful disconnection timed out, forcibly ignoring cleanup
2026-06-07 13:10:17,550 - telethon.network.mtprotosender - INFO - Connecting to 91.108.56.191:443/TcpFull...
2026-06-07 13:10:17,571 - telethon.network.mtprotosender - INFO - Connection to 91.108.56.191:443/TcpFull complete!
2026-06-07 13:31:53,681 - telethon.network.connection.connection - WARNING - Server closed the connection: [Errno 60] Operation timed out
2026-06-07 13:31:53,682 - telethon.network.mtprotosender - INFO - Connection closed while receiving data: [Errno 60] Operation timed out
2026-06-07 13:31:53,683 - telethon.network.mtprotosender - INFO - Closing current connection to begin reconnect...
2026-06-07 13:31:53,683 - telethon.network.connection.connection - WARNING - Graceful disconnection timed out, forcibly ignoring cleanup
2026-06-07 13:31:53,683 - telethon.network.mtprotosender - INFO - Connecting to 91.108.56.191:443/TcpFull...
2026-06-07 13:31:53,704 - telethon.network.mtprotosender - INFO - Connection to 91.108.56.191:443/TcpFull complete!
2026-06-07 13:33:46,929 - src.adapters.telegram.client - INFO - 📥 [PESAN MASUK] Chat ID: -1001508335079 | Nama: 'MENEMBUS BATAS' | Teks: Waduh ini pa Menhan mengeluarkan perintah kpd TNI dan Polri...
2026-06-07 14:10:47,568 - telethon.network.connection.connection - WARNING - Server closed the connection: [Errno 60] Operation timed out
2026-06-07 14:10:47,569 - telethon.network.mtprotosender - INFO - Connection closed while receiving data: [Errno 60] Operation timed out
2026-06-07 14:10:47,570 - telethon.network.mtprotosender - INFO - Closing current connection to begin reconnect...
2026-06-07 14:10:47,570 - telethon.network.connection.connection - WARNING - Graceful disconnection timed out, forcibly ignoring cleanup
2026-06-07 14:10:47,571 - telethon.network.mtprotosender - INFO - Connecting to 91.108.56.191:443/TcpFull...
2026-06-07 14:10:47,592 - telethon.network.mtprotosender - INFO - Connection to 91.108.56.191:443/TcpFull complete!
2026-06-07 14:32:14,511 - telethon.network.connection.connection - WARNING - Server closed the connection: [Errno 60] Operation timed out
2026-06-07 14:32:14,513 - telethon.network.mtprotosender - INFO - Connection closed while receiving data: [Errno 60] Operation timed out
2026-06-07 14:32:14,513 - telethon.network.mtprotosender - INFO - Closing current connection to begin reconnect...
2026-06-07 14:32:14,513 - telethon.network.connection.connection - WARNING - Graceful disconnection timed out, forcibly ignoring cleanup
2026-06-07 14:32:14,514 - telethon.network.mtprotosender - INFO - Connecting to 91.108.56.191:443/TcpFull...
2026-06-07 14:32:14,536 - telethon.network.mtprotosender - INFO - Connection to 91.108.56.191:443/TcpFull complete!
2026-06-07 14:54:33,469 - telethon.network.connection.connection - WARNING - Server closed the connection: [Errno 60] Operation timed out
2026-06-07 14:54:33,470 - telethon.network.mtprotosender - INFO - Connection closed while receiving data: [Errno 60] Operation timed out
2026-06-07 14:54:33,471 - telethon.network.mtprotosender - INFO - Closing current connection to begin reconnect...
2026-06-07 14:54:33,471 - telethon.network.connection.connection - WARNING - Graceful disconnection timed out, forcibly ignoring cleanup
2026-06-07 14:54:33,471 - telethon.network.mtprotosender - INFO - Connecting to 91.108.56.191:443/TcpFull...
2026-06-07 14:54:33,492 - telethon.network.mtprotosender - INFO - Connection to 91.108.56.191:443/TcpFull complete!
2026-06-07 15:32:17,804 - telethon.network.connection.connection - WARNING - Server closed the connection: [Errno 60] Operation timed out
2026-06-07 15:32:17,804 - telethon.network.mtprotosender - INFO - Connection closed while receiving data: [Errno 60] Operation timed out
2026-06-07 15:32:17,805 - telethon.network.mtprotosender - INFO - Closing current connection to begin reconnect...
2026-06-07 15:32:17,805 - telethon.network.connection.connection - WARNING - Graceful disconnection timed out, forcibly ignoring cleanup
2026-06-07 15:32:17,805 - telethon.network.mtprotosender - INFO - Connecting to 91.108.56.191:443/TcpFull...
2026-06-07 15:32:17,827 - telethon.network.mtprotosender - INFO - Connection to 91.108.56.191:443/TcpFull complete!
2026-06-07 15:32:19,573 - telethon.client.updates - INFO - Got difference for channel 1717096742 updates
2026-06-07 15:32:19,574 - src.adapters.telegram.client - INFO - 📥 [PESAN MASUK] Chat ID: -1001717096742 | Nama: 'Trade Gaya ARIS' | Teks: Hallooo salam liburan buat semua pengikut TGA. Jika kalian m...
2026-06-07 15:34:27,052 - telethon.client.updates - INFO - Got difference for channel 1189544175 updates
2026-06-07 15:34:27,054 - src.adapters.telegram.client - INFO - 📥 [PESAN MASUK] Chat ID: -1001189544175 | Nama: 'Quds News Network' | Teks: Footage documents the moment Israeli settlers attacked Pales...
2026-06-07 15:34:27,054 - src.adapters.telegram.client - INFO - 📥 [PESAN MASUK] Chat ID: -1001189544175 | Nama: 'Quds News Network' | Teks: Last night, Israeli forces abducted political analyst Bilal ...
2026-06-07 15:34:27,054 - src.adapters.telegram.client - INFO - 📥 [PESAN MASUK] Chat ID: -1001189544175 | Nama: 'Quds News Network' | Teks: Israeli occupation bulldozers are levelling Palestinian land...
2026-06-07 15:34:27,054 - src.adapters.telegram.client - INFO - 📥 [PESAN MASUK] Chat ID: -1001189544175 | Nama: 'Quds News Network' | Teks: Breaking | Fisherman Mohammad Mousa Abu Jiyab was killed by ...
2026-06-07 15:34:27,055 - src.adapters.telegram.client - INFO - 📥 [PESAN MASUK] Chat ID: -1001189544175 | Nama: 'Quds News Network' | Teks: Breaking | Israeli warplanes carry out an airstrike on the v...
2026-06-07 15:34:27,055 - src.adapters.telegram.client - INFO - 📥 [PESAN MASUK] Chat ID: -1001189544175 | Nama: 'Quds News Network' | Teks: Breaking | An Israeli drone strike has targeted a motorcycle...
2026-06-07 15:34:27,055 - src.adapters.telegram.client - INFO - 📥 [PESAN MASUK] Chat ID: -1001189544175 | Nama: 'Quds News Network' | Teks: Breaking | Israeli naval forces have kidnapped four Palestin...
2026-06-07 15:34:27,055 - src.adapters.telegram.client - INFO - 📥 [PESAN MASUK] Chat ID: -1001189544175 | Nama: 'Quds News Network' | Teks: Palestinians inspect the destruction following a series of I...
2026-06-07 15:34:27,055 - src.adapters.telegram.client - INFO - 📥 [PESAN MASUK] Chat ID: -1001189544175 | Nama: 'Quds News Network' | Teks: British journalist Owen Jones on Itamar Ben-Gvir's treatment...
2026-06-07 15:34:27,055 - src.adapters.telegram.client - INFO - 📥 [PESAN MASUK] Chat ID: -1001189544175 | Nama: 'Quds News Network' | Teks: This morning, Israeli occupation bulldozers and heavy machin...
2026-06-07 15:34:27,056 - src.adapters.telegram.client - INFO - 📥 [PESAN MASUK] Chat ID: -1001189544175 | Nama: 'Quds News Network' | Teks: Russian journalist and solidarity activist Adele Shoko repor...
2026-06-07 15:34:27,056 - src.adapters.telegram.client - INFO - 📥 [PESAN MASUK] Chat ID: -1001189544175 | Nama: 'Quds News Network' | Teks: Breaking | Israeli forces storm the courtyard of Yatta Gover...
2026-06-07 15:34:27,056 - src.adapters.telegram.client - INFO - 📥 [PESAN MASUK] Chat ID: -1001189544175 | Nama: 'Quds News Network' | Teks: Israeli forces raided two villages in Syria’s Quneitra Provi...
2026-06-07 15:34:27,056 - src.adapters.telegram.client - INFO - 📥 [PESAN MASUK] Chat ID: -1001189544175 | Nama: 'Quds News Network' | Teks: Breaking | Israeli warplanes carry out an airstrike targetin...
2026-06-07 15:34:27,056 - src.adapters.telegram.client - INFO - 📥 [PESAN MASUK] Chat ID: -1001189544175 | Nama: 'Quds News Network' | Teks: Breaking | Armed Israeli settlers attack construction worker...
2026-06-07 15:34:27,056 - src.adapters.telegram.client - INFO - 📥 [PESAN MASUK] Chat ID: -1001189544175 | Nama: 'Quds News Network' | Teks: Hard-right Israeli Minister for Settlement and National Miss...
2026-06-07 15:34:27,056 - src.adapters.telegram.client - INFO - 📥 [PESAN MASUK] Chat ID: -1001189544175 | Nama: 'Quds News Network' | Teks: The 2026 Eurovision Song Contest recorded a sharp decline in...
2026-06-07 15:34:27,056 - src.adapters.telegram.client - INFO - 📥 [PESAN MASUK] Chat ID: -1001189544175 | Nama: 'Quds News Network' | Teks: Breaking | At least four Israeli settlers have been injured ...
2026-06-07 15:34:27,056 - src.adapters.telegram.client - INFO - 📥 [PESAN MASUK] Chat ID: -1001189544175 | Nama: 'Quds News Network' | Teks: Breaking | In an updated toll, one Israeli settler was kille...
2026-06-07 15:34:27,057 - src.adapters.telegram.client - INFO - 📥 [PESAN MASUK] Chat ID: -1001189544175 | Nama: 'Quds News Network' | Teks: A photo from yesterday's terror attack by Israeli settler mi...
2026-06-07 15:34:27,057 - src.adapters.telegram.client - INFO - 📥 [PESAN MASUK] Chat ID: -1001189544175 | Nama: 'Quds News Network' | Teks: Last night, Israeli occupation forces abducted political ana...
2026-06-07 16:13:17,249 - telethon.network.connection.connection - WARNING - Server closed the connection: [Errno 60] Operation timed out
2026-06-07 16:13:17,250 - telethon.network.mtprotosender - INFO - Connection closed while receiving data: [Errno 60] Operation timed out
2026-06-07 16:13:17,250 - telethon.network.mtprotosender - INFO - Closing current connection to begin reconnect...
2026-06-07 16:13:17,251 - telethon.network.connection.connection - WARNING - Graceful disconnection timed out, forcibly ignoring cleanup
2026-06-07 16:13:17,251 - telethon.network.mtprotosender - INFO - Connecting to 91.108.56.191:443/TcpFull...
2026-06-07 16:13:17,271 - telethon.network.mtprotosender - INFO - Connection to 91.108.56.191:443/TcpFull complete!
2026-06-07 16:33:12,933 - telethon.network.connection.connection - WARNING - Server closed the connection: [Errno 60] Operation timed out
2026-06-07 16:33:12,934 - telethon.network.mtprotosender - INFO - Connection closed while receiving data: [Errno 60] Operation timed out
2026-06-07 16:33:12,935 - telethon.network.mtprotosender - INFO - Closing current connection to begin reconnect...
2026-06-07 16:33:12,935 - telethon.network.connection.connection - WARNING - Graceful disconnection timed out, forcibly ignoring cleanup
2026-06-07 16:33:12,936 - telethon.network.mtprotosender - INFO - Connecting to 91.108.56.191:443/TcpFull...
2026-06-07 16:33:12,958 - telethon.network.mtprotosender - INFO - Connection to 91.108.56.191:443/TcpFull complete!
2026-06-07 16:34:14,230 - telethon.client.updates - INFO - Got difference for channel 1048910279 updates
2026-06-07 16:34:14,232 - src.adapters.telegram.client - INFO - 📥 [PESAN MASUK] Chat ID: -1001048910279 | Nama: 'Lowongan Kerja IT' | Teks: Halo semuanya, ada yang tahu online code editor selain Githu...
2026-06-07 16:34:14,232 - src.adapters.telegram.client - INFO - 📥 [PESAN MASUK] Chat ID: -1001048910279 | Nama: 'Lowongan Kerja IT' | Teks: project idx?...
2026-06-07 16:34:14,232 - src.adapters.telegram.client - INFO - 📥 [PESAN MASUK] Chat ID: -1001048910279 | Nama: 'Lowongan Kerja IT' | Teks: Itu bisa python ga bang?...
2026-06-07 16:34:14,232 - src.adapters.telegram.client - INFO - 📥 [PESAN MASUK] Chat ID: -1001048910279 | Nama: 'Lowongan Kerja IT' | Teks: owalah, klo python mah mending google collab..itu udah famou...
2026-06-07 16:34:14,232 - src.adapters.telegram.client - INFO - 📥 [PESAN MASUK] Chat ID: -1001048910279 | Nama: 'Lowongan Kerja IT' | Teks: Kalo google colab mah gabisa API server......
2026-06-07 16:34:14,232 - src.adapters.telegram.client - INFO - 📥 [PESAN MASUK] Chat ID: -1001048910279 | Nama: 'Lowongan Kerja IT' | Teks: ooh maksudnya mau dijadiin backend API kyk pake flask gitu y...
2026-06-07 16:34:14,232 - src.adapters.telegram.client - INFO - 📥 [PESAN MASUK] Chat ID: -1001048910279 | Nama: 'Lowongan Kerja IT' | Teks: udah ganti nama ternyata... coba ini aja...  cuman sepengeta...
2026-06-07 16:34:14,233 - src.adapters.telegram.client - INFO - 📥 [PESAN MASUK] Chat ID: -1001048910279 | Nama: 'Lowongan Kerja IT' | Teks: biasanya saya bikin dulu di local, terus cari deh hostingan ...
2026-06-07 16:34:14,233 - src.adapters.telegram.client - INFO - 📥 [PESAN MASUK] Chat ID: -1001048910279 | Nama: 'Lowongan Kerja IT' | Teks: Bisaaa contact pc saya ya...
2026-06-07 16:34:14,233 - src.adapters.telegram.client - INFO - 📥 [PESAN MASUK] Chat ID: -1001048910279 | Nama: 'Lowongan Kerja IT' | Teks: Hai selamat pagi semuanya . Saya saat ini sedang memiliki pr...
2026-06-07 16:34:14,233 - src.adapters.telegram.client - INFO - 📥 [PESAN MASUK] Chat ID: -1001048910279 | Nama: 'Lowongan Kerja IT' | Teks: Emang skrg dgn adanya MBG situ udah jadi orang kaya ? 😂  Tid...
2026-06-07 16:34:14,233 - src.adapters.telegram.client - INFO - 📥 [PESAN MASUK] Chat ID: -1001048910279 | Nama: 'Lowongan Kerja IT' | Teks: D tengah ekonomi yg semakin chaos begini udh jelas MBG dan K...
2026-06-07 16:34:14,233 - src.adapters.telegram.client - INFO - 📥 [PESAN MASUK] Chat ID: -1001048910279 | Nama: 'Lowongan Kerja IT' | Teks: Segalanya mesti ada solusinya, ya kalau sekarang kondisinya ...
2026-06-07 16:34:14,233 - src.adapters.telegram.client - INFO - 📥 [PESAN MASUK] Chat ID: -1001048910279 | Nama: 'Lowongan Kerja IT' | Teks: Ini karena mayoritas investor kabur dari indo, karena priori...
2026-06-07 16:34:14,233 - src.adapters.telegram.client - INFO - 📥 [PESAN MASUK] Chat ID: -1001048910279 | Nama: 'Lowongan Kerja IT' | Teks: Sampe menu MBG yg katanya dari telor dadar jadi telor rebus ...
2026-06-07 16:34:14,233 - src.adapters.telegram.client - INFO - 📥 [PESAN MASUK] Chat ID: -1001048910279 | Nama: 'Lowongan Kerja IT' | Teks: yg udh gawe, ada gak tips buat menunjukkan diri supaya hrd t...
2026-06-07 16:34:14,233 - src.adapters.telegram.client - INFO - 📥 [PESAN MASUK] Chat ID: -1001048910279 | Nama: 'Lowongan Kerja IT' | Teks: Makin susah skrg klo ga ada koneksi......
2026-06-07 16:34:14,233 - src.adapters.telegram.client - INFO - 📥 [PESAN MASUK] Chat ID: -1001048910279 | Nama: 'Lowongan Kerja IT' | Teks: Yah selama kerusuhan atau musibah2 yg diramalkan ga terjadj....
2026-06-07 16:34:14,233 - src.adapters.telegram.client - INFO - 📥 [PESAN MASUK] Chat ID: -1001048910279 | Nama: 'Lowongan Kerja IT' | Teks: Lagian dipikirin amat, dah jelas kan pemimpinnya gak mw deng...
2026-06-07 16:34:14,233 - src.adapters.telegram.client - INFO - 📥 [PESAN MASUK] Chat ID: -1001048910279 | Nama: 'Lowongan Kerja IT' | Teks: Ada yg tau kasus pabrik byd kebakaran?...
2026-06-07 16:34:14,233 - src.adapters.telegram.client - INFO - 📥 [PESAN MASUK] Chat ID: -1001048910279 | Nama: 'Lowongan Kerja IT' | Teks: Curhat dong om ,   Dolar kan lagi naik ni apakah gajih kita ...
2026-06-07 16:34:14,233 - src.adapters.telegram.client - INFO - 📥 [PESAN MASUK] Chat ID: -1001048910279 | Nama: 'Lowongan Kerja IT' | Teks: Gabisa di PC kak...
2026-06-07 16:34:14,233 - src.adapters.telegram.client - INFO - 📥 [PESAN MASUK] Chat ID: -1001048910279 | Nama: 'Lowongan Kerja IT' | Teks: Mana ada naik😂...
2026-06-07 16:34:14,233 - src.adapters.telegram.client - INFO - 📥 [PESAN MASUK] Chat ID: -1001048910279 | Nama: 'Lowongan Kerja IT' | Teks: Btw sebenarnya dolar naiknya baru seceng doang sih ga kayak ...
2026-06-07 16:34:14,233 - src.adapters.telegram.client - INFO - 📥 [PESAN MASUK] Chat ID: -1001048910279 | Nama: 'Lowongan Kerja IT' | Teks: info event dong bang...
2026-06-07 16:34:14,234 - src.adapters.telegram.client - INFO - 📥 [PESAN MASUK] Chat ID: -1001048910279 | Nama: 'Lowongan Kerja IT' | Teks: Kalau gaji based UMP/UMR kan setahun sekali dari keputusan b...
2026-06-07 16:34:14,234 - src.adapters.telegram.client - INFO - 📥 [PESAN MASUK] Chat ID: -1001048910279 | Nama: 'Lowongan Kerja IT' | Teks: Gpp dah dia kualatnya gimana.. Asal jgn rusuh aja😭...
2026-06-07 16:34:14,234 - src.adapters.telegram.client - INFO - 📥 [PESAN MASUK] Chat ID: -1001048910279 | Nama: 'Lowongan Kerja IT' | Teks: Event apaan? Event cosplay?...
2026-06-07 16:34:14,234 - src.adapters.telegram.client - INFO - 📥 [PESAN MASUK] Chat ID: -1001048910279 | Nama: 'Lowongan Kerja IT' | Teks: Klo mpe naik, mungkin semakin banyak pengusaha yg tersisa  y...
2026-06-07 16:34:14,234 - src.adapters.telegram.client - INFO - 📥 [PESAN MASUK] Chat ID: -1001048910279 | Nama: 'Lowongan Kerja IT' | Teks: Kalau naik pun ya mesti nunggu bulan November tiap tahun lah...
2026-06-07 16:34:14,234 - src.adapters.telegram.client - INFO - 📥 [PESAN MASUK] Chat ID: -1001048910279 | Nama: 'Lowongan Kerja IT' | Teks: betul...harus ada aturannya......
2026-06-07 16:34:14,234 - src.adapters.telegram.client - INFO - 📥 [PESAN MASUK] Chat ID: -1001048910279 | Nama: 'Lowongan Kerja IT' | Teks: semoga bermanfaat...
2026-06-07 16:34:14,234 - src.adapters.telegram.client - INFO - 📥 [PESAN MASUK] Chat ID: -1001048910279 | Nama: 'Lowongan Kerja IT' | Teks: Ada yg pernah dapet panggilan di PT Pandawa Arta semesta?...
2026-06-07 16:34:14,234 - src.adapters.telegram.client - INFO - 📥 [PESAN MASUK] Chat ID: -1001048910279 | Nama: 'Lowongan Kerja IT' | Teks: susah klw ini le 😓...
2026-06-07 16:34:14,234 - src.adapters.telegram.client - INFO - 📥 [PESAN MASUK] Chat ID: -1001048910279 | Nama: 'Lowongan Kerja IT' | Teks: Share pengalamannya dong, PT ini bergerak di bidang apa yaa...
2026-06-07 16:34:14,234 - src.adapters.telegram.client - INFO - 📥 [PESAN MASUK] Chat ID: -1001048910279 | Nama: 'Lowongan Kerja IT' | Teks: yg pekerja it pun ikut bingung ya jaman sekarang...
2026-06-07 16:34:14,281 - telethon.client.updates - INFO - Got difference for channel 1189544175 updates
2026-06-07 16:34:14,282 - src.adapters.telegram.client - INFO - 📥 [PESAN MASUK] Chat ID: -1001189544175 | Nama: 'Quds News Network' | Teks: In Northern Ireland, over a 25-mile pro-Palestinian march is...
2026-06-07 16:34:14,282 - src.adapters.telegram.client - INFO - 📥 [PESAN MASUK] Chat ID: -1001189544175 | Nama: 'Quds News Network' | Teks: More than ten Palestinians have been killed across the Gaza ...
2026-06-07 16:34:14,282 - src.adapters.telegram.client - INFO - 📥 [PESAN MASUK] Chat ID: -1001189544175 | Nama: 'Quds News Network' | Teks: Israeli strikes across the Gaza Strip killed 10 Palestinians...
2026-06-07 16:34:14,282 - src.adapters.telegram.client - INFO - 📥 [PESAN MASUK] Chat ID: -1001189544175 | Nama: 'Quds News Network' | Teks: Anny Mokotow, an anti-Zionist Jewish activist, spoke at a ra...
2026-06-07 16:34:14,329 - telethon.client.updates - INFO - Got difference for channel 2049259647 updates
2026-06-07 16:34:14,329 - src.adapters.telegram.client - INFO - 📥 [PESAN MASUK] Chat ID: -1002049259647 | Nama: 'Diskusi Channel AnTek Saham' | Teks: Analisa IHSG dan 2 Saham Menarik yang Berpotensi Naik Tangga...
2026-06-07 16:52:49,271 - telethon.network.connection.connection - WARNING - Server closed the connection: [Errno 60] Operation timed out
2026-06-07 16:52:49,273 - telethon.network.mtprotosender - INFO - Connection closed while receiving data: [Errno 60] Operation timed out
2026-06-07 16:52:49,273 - telethon.network.mtprotosender - INFO - Closing current connection to begin reconnect...
2026-06-07 16:52:49,274 - telethon.network.connection.connection - WARNING - Graceful disconnection timed out, forcibly ignoring cleanup
2026-06-07 16:52:49,274 - telethon.network.mtprotosender - INFO - Connecting to 91.108.56.191:443/TcpFull...
2026-06-07 16:52:49,296 - telethon.network.mtprotosender - INFO - Connection to 91.108.56.191:443/TcpFull complete!
2026-06-07 16:52:49,368 - telethon.client.updates - INFO - Got difference for channel 1876701379 updates
2026-06-07 16:52:49,369 - src.adapters.telegram.client - INFO - 📥 [PESAN MASUK] Chat ID: -1001876701379 | Nama: 'AnTek Saham Channel' | Teks: Analisa IHSG dan 2 Saham Menarik yang Berpotensi Naik Tangga...
2026-06-07 17:16:08,270 - telethon.network.connection.connection - WARNING - Server closed the connection: [Errno 60] Operation timed out
2026-06-07 17:16:08,272 - telethon.network.mtprotosender - INFO - Connection closed while receiving data: [Errno 60] Operation timed out
2026-06-07 17:16:08,272 - telethon.network.mtprotosender - INFO - Closing current connection to begin reconnect...
2026-06-07 17:16:08,272 - telethon.network.connection.connection - WARNING - Graceful disconnection timed out, forcibly ignoring cleanup
2026-06-07 17:16:08,273 - telethon.network.mtprotosender - INFO - Connecting to 91.108.56.191:443/TcpFull...
2026-06-07 17:16:08,293 - telethon.network.mtprotosender - INFO - Connection to 91.108.56.191:443/TcpFull complete!
2026-06-07 17:48:02,653 - telethon.network.connection.connection - WARNING - Server closed the connection: [Errno 60] Operation timed out
2026-06-07 17:48:02,654 - telethon.network.mtprotosender - INFO - Connection closed while receiving data: [Errno 60] Operation timed out
2026-06-07 17:48:02,654 - telethon.network.mtprotosender - INFO - Closing current connection to begin reconnect...
2026-06-07 17:48:02,655 - telethon.network.connection.connection - WARNING - Graceful disconnection timed out, forcibly ignoring cleanup
2026-06-07 17:48:02,655 - telethon.network.mtprotosender - INFO - Connecting to 91.108.56.191:443/TcpFull...
2026-06-07 17:48:02,948 - telethon.network.mtprotosender - INFO - Connection to 91.108.56.191:443/TcpFull complete!
2026-06-07 18:53:04,186 - telethon.network.mtprotosender - INFO - Closing current connection to begin reconnect...
2026-06-07 18:53:04,188 - telethon.network.mtprotosender - INFO - Connecting to 91.108.56.191:443/TcpFull...
2026-06-07 18:53:04,208 - telethon.network.mtprotosender - INFO - Connection to 91.108.56.191:443/TcpFull complete!
2026-06-07 18:53:04,233 - telethon.network.mtprotostate - WARNING - Server resent the older message 7648620286120648705, ignoring
2026-06-07 19:31:01,779 - telethon.network.connection.connection - WARNING - Server closed the connection: [Errno 60] Operation timed out
2026-06-07 19:31:01,781 - telethon.network.mtprotosender - INFO - Connection closed while receiving data: [Errno 60] Operation timed out
2026-06-07 19:31:01,781 - telethon.network.mtprotosender - INFO - Closing current connection to begin reconnect...
2026-06-07 19:31:01,782 - telethon.network.connection.connection - WARNING - Graceful disconnection timed out, forcibly ignoring cleanup
2026-06-07 19:31:01,782 - telethon.network.mtprotosender - INFO - Connecting to 91.108.56.191:443/TcpFull...
2026-06-07 19:31:01,807 - telethon.network.mtprotosender - INFO - Connection to 91.108.56.191:443/TcpFull complete!
2026-06-07 20:05:35,352 - telethon.network.connection.connection - WARNING - Server closed the connection: [Errno 60] Operation timed out
2026-06-07 20:05:35,354 - telethon.network.mtprotosender - INFO - Connection closed while receiving data: [Errno 60] Operation timed out
2026-06-07 20:05:35,354 - telethon.network.mtprotosender - INFO - Closing current connection to begin reconnect...
2026-06-07 20:05:35,355 - telethon.network.connection.connection - WARNING - Graceful disconnection timed out, forcibly ignoring cleanup
2026-06-07 20:05:35,355 - telethon.network.mtprotosender - INFO - Connecting to 91.108.56.191:443/TcpFull...
2026-06-07 20:05:35,379 - telethon.network.mtprotosender - INFO - Connection to 91.108.56.191:443/TcpFull complete!
2026-06-07 20:28:30,204 - telethon.network.connection.connection - WARNING - Server closed the connection: [Errno 60] Operation timed out
2026-06-07 20:28:30,205 - telethon.network.mtprotosender - INFO - Connection closed while receiving data: [Errno 60] Operation timed out
2026-06-07 20:28:30,206 - telethon.network.mtprotosender - INFO - Closing current connection to begin reconnect...
2026-06-07 20:28:30,206 - telethon.network.connection.connection - WARNING - Graceful disconnection timed out, forcibly ignoring cleanup
2026-06-07 20:28:30,206 - telethon.network.mtprotosender - INFO - Connecting to 91.108.56.191:443/TcpFull...
2026-06-07 20:28:30,229 - telethon.network.mtprotosender - INFO - Connection to 91.108.56.191:443/TcpFull complete!
2026-06-07 20:49:52,007 - telethon.network.connection.connection - WARNING - Server closed the connection: [Errno 60] Operation timed out
2026-06-07 20:49:52,008 - telethon.network.mtprotosender - INFO - Connection closed while receiving data: [Errno 60] Operation timed out
2026-06-07 20:49:52,009 - telethon.network.mtprotosender - INFO - Closing current connection to begin reconnect...
2026-06-07 20:49:52,009 - telethon.network.connection.connection - WARNING - Graceful disconnection timed out, forcibly ignoring cleanup
2026-06-07 20:49:52,009 - telethon.network.mtprotosender - INFO - Connecting to 91.108.56.191:443/TcpFull...
2026-06-07 20:49:52,032 - telethon.network.mtprotosender - INFO - Connection to 91.108.56.191:443/TcpFull complete!
2026-06-07 21:26:09,224 - telethon.network.connection.connection - WARNING - Server closed the connection: [Errno 60] Operation timed out
2026-06-07 21:26:09,225 - telethon.network.mtprotosender - INFO - Connection closed while receiving data: [Errno 60] Operation timed out
2026-06-07 21:26:09,225 - telethon.network.mtprotosender - INFO - Closing current connection to begin reconnect...
2026-06-07 21:26:09,226 - telethon.network.connection.connection - WARNING - Graceful disconnection timed out, forcibly ignoring cleanup
2026-06-07 21:26:09,226 - telethon.network.mtprotosender - INFO - Connecting to 91.108.56.191:443/TcpFull...
2026-06-07 21:26:09,247 - telethon.network.mtprotosender - INFO - Connection to 91.108.56.191:443/TcpFull complete!
2026-06-07 21:28:51,322 - telethon.client.updates - INFO - Got difference for channel 1189544175 updates
2026-06-07 21:28:51,324 - src.adapters.telegram.client - INFO - 📥 [PESAN MASUK] Chat ID: -1001189544175 | Nama: 'Quds News Network' | Teks: Breaking | Four Palestinians were injured after Israeli nava...
2026-06-07 21:28:51,324 - src.adapters.telegram.client - INFO - 📥 [PESAN MASUK] Chat ID: -1001189544175 | Nama: 'Quds News Network' | Teks: A pro-Israel influencer and a US comedian have sparked outra...
2026-06-07 21:28:51,324 - src.adapters.telegram.client - INFO - 📥 [PESAN MASUK] Chat ID: -1001189544175 | Nama: 'Quds News Network' | Teks: Breaking | In a collective punishment, Israeli occupation fo...
2026-06-07 21:28:51,324 - src.adapters.telegram.client - INFO - 📥 [PESAN MASUK] Chat ID: -1001189544175 | Nama: 'Quds News Network' | Teks: Breaking | An elderly Lebanese man, Abu Ali Kamel Salman, su...
2026-06-07 21:28:51,324 - src.adapters.telegram.client - INFO - 📥 [PESAN MASUK] Chat ID: -1001189544175 | Nama: 'Quds News Network' | Teks: Breaking | An Israeli airstrike targets the town of Kafr Rou...
2026-06-07 21:28:51,324 - src.adapters.telegram.client - INFO - 📥 [PESAN MASUK] Chat ID: -1001189544175 | Nama: 'Quds News Network' | Teks: Breaking | Israeli fighter jets carry out an airstrike targe...
2026-06-07 21:28:51,324 - src.adapters.telegram.client - INFO - 📥 [PESAN MASUK] Chat ID: -1001189544175 | Nama: 'Quds News Network' | Teks: Israeli occupation forces abduct and parade several Palestin...
2026-06-07 21:28:51,325 - src.adapters.telegram.client - INFO - 📥 [PESAN MASUK] Chat ID: -1001189544175 | Nama: 'Quds News Network' | Teks: Breaking | Four Lebanese were killed in an Israeli airstrike...
2026-06-07 21:28:51,325 - src.adapters.telegram.client - INFO - 📥 [PESAN MASUK] Chat ID: -1001189544175 | Nama: 'Quds News Network' | Teks: Breaking | Injuries have been reported following an Israeli ...
2026-06-07 21:28:51,325 - src.adapters.telegram.client - INFO - 📥 [PESAN MASUK] Chat ID: -1001189544175 | Nama: 'Quds News Network' | Teks: Breaking | In an updated toll, several casualties were repor...
2026-06-07 21:28:51,325 - src.adapters.telegram.client - INFO - 📥 [PESAN MASUK] Chat ID: -1001189544175 | Nama: 'Quds News Network' | Teks: Breaking | Over 13 Palestinians have been either killed or i...
2026-06-07 21:28:51,325 - src.adapters.telegram.client - INFO - 📥 [PESAN MASUK] Chat ID: -1001189544175 | Nama: 'Quds News Network' | Teks: Breaking | Palestine Red Crescent Society reports that four ...
2026-06-07 21:28:51,325 - src.adapters.telegram.client - INFO - 📥 [PESAN MASUK] Chat ID: -1001189544175 | Nama: 'Quds News Network' | Teks: At least four Palestinians were killed and 15 others injured...
2026-06-07 21:28:51,325 - src.adapters.telegram.client - INFO - 📥 [PESAN MASUK] Chat ID: -1001189544175 | Nama: 'Quds News Network' | Teks: Israeli police issued a six-month ban today preventing Pales...
2026-06-07 21:28:51,325 - src.adapters.telegram.client - INFO - 📥 [PESAN MASUK] Chat ID: -1001189544175 | Nama: 'Quds News Network' | Teks: An Israeli court on Sunday sentenced Palestinian journalist ...
2026-06-07 21:28:51,325 - src.adapters.telegram.client - INFO - 📥 [PESAN MASUK] Chat ID: -1001189544175 | Nama: 'Quds News Network' | Teks: A report released by Radea, a special field security unit af...
2026-06-07 21:28:51,325 - src.adapters.telegram.client - INFO - 📥 [PESAN MASUK] Chat ID: -1001189544175 | Nama: 'Quds News Network' | Teks: Breaking | Israeli aircraft bombard the town of Nmeiriyeh, s...
2026-06-07 21:28:51,325 - src.adapters.telegram.client - INFO - 📥 [PESAN MASUK] Chat ID: -1001189544175 | Nama: 'Quds News Network' | Teks: During a raid on the town of Hizma, northeast of occupied Je...
2026-06-07 21:28:51,325 - src.adapters.telegram.client - INFO - 📥 [PESAN MASUK] Chat ID: -1001189544175 | Nama: 'Quds News Network' | Teks: Breaking | Israeli aircraft bombard the town of Jarjouh in s...
2026-06-07 21:28:51,325 - src.adapters.telegram.client - INFO - 📥 [PESAN MASUK] Chat ID: -1001189544175 | Nama: 'Quds News Network' | Teks: Breaking | Israeli aircraft carry out massive airstrikes on ...
2026-06-07 21:28:51,325 - src.adapters.telegram.client - INFO - 📥 [PESAN MASUK] Chat ID: -1001189544175 | Nama: 'Quds News Network' | Teks: The aftermath of the Israeli bombardment of a residential ap...
2026-06-07 21:28:51,325 - src.adapters.telegram.client - INFO - 📥 [PESAN MASUK] Chat ID: -1001189544175 | Nama: 'Quds News Network' | Teks: The families of Palestinians killed in an Israeli airstrike ...
2026-06-07 21:28:51,325 - src.adapters.telegram.client - INFO - 📥 [PESAN MASUK] Chat ID: -1001189544175 | Nama: 'Quds News Network' | Teks: Israeli occupation forces storm a Palestinian home in Balata...
2026-06-07 21:28:51,326 - src.adapters.telegram.client - INFO - 📥 [PESAN MASUK] Chat ID: -1001189544175 | Nama: 'Quds News Network' | Teks: Update | Several injuries were reported after an Israeli air...
2026-06-07 21:28:51,326 - src.adapters.telegram.client - INFO - 📥 [PESAN MASUK] Chat ID: -1001189544175 | Nama: 'Quds News Network' | Teks: 85 members of the US Congress sent a letter to President Don...
2026-06-07 21:28:51,326 - src.adapters.telegram.client - INFO - 📥 [PESAN MASUK] Chat ID: -1001189544175 | Nama: 'Quds News Network' | Teks: Breaking | Israeli aircraft bombard the town of Mefdoun in s...
2026-06-07 21:28:51,326 - src.adapters.telegram.client - INFO - 📥 [PESAN MASUK] Chat ID: -1001189544175 | Nama: 'Quds News Network' | Teks: President Trump to NBC: ‘We’re not going to unfreeze any Ira...
2026-06-07 21:28:51,326 - src.adapters.telegram.client - INFO - 📥 [PESAN MASUK] Chat ID: -1001189544175 | Nama: 'Quds News Network' | Teks: Only four days after a U.S.-brokered ceasefire agreement wit...
2026-06-07 21:28:51,326 - src.adapters.telegram.client - INFO - 📥 [PESAN MASUK] Chat ID: -1001189544175 | Nama: 'Quds News Network' | Teks: Breaking | Israeli aircraft bombard the town of Maaroub, sou...
2026-06-07 21:28:51,326 - src.adapters.telegram.client - INFO - 📥 [PESAN MASUK] Chat ID: -1001189544175 | Nama: 'Quds News Network' | Teks: President Donald Trump on Mojtaba Khamenei’s:  “I don’t want...
2026-06-07 21:28:51,326 - src.adapters.telegram.client - INFO - 📥 [PESAN MASUK] Chat ID: -1001189544175 | Nama: 'Quds News Network' | Teks: Israeli settlers attack Palestinian farmers in Kafr Al-Deek,...
2026-06-07 21:28:51,326 - src.adapters.telegram.client - INFO - 📥 [PESAN MASUK] Chat ID: -1001189544175 | Nama: 'Quds News Network' | Teks: Breaking | Israeli aircraft bombard the town of Saksakiyeh i...
2026-06-07 21:28:51,326 - src.adapters.telegram.client - INFO - 📥 [PESAN MASUK] Chat ID: -1001189544175 | Nama: 'Quds News Network' | Teks: Breaking | Israeli aircraft bombard the vicinity of Al-Labab...
2026-06-07 21:28:51,326 - src.adapters.telegram.client - INFO - 📥 [PESAN MASUK] Chat ID: -1001189544175 | Nama: 'Quds News Network' | Teks: Breaking | Israeli aircraft bombard the city of Tyre, southe...
2026-06-07 21:28:51,326 - src.adapters.telegram.client - INFO - 📥 [PESAN MASUK] Chat ID: -1001189544175 | Nama: 'Quds News Network' | Teks: The aftermath of Israeli bombardment of the town of Saksakiy...
2026-06-07 22:07:10,436 - telethon.network.connection.connection - WARNING - Server closed the connection: [Errno 60] Operation timed out
2026-06-07 22:07:10,436 - telethon.network.mtprotosender - INFO - Connection closed while receiving data: [Errno 60] Operation timed out
2026-06-07 22:07:10,437 - telethon.network.mtprotosender - INFO - Closing current connection to begin reconnect...
2026-06-07 22:07:10,437 - telethon.network.connection.connection - WARNING - Graceful disconnection timed out, forcibly ignoring cleanup
2026-06-07 22:07:10,437 - telethon.network.mtprotosender - INFO - Connecting to 91.108.56.191:443/TcpFull...
2026-06-07 22:07:10,458 - telethon.network.mtprotosender - INFO - Connection to 91.108.56.191:443/TcpFull complete!
2026-06-07 22:07:10,684 - telethon.client.updates - INFO - Got difference for channel 1717096742 updates
2026-06-07 22:07:10,685 - src.adapters.telegram.client - INFO - 📥 [PESAN MASUK] Chat ID: -1001717096742 | Nama: 'Trade Gaya ARIS' | Teks: DAILY RESULT CIRCLE ARIS (XAUUSD) 💯[ 1 JUNE - 5 JUNE]  SENIN...
2026-06-07 22:07:10,743 - telethon.client.updates - INFO - Got difference for channel 1508335079 updates
2026-06-07 22:07:10,744 - src.adapters.telegram.client - INFO - 📥 [PESAN MASUK] Chat ID: -1001508335079 | Nama: 'MENEMBUS BATAS' | Teks: WAKTU WOWO KUNJUNGAN ke CHINA UTANG Rp 157 T TUK MBG  Hasil ...
2026-06-07 22:07:10,744 - src.adapters.telegram.client - INFO - 📥 [PESAN MASUK] Chat ID: -1001508335079 | Nama: 'MENEMBUS BATAS' | Teks: https://youtube.com/watch?v=kfQD4BKnxGw&si=TctiXd-EAJrZrS7r ...
2026-06-07 22:43:54,478 - telethon.network.connection.connection - WARNING - Server closed the connection: [Errno 60] Operation timed out
2026-06-07 22:43:54,480 - telethon.network.mtprotosender - INFO - Connection closed while receiving data: [Errno 60] Operation timed out
2026-06-07 22:43:54,480 - telethon.network.mtprotosender - INFO - Closing current connection to begin reconnect...
2026-06-07 22:43:54,480 - telethon.network.connection.connection - WARNING - Graceful disconnection timed out, forcibly ignoring cleanup
2026-06-07 22:43:54,480 - telethon.network.mtprotosender - INFO - Connecting to 91.108.56.191:443/TcpFull...
2026-06-07 22:43:54,500 - telethon.network.mtprotosender - INFO - Connection to 91.108.56.191:443/TcpFull complete!
2026-06-07 23:11:07,043 - telethon.network.connection.connection - WARNING - Server closed the connection: [Errno 60] Operation timed out
2026-06-07 23:11:07,044 - telethon.network.mtprotosender - INFO - Connection closed while receiving data: [Errno 60] Operation timed out
2026-06-07 23:11:07,045 - telethon.network.mtprotosender - INFO - Closing current connection to begin reconnect...
2026-06-07 23:11:07,045 - telethon.network.connection.connection - WARNING - Graceful disconnection timed out, forcibly ignoring cleanup
2026-06-07 23:11:07,046 - telethon.network.mtprotosender - INFO - Connecting to 91.108.56.191:443/TcpFull...
2026-06-07 23:11:07,067 - telethon.network.mtprotosender - INFO - Connection to 91.108.56.191:443/TcpFull complete!
2026-06-07 23:12:08,797 - telethon.client.updates - INFO - Got difference for channel 1048910279 updates
2026-06-07 23:12:08,798 - src.adapters.telegram.client - INFO - 📥 [PESAN MASUK] Chat ID: -1001048910279 | Nama: 'Lowongan Kerja IT' | Teks: Kalo ada pun pasti diumpetin info lokernya😂...
2026-06-07 23:12:08,798 - src.adapters.telegram.client - INFO - 📥 [PESAN MASUK] Chat ID: -1001048910279 | Nama: 'Lowongan Kerja IT' | Teks: Wajar manusia bingung, kalau ga bingung ntar di surga (kata ...
2026-06-07 23:12:08,798 - src.adapters.telegram.client - INFO - 📥 [PESAN MASUK] Chat ID: -1001048910279 | Nama: 'Lowongan Kerja IT' | Teks: woilah wkwkwk...
2026-06-07 23:12:08,798 - src.adapters.telegram.client - INFO - 📥 [PESAN MASUK] Chat ID: -1001048910279 | Nama: 'Lowongan Kerja IT' | Teks: untung gw nganggur jadi gak bingung gaji 😅...
2026-06-07 23:12:08,798 - src.adapters.telegram.client - INFO - 📥 [PESAN MASUK] Chat ID: -1001048910279 | Nama: 'Lowongan Kerja IT' | Teks: #OpenToWork #PartTime #FullTime #Remote  Nama : Galieh Ramad...
2026-06-07 23:12:08,798 - src.adapters.telegram.client - INFO - 📥 [PESAN MASUK] Chat ID: -1001048910279 | Nama: 'Lowongan Kerja IT' | Teks: Harus mulai di bangun... Sering2 ikut komunitas, atau ngajar...
2026-06-07 23:12:08,798 - src.adapters.telegram.client - INFO - 📥 [PESAN MASUK] Chat ID: -1001048910279 | Nama: 'Lowongan Kerja IT' | Teks: Alhamdulilah mas @Ariantos ga pernah umpetin loker buat saya...
2026-06-07 23:12:08,798 - src.adapters.telegram.client - INFO - 📥 [PESAN MASUK] Chat ID: -1001048910279 | Nama: 'Lowongan Kerja IT' | Teks: Jangan nanyak gaji, bertahan juga belum tentu aman, entah bi...
2026-06-07 23:12:08,798 - src.adapters.telegram.client - INFO - 📥 [PESAN MASUK] Chat ID: -1001048910279 | Nama: 'Lowongan Kerja IT' | Teks: Bingung itu punya Allah 😂...
2026-06-07 23:12:08,798 - src.adapters.telegram.client - INFO - 📥 [PESAN MASUK] Chat ID: -1001048910279 | Nama: 'Lowongan Kerja IT' | Teks: Tapi bingung harus nyari kemana lagi 😂... Entah nyari loker ...
2026-06-07 23:12:08,798 - src.adapters.telegram.client - INFO - 📥 [PESAN MASUK] Chat ID: -1001048910279 | Nama: 'Lowongan Kerja IT' | Teks: pernah freelance, triknya saya buatin beberapa halaman dari ...
2026-06-07 23:12:08,798 - src.adapters.telegram.client - INFO - 📥 [PESAN MASUK] Chat ID: -1001048910279 | Nama: 'Lowongan Kerja IT' | Teks: Klw kualatnya MBG di bubarkan kan harapan semua org 😂, tapi ...
2026-06-07 23:12:08,799 - src.adapters.telegram.client - INFO - 📥 [PESAN MASUK] Chat ID: -1001048910279 | Nama: 'Lowongan Kerja IT' | Teks: jangan disebutin gitu dong wkwkwk 😅...
2026-06-07 23:12:08,799 - src.adapters.telegram.client - INFO - 📥 [PESAN MASUK] Chat ID: -1001048910279 | Nama: 'Lowongan Kerja IT' | Teks: #jujurin wkwk...
2026-06-07 23:12:08,799 - src.adapters.telegram.client - INFO - 📥 [PESAN MASUK] Chat ID: -1001048910279 | Nama: 'Lowongan Kerja IT' | Teks: Wkwk maksud saya bangun koneksi... Coba start dari ngajar2 t...
2026-06-07 23:12:08,799 - src.adapters.telegram.client - INFO - 📥 [PESAN MASUK] Chat ID: -1001048910279 | Nama: 'Lowongan Kerja IT' | Teks: Kalau cv usia aman om? Max 27 lho, 27++ dah jadi fosil...
2026-06-07 23:12:08,799 - src.adapters.telegram.client - INFO - 📥 [PESAN MASUK] Chat ID: -1001048910279 | Nama: 'Lowongan Kerja IT' | Teks: #OpenToWork #ButuhKerjaan              Looking For : #PartTi...
2026-06-07 23:12:08,799 - src.adapters.telegram.client - INFO - 📥 [PESAN MASUK] Chat ID: -1001048910279 | Nama: 'Lowongan Kerja IT' | Teks: Semua loker itu milik Allah (kata Aldi Taher lagi kutip semu...
2026-06-07 23:12:08,799 - src.adapters.telegram.client - INFO - 📥 [PESAN MASUK] Chat ID: -1001048910279 | Nama: 'Lowongan Kerja IT' | Teks: Cakep....
2026-06-07 23:12:08,799 - src.adapters.telegram.client - INFO - 📥 [PESAN MASUK] Chat ID: -1001048910279 | Nama: 'Lowongan Kerja IT' | Teks: nice sarannya le, tapi itu dia yg gw males. rasanya pgn ngen...
2026-06-07 23:12:08,799 - src.adapters.telegram.client - INFO - 📥 [PESAN MASUK] Chat ID: -1001048910279 | Nama: 'Lowongan Kerja IT' | Teks: wkwk klo begitu, selamat menikmati......
2026-06-07 23:12:08,799 - src.adapters.telegram.client - INFO - 📥 [PESAN MASUK] Chat ID: -1001048910279 | Nama: 'Lowongan Kerja IT' | Teks: gw sebenernya ngerasa bersikap profesional tuh performatif b...
2026-06-07 23:12:08,799 - src.adapters.telegram.client - INFO - 📥 [PESAN MASUK] Chat ID: -1001048910279 | Nama: 'Lowongan Kerja IT' | Teks: lah, emang ngajar (terutama offline) ngga meyakinkan secara ...
2026-06-07 23:12:08,799 - src.adapters.telegram.client - INFO - 📥 [PESAN MASUK] Chat ID: -1001048910279 | Nama: 'Lowongan Kerja IT' | Teks: saya juga ngendap dikamar...dan bisa dapet banyak panggilan....
2026-06-07 23:12:08,799 - src.adapters.telegram.client - INFO - 📥 [PESAN MASUK] Chat ID: -1001048910279 | Nama: 'Lowongan Kerja IT' | Teks: ril banget itu sih, kesannya gw kyk kurang denger ya......
2026-06-07 23:12:08,799 - src.adapters.telegram.client - INFO - 📥 [PESAN MASUK] Chat ID: -1001048910279 | Nama: 'Lowongan Kerja IT' | Teks: ngga...cuman kurang meluas pemahamannya wkwkkw......
2026-06-07 23:12:08,799 - src.adapters.telegram.client - INFO - 📥 [PESAN MASUK] Chat ID: -1001048910279 | Nama: 'Lowongan Kerja IT' | Teks: gw ngerasa koneksi terlalu ambigu untuk dimulai sedari awal,...
2026-06-07 23:12:08,799 - src.adapters.telegram.client - INFO - 📥 [PESAN MASUK] Chat ID: -1001048910279 | Nama: 'Lowongan Kerja IT' | Teks: bayangin klo lagi ngajar, kita bisa personal branding, promo...
2026-06-07 23:12:08,800 - src.adapters.telegram.client - INFO - 📥 [PESAN MASUK] Chat ID: -1001048910279 | Nama: 'Lowongan Kerja IT' | Teks: nah yawes..klo gitu...goodluck.....
2026-06-07 23:12:08,800 - src.adapters.telegram.client - INFO - 📥 [PESAN MASUK] Chat ID: -1001048910279 | Nama: 'Lowongan Kerja IT' | Teks: nice sarannya le, bener juga. emang gak ada yang langsung ya...
2026-06-07 23:12:08,800 - src.adapters.telegram.client - INFO - 📥 [PESAN MASUK] Chat ID: -1001048910279 | Nama: 'Lowongan Kerja IT' | Teks: sama2...goodluck dan tetap smangats...  coba start dari skrg...
2026-06-07 23:12:08,800 - src.adapters.telegram.client - INFO - 📥 [PESAN MASUK] Chat ID: -1001048910279 | Nama: 'Lowongan Kerja IT' | Teks: Waduh iyah kerasa banget sekarang....
2026-06-07 23:12:08,800 - src.adapters.telegram.client - INFO - 📥 [PESAN MASUK] Chat ID: -1001048910279 | Nama: 'Lowongan Kerja IT' | Teks: #bantushareaja...
2026-06-07 23:12:08,800 - src.adapters.telegram.client - INFO - 📥 [PESAN MASUK] Chat ID: -1001048910279 | Nama: 'Lowongan Kerja IT' | Teks: NEED 5 PENTESTERS  • CEH Certified • BUMN Project • Onsite J...
2026-06-07 23:12:08,800 - src.adapters.telegram.client - INFO - 📥 [PESAN MASUK] Chat ID: -1001048910279 | Nama: 'Lowongan Kerja IT' | Teks: onsite jakarta kotrak 2 tahun jika berminat langsung pm saya...
2026-06-07 23:12:08,800 - src.adapters.telegram.client - INFO - 📥 [PESAN MASUK] Chat ID: -1001048910279 | Nama: 'Lowongan Kerja IT' | Teks: https://t.me/orangsiber/170314/225145...
2026-06-07 23:12:08,863 - telethon.client.updates - INFO - Got difference for channel 1189544175 updates
2026-06-07 23:12:08,865 - src.adapters.telegram.client - INFO - 📥 [PESAN MASUK] Chat ID: -1001189544175 | Nama: 'Quds News Network' | Teks: Watch | The aftermath of Israeli bombardment of a café in th...
2026-06-07 23:12:08,865 - src.adapters.telegram.client - INFO - 📥 [PESAN MASUK] Chat ID: -1001189544175 | Nama: 'Quds News Network' | Teks: Update | 3 Palestinians were reported killed and others inju...
2026-06-07 23:12:08,865 - src.adapters.telegram.client - INFO - 📥 [PESAN MASUK] Chat ID: -1001189544175 | Nama: 'Quds News Network' | Teks: In the latest toll, 4 Palestinians were killed and several o...
2026-06-07 23:12:08,865 - src.adapters.telegram.client - INFO - 📥 [PESAN MASUK] Chat ID: -1001189544175 | Nama: 'Quds News Network' | Teks: At least four Palestinians were killed and several others in...
2026-06-07 23:12:08,865 - src.adapters.telegram.client - INFO - 📥 [PESAN MASUK] Chat ID: -1001189544175 | Nama: 'Quds News Network' | Teks: Israeli settlers seize Palestinian land and erect a fence on...
2026-06-07 23:12:08,866 - src.adapters.telegram.client - INFO - 📥 [PESAN MASUK] Chat ID: -1001189544175 | Nama: 'Quds News Network' | Teks: Israeli occupation forces storm the town of Beita, south of ...
2026-06-07 23:12:08,866 - src.adapters.telegram.client - INFO - 📥 [PESAN MASUK] Chat ID: -1001189544175 | Nama: 'Quds News Network' | Teks: Breaking | Israeli aircraft bombard the towns of Shoukin, Al...
2026-06-07 23:12:08,866 - src.adapters.telegram.client - INFO - 📥 [PESAN MASUK] Chat ID: -1001189544175 | Nama: 'Quds News Network' | Teks: According to Axios, Israel informed the U.S. in advance of i...
2026-06-07 23:12:08,866 - src.adapters.telegram.client - INFO - 📥 [PESAN MASUK] Chat ID: -1001189544175 | Nama: 'Quds News Network' | Teks: The aftermath of Israeli bombardment of a residential buildi...
2026-06-07 23:12:08,866 - src.adapters.telegram.client - INFO - 📥 [PESAN MASUK] Chat ID: -1001189544175 | Nama: 'Quds News Network' | Teks: Israeli occupation forces teargas Palestinians in the town o...
2026-06-07 23:12:08,866 - src.adapters.telegram.client - INFO - 📥 [PESAN MASUK] Chat ID: -1001189544175 | Nama: 'Quds News Network' | Teks: Breaking | Several Lebanese were reported killed and others ...
2026-06-07 23:12:08,866 - src.adapters.telegram.client - INFO - 📥 [PESAN MASUK] Chat ID: -1001189544175 | Nama: 'Quds News Network' | Teks: The aftermath of Israeli bombardment of Al-Alam Roundabout i...
2026-06-07 23:12:08,916 - telethon.client.updates - INFO - Got difference for channel 2049259647 updates
2026-06-07 23:12:08,917 - src.adapters.telegram.client - INFO - 📥 [PESAN MASUK] Chat ID: -1002049259647 | Nama: 'Diskusi Channel AnTek Saham' | Teks: Saham yang diakumulasi asing 1 minggu terakhir  Pembahasanny...
2026-06-07 23:48:09,707 - telethon.network.mtprotosender - INFO - Closing current connection to begin reconnect...
2026-06-07 23:48:09,710 - telethon.network.mtprotosender - INFO - Connecting to 91.108.56.191:443/TcpFull...
2026-06-07 23:48:09,732 - telethon.network.mtprotosender - INFO - Connection to 91.108.56.191:443/TcpFull complete!
2026-06-07 23:48:09,791 - telethon.client.updates - INFO - Got difference for channel 1876701379 updates
2026-06-07 23:48:09,791 - src.adapters.telegram.client - INFO - 📥 [PESAN MASUK] Chat ID: -1001876701379 | Nama: 'AnTek Saham Channel' | Teks: Saham yang diakumulasi asing 1 minggu terakhir  Pembahasanny...
2026-06-07 23:48:09,835 - telethon.client.updates - INFO - Got difference for channel 3765107916 updates
2026-06-07 23:48:09,836 - src.adapters.telegram.client - INFO - 📥 [PESAN MASUK] Chat ID: -1003765107916 | Nama: 'CIRCLE TGA 🇮🇩' | Teks: DAILY RESULT CIRCLE ARIS (XAUUSD) 💯[ 1 JUNE - 5 JUNE]  SENIN...
2026-06-07 23:48:09,838 - src.core.use_cases.monitor_groups - INFO - Pencocokan nama grup berhasil secara partial: 'CIRCLE TGA 🇮🇩' cocok dengan konfigurasi 'circle tga'
2026-06-08 00:25:04,724 - telethon.network.connection.connection - WARNING - Server closed the connection: [Errno 60] Operation timed out
2026-06-08 00:25:04,725 - telethon.network.mtprotosender - INFO - Connection closed while receiving data: [Errno 60] Operation timed out
2026-06-08 00:25:04,725 - telethon.network.mtprotosender - INFO - Closing current connection to begin reconnect...
2026-06-08 00:25:04,725 - telethon.network.connection.connection - WARNING - Graceful disconnection timed out, forcibly ignoring cleanup
2026-06-08 00:25:04,726 - telethon.network.mtprotosender - INFO - Connecting to 91.108.56.191:443/TcpFull...
2026-06-08 00:25:04,755 - telethon.network.mtprotosender - INFO - Connection to 91.108.56.191:443/TcpFull complete!
2026-06-08 00:45:26,343 - telethon.network.connection.connection - WARNING - Server closed the connection: [Errno 60] Operation timed out
2026-06-08 00:45:26,345 - telethon.network.mtprotosender - INFO - Connection closed while receiving data: [Errno 60] Operation timed out
2026-06-08 00:45:26,346 - telethon.network.mtprotosender - INFO - Closing current connection to begin reconnect...
2026-06-08 00:45:26,346 - telethon.network.connection.connection - WARNING - Graceful disconnection timed out, forcibly ignoring cleanup
2026-06-08 00:45:26,347 - telethon.network.mtprotosender - INFO - Connecting to 91.108.56.191:443/TcpFull...
2026-06-08 00:45:26,371 - telethon.network.mtprotosender - INFO - Connection to 91.108.56.191:443/TcpFull complete!
2026-06-08 01:14:33,942 - telethon.network.connection.connection - WARNING - Server closed the connection: [Errno 60] Operation timed out
2026-06-08 01:14:33,942 - telethon.network.mtprotosender - INFO - Connection closed while receiving data: [Errno 60] Operation timed out
2026-06-08 01:14:33,943 - telethon.network.mtprotosender - INFO - Closing current connection to begin reconnect...
2026-06-08 01:14:33,943 - telethon.network.connection.connection - WARNING - Graceful disconnection timed out, forcibly ignoring cleanup
2026-06-08 01:14:33,943 - telethon.network.mtprotosender - INFO - Connecting to 91.108.56.191:443/TcpFull...
2026-06-08 01:14:33,964 - telethon.network.mtprotosender - INFO - Connection to 91.108.56.191:443/TcpFull complete!
2026-06-08 01:33:53,268 - telethon.network.connection.connection - WARNING - Server closed the connection: [Errno 60] Operation timed out
2026-06-08 01:33:53,269 - telethon.network.mtprotosender - INFO - Connection closed while receiving data: [Errno 60] Operation timed out
2026-06-08 01:33:53,269 - telethon.network.mtprotosender - INFO - Closing current connection to begin reconnect...
2026-06-08 01:33:53,270 - telethon.network.connection.connection - WARNING - Graceful disconnection timed out, forcibly ignoring cleanup
2026-06-08 01:33:53,270 - telethon.network.mtprotosender - INFO - Connecting to 91.108.56.191:443/TcpFull...
2026-06-08 01:33:53,292 - telethon.network.mtprotosender - INFO - Connection to 91.108.56.191:443/TcpFull complete!
2026-06-08 01:52:27,509 - telethon.network.connection.connection - WARNING - Server closed the connection: [Errno 60] Operation timed out
2026-06-08 01:52:27,511 - telethon.network.mtprotosender - INFO - Connection closed while receiving data: [Errno 60] Operation timed out
2026-06-08 01:52:27,511 - telethon.network.mtprotosender - INFO - Closing current connection to begin reconnect...
2026-06-08 01:52:27,511 - telethon.network.connection.connection - WARNING - Graceful disconnection timed out, forcibly ignoring cleanup
2026-06-08 01:52:27,512 - telethon.network.mtprotosender - INFO - Connecting to 91.108.56.191:443/TcpFull...
2026-06-08 01:52:27,533 - telethon.network.mtprotosender - INFO - Connection to 91.108.56.191:443/TcpFull complete!
2026-06-08 02:29:08,877 - telethon.network.mtprotosender - INFO - Closing current connection to begin reconnect...
2026-06-08 02:29:08,878 - telethon.network.mtprotosender - INFO - Connecting to 91.108.56.191:443/TcpFull...
2026-06-08 02:29:08,901 - telethon.network.mtprotosender - INFO - Connection to 91.108.56.191:443/TcpFull complete!
2026-06-08 02:48:01,244 - telethon.network.connection.connection - WARNING - Server closed the connection: [Errno 60] Operation timed out
2026-06-08 02:48:01,246 - telethon.network.mtprotosender - INFO - Connection closed while receiving data: [Errno 60] Operation timed out
2026-06-08 02:48:01,246 - telethon.network.mtprotosender - INFO - Closing current connection to begin reconnect...
2026-06-08 02:48:01,247 - telethon.network.connection.connection - WARNING - Graceful disconnection timed out, forcibly ignoring cleanup
2026-06-08 02:48:01,247 - telethon.network.mtprotosender - INFO - Connecting to 91.108.56.191:443/TcpFull...
2026-06-08 02:48:01,269 - telethon.network.mtprotosender - INFO - Connection to 91.108.56.191:443/TcpFull complete!
2026-06-08 03:13:21,174 - telethon.network.connection.connection - WARNING - Server closed the connection: [Errno 60] Operation timed out
2026-06-08 03:13:21,175 - telethon.network.mtprotosender - INFO - Connection closed while receiving data: [Errno 60] Operation timed out
2026-06-08 03:13:21,175 - telethon.network.mtprotosender - INFO - Closing current connection to begin reconnect...
2026-06-08 03:13:21,176 - telethon.network.connection.connection - WARNING - Graceful disconnection timed out, forcibly ignoring cleanup
2026-06-08 03:13:21,176 - telethon.network.mtprotosender - INFO - Connecting to 91.108.56.191:443/TcpFull...
2026-06-08 03:13:21,198 - telethon.network.mtprotosender - INFO - Connection to 91.108.56.191:443/TcpFull complete!
2026-06-08 03:33:22,851 - telethon.network.connection.connection - WARNING - Server closed the connection: [Errno 60] Operation timed out
2026-06-08 03:33:22,853 - telethon.network.mtprotosender - INFO - Connection closed while receiving data: [Errno 60] Operation timed out
2026-06-08 03:33:22,853 - telethon.network.mtprotosender - INFO - Closing current connection to begin reconnect...
2026-06-08 03:33:22,853 - telethon.network.connection.connection - WARNING - Graceful disconnection timed out, forcibly ignoring cleanup
2026-06-08 03:33:22,854 - telethon.network.mtprotosender - INFO - Connecting to 91.108.56.191:443/TcpFull...
2026-06-08 03:33:22,875 - telethon.network.mtprotosender - INFO - Connection to 91.108.56.191:443/TcpFull complete!
2026-06-08 03:51:36,431 - telethon.network.connection.connection - WARNING - Server closed the connection: [Errno 60] Operation timed out
2026-06-08 03:51:36,432 - telethon.network.mtprotosender - INFO - Connection closed while receiving data: [Errno 60] Operation timed out
2026-06-08 03:51:36,432 - telethon.network.mtprotosender - INFO - Closing current connection to begin reconnect...
2026-06-08 03:51:36,433 - telethon.network.connection.connection - WARNING - Graceful disconnection timed out, forcibly ignoring cleanup
2026-06-08 03:51:36,433 - telethon.network.mtprotosender - INFO - Connecting to 91.108.56.191:443/TcpFull...
2026-06-08 03:51:36,456 - telethon.network.mtprotosender - INFO - Connection to 91.108.56.191:443/TcpFull complete!
2026-06-08 03:51:36,612 - telethon.client.updates - INFO - Got difference for channel 1133791132 updates
2026-06-08 03:51:36,613 - src.adapters.telegram.client - INFO - 📥 [PESAN MASUK] Chat ID: -1001133791132 | Nama: 'INDOEXAM FOR AKM' | Teks: Pengumuman resmi dari pemerintah melalui kemensos – Bantuan ...
2026-06-08 04:34:58,100 - telethon.network.connection.connection - WARNING - Server closed the connection: [Errno 60] Operation timed out
2026-06-08 04:34:58,101 - telethon.network.mtprotosender - INFO - Connection closed while receiving data: [Errno 60] Operation timed out
2026-06-08 04:34:58,101 - telethon.network.mtprotosender - INFO - Closing current connection to begin reconnect...
2026-06-08 04:34:58,101 - telethon.network.connection.connection - WARNING - Graceful disconnection timed out, forcibly ignoring cleanup
2026-06-08 04:34:58,102 - telethon.network.mtprotosender - INFO - Connecting to 91.108.56.191:443/TcpFull...
2026-06-08 04:34:58,219 - telethon.network.mtprotosender - INFO - Connection to 91.108.56.191:443/TcpFull complete!
2026-06-08 05:16:05,984 - telethon.network.mtprotosender - INFO - Closing current connection to begin reconnect...
2026-06-08 05:16:05,986 - telethon.network.mtprotosender - INFO - Connecting to 91.108.56.191:443/TcpFull...
2026-06-08 05:16:06,008 - telethon.network.mtprotosender - INFO - Connection to 91.108.56.191:443/TcpFull complete!
2026-06-08 05:16:06,181 - telethon.client.updates - INFO - Got difference for account updates
2026-06-08 05:16:06,182 - src.adapters.telegram.client - INFO - 📥 [PESAN MASUK] Chat ID: -1003926617666 | Nama: 'YEF PIR' | Teks: Instruksi Investasi 08/06/2026  Akumulasi (Buy)  MAPI 0,2PV ...
2026-06-08 05:16:06,182 - src.adapters.telegram.client - INFO - 📥 [PESAN MASUK] Chat ID: -1003967610866 | Nama: 'YEF PIR SYARIAH' | Teks: Instruksi Investasi 08/06/2026  Akumulasi (Buy)  MAPI 0,2PV ...
2026-06-08 05:16:06,182 - src.adapters.telegram.client - INFO - 📥 [PESAN MASUK] Chat ID: 375461315 | Nama: 'benysutanto' | Teks: Managed Agents in Gemini API https://share.google/NFLQjUznV7...
2026-06-08 05:16:06,182 - src.core.use_cases.monitor_groups - INFO - Pencocokan nama grup berhasil secara partial: 'benysutanto' cocok dengan konfigurasi 'benysutanto'
2026-06-08 05:16:06,219 - telethon.client.updates - INFO - Got difference for channel 1048910279 updates
2026-06-08 05:16:06,220 - src.adapters.telegram.client - INFO - 📥 [PESAN MASUK] Chat ID: -1001048910279 | Nama: 'Lowongan Kerja IT' | Teks: Benar tp melantur, jd yaudahlah yah emg dia bgtu 😂...
2026-06-08 05:16:06,221 - src.adapters.telegram.client - INFO - 📥 [PESAN MASUK] Chat ID: -1001048910279 | Nama: 'Lowongan Kerja IT' | Teks: Panggilan akhirat atau loker wkwk......
2026-06-08 05:37:36,621 - telethon.network.connection.connection - WARNING - Server closed the connection: [Errno 60] Operation timed out
2026-06-08 05:37:36,623 - telethon.network.mtprotosender - INFO - Connection closed while receiving data: [Errno 60] Operation timed out
2026-06-08 05:37:36,623 - telethon.network.mtprotosender - INFO - Closing current connection to begin reconnect...
2026-06-08 05:37:36,624 - telethon.network.connection.connection - WARNING - Graceful disconnection timed out, forcibly ignoring cleanup
2026-06-08 05:37:36,624 - telethon.network.mtprotosender - INFO - Connecting to 91.108.56.191:443/TcpFull...
2026-06-08 05:37:36,645 - telethon.network.mtprotosender - INFO - Connection to 91.108.56.191:443/TcpFull complete!
2026-06-08 05:59:34,952 - telethon.network.connection.connection - WARNING - Server closed the connection: [Errno 60] Operation timed out
2026-06-08 05:59:34,954 - telethon.network.mtprotosender - INFO - Connection closed while receiving data: [Errno 60] Operation timed out
2026-06-08 05:59:34,954 - telethon.network.mtprotosender - INFO - Closing current connection to begin reconnect...
2026-06-08 05:59:34,955 - telethon.network.connection.connection - WARNING - Graceful disconnection timed out, forcibly ignoring cleanup
2026-06-08 05:59:34,955 - telethon.network.mtprotosender - INFO - Connecting to 91.108.56.191:443/TcpFull...
2026-06-08 05:59:34,976 - telethon.network.mtprotosender - INFO - Connection to 91.108.56.191:443/TcpFull complete!
2026-06-08 06:37:26,153 - telethon.network.connection.connection - WARNING - Server closed the connection: [Errno 60] Operation timed out
2026-06-08 06:37:26,154 - telethon.network.mtprotosender - INFO - Connection closed while receiving data: [Errno 60] Operation timed out
2026-06-08 06:37:26,155 - telethon.network.mtprotosender - INFO - Closing current connection to begin reconnect...
2026-06-08 06:37:26,155 - telethon.network.connection.connection - WARNING - Graceful disconnection timed out, forcibly ignoring cleanup
2026-06-08 06:37:26,156 - telethon.network.mtprotosender - INFO - Connecting to 91.108.56.191:443/TcpFull...
2026-06-08 06:37:26,179 - telethon.network.mtprotosender - INFO - Connection to 91.108.56.191:443/TcpFull complete!
2026-06-08 07:17:23,115 - telethon.network.connection.connection - WARNING - Server closed the connection: [Errno 60] Operation timed out
2026-06-08 07:17:23,117 - telethon.network.mtprotosender - INFO - Connection closed while receiving data: [Errno 60] Operation timed out
2026-06-08 07:17:23,117 - telethon.network.mtprotosender - INFO - Closing current connection to begin reconnect...
2026-06-08 07:17:23,117 - telethon.network.connection.connection - WARNING - Graceful disconnection timed out, forcibly ignoring cleanup
2026-06-08 07:17:23,118 - telethon.network.mtprotosender - INFO - Connecting to 91.108.56.191:443/TcpFull...
2026-06-08 07:17:23,138 - telethon.network.mtprotosender - INFO - Connection to 91.108.56.191:443/TcpFull complete!
2026-06-08 07:41:42,029 - telethon.network.connection.connection - WARNING - Server closed the connection: [Errno 60] Operation timed out
2026-06-08 07:41:42,032 - telethon.network.mtprotosender - INFO - Connection closed while receiving data: [Errno 60] Operation timed out
2026-06-08 07:41:42,032 - telethon.network.mtprotosender - INFO - Closing current connection to begin reconnect...
2026-06-08 07:41:42,032 - telethon.network.connection.connection - WARNING - Graceful disconnection timed out, forcibly ignoring cleanup
2026-06-08 07:41:42,033 - telethon.network.mtprotosender - INFO - Connecting to 91.108.56.191:443/TcpFull...
2026-06-08 07:41:42,057 - telethon.network.mtprotosender - INFO - Connection to 91.108.56.191:443/TcpFull complete!
2026-06-08 07:47:27,161 - telethon.client.updates - INFO - Got difference for channel 1508335079 updates
2026-06-08 07:47:27,163 - src.adapters.telegram.client - INFO - 📥 [PESAN MASUK] Chat ID: -1001508335079 | Nama: 'MENEMBUS BATAS' | Teks: Tggu aja Pengadilan Akhirat  🔥🔥🔥...
2026-06-08 07:47:27,164 - src.adapters.telegram.client - INFO - 📥 [PESAN MASUK] Chat ID: -1001508335079 | Nama: 'MENEMBUS BATAS' | Teks: JANCUK 🔥🔥...
2026-06-08 07:50:21,090 - telethon.client.updates - INFO - Got difference for channel 1876701379 updates
2026-06-08 07:50:21,093 - src.adapters.telegram.client - INFO - 📥 [PESAN MASUK] Chat ID: -1001876701379 | Nama: 'AnTek Saham Channel' | Teks: saham scalping hari ini  tips scalping : resiko batasi maks ...
2026-06-08 07:50:21,124 - telethon.client.updates - INFO - Got difference for channel 1048910279 updates
2026-06-08 07:50:21,167 - telethon.client.updates - INFO - Got difference for channel 1189544175 updates
2026-06-08 07:50:21,167 - src.adapters.telegram.client - INFO - 📥 [PESAN MASUK] Chat ID: -1001189544175 | Nama: 'Quds News Network' | Teks: Breaking | Senior adviser to Iran’s Supreme Leader: The resi...
2026-06-08 07:50:21,167 - src.adapters.telegram.client - INFO - 📥 [PESAN MASUK] Chat ID: -1001189544175 | Nama: 'Quds News Network' | Teks: Israeli occupation forces storm the town of Qbatiyah, south ...
2026-06-08 07:50:21,167 - src.adapters.telegram.client - INFO - 📥 [PESAN MASUK] Chat ID: -1001189544175 | Nama: 'Quds News Network' | Teks: NEW | Trump urges Netanyahu to hold off attack against Iran,...
2026-06-08 07:50:21,167 - src.adapters.telegram.client - INFO - 📥 [PESAN MASUK] Chat ID: -1001189544175 | Nama: 'Quds News Network' | Teks: Israeli settler militias attack Palestinian vehicles while s...
2026-06-08 07:50:21,168 - src.adapters.telegram.client - INFO - 📥 [PESAN MASUK] Chat ID: -1001189544175 | Nama: 'Quds News Network' | Teks: Israeli occupation forces abduct a Palestinian civilian whil...
2026-06-08 07:50:21,225 - telethon.client.updates - INFO - Got difference for channel 2049259647 updates
2026-06-08 07:50:21,225 - src.adapters.telegram.client - INFO - 📥 [PESAN MASUK] Chat ID: -1002049259647 | Nama: 'Diskusi Channel AnTek Saham' | Teks: saham scalping hari ini  tips scalping : resiko batasi maks ...
2026-06-08 08:02:27,412 - telethon.client.updates - INFO - Got difference for channel 1508335079 updates
2026-06-08 08:14:05,033 - main - INFO - Memulai aplikasi Telegram Signal Listener & Forwarder...
2026-06-08 08:14:05,035 - main - INFO - Konfigurasi berhasil dimuat.
2026-06-08 08:14:05,037 - src.core.use_cases.monitor_groups - INFO - MonitorGroupsUseCase berhasil memperbarui konfigurasi grup sumber secara dinamis.
2026-06-08 08:14:05,037 - src.adapters.telegram.client - INFO - Mendaftarkan handler event pesan baru (Mendengarkan semua chat untuk mempermudah deteksi chat_id)...
2026-06-08 08:14:05,037 - src.adapters.telegram.client - INFO - Memulai sesi Telegram...
2026-06-08 08:14:05,037 - telethon.network.mtprotosender - INFO - Connecting to 91.108.56.191:443/TcpFull...
2026-06-08 08:14:05,057 - telethon.network.mtprotosender - INFO - Connection to 91.108.56.191:443/TcpFull complete!
2026-06-08 08:14:05,242 - src.adapters.telegram.client - INFO - Sesi Telegram berhasil dimulai.
2026-06-08 08:14:05,270 - main - INFO - Otorisasi sukses. Berjalan menggunakan akun: Beny  (@benysutanto)
2026-06-08 08:14:05,270 - main - INFO - Mulai mendengarkan pesan dari 2 grup sumber...
2026-06-08 08:14:05,270 - main - INFO - Sinyal yang valid akan diteruskan ke 1 target.
2026-06-08 08:14:05,270 - src.adapters.telegram.client - INFO - Aplikasi sedang mendengarkan pesan (listening)... Tekan Ctrl+C untuk keluar.
2026-06-08 08:14:05,270 - main - INFO - Memulai background task pemantau file konfigurasi (Hot Reload)...
2026-06-08 08:20:05,597 - src.adapters.telegram.client - INFO - 📥 [PESAN MASUK] Chat ID: -1001189544175 | Nama: 'Quds News Network' | Teks: Breaking | Missiles can be seen over Beirut with sounds of e...
2026-06-08 08:23:05,347 - src.adapters.telegram.client - INFO - 📥 [PESAN MASUK] Chat ID: -1001189544175 | Nama: 'Quds News Network' | Teks: Breaking | Israeli airstrikes on Isfahan, Tehran....
2026-06-08 08:32:05,391 - src.adapters.telegram.client - INFO - 📥 [PESAN MASUK] Chat ID: -1001189544175 | Nama: 'Quds News Network' | Teks: Israeli aircraft attacked central and western Iran....
2026-06-08 08:35:05,697 - telethon.client.updates - INFO - Got difference for channel 1048910279 updates
2026-06-08 08:36:58,575 - src.adapters.telegram.client - INFO - 📥 [PESAN MASUK] Chat ID: -1001189544175 | Nama: 'Quds News Network' | Teks: Continuous Israeli attacks on Iran....
2026-06-08 08:38:05,401 - src.adapters.telegram.client - INFO - 📥 [PESAN MASUK] Chat ID: -1001048910279 | Nama: 'Lowongan Kerja IT' | Teks: (2 + 8) zhaoquan, please, send the solution to the arithmeti...
2026-06-08 08:38:05,403 - src.adapters.telegram.client - INFO - 📥 [PESAN MASUK] Chat ID: -1001048910279 | Nama: 'Lowongan Kerja IT' | Teks: 10...
2026-06-08 08:44:05,257 - telethon.client.updates - INFO - Got difference for account updates
2026-06-08 08:44:05,259 - src.adapters.telegram.client - INFO - 📥 [PESAN MASUK] Chat ID: -1002049259647 | Nama: 'Diskusi Channel AnTek Saham' | Teks: Indeks luar khusunya Asia merah  Gimana IHSG hari ini😢...
2026-06-08 08:44:05,260 - src.adapters.telegram.client - INFO - 📥 [PESAN MASUK] Chat ID: -1001189544175 | Nama: 'Quds News Network' | Teks: Massive fires in Isfahan, Iran, following the Israeli attack...
2026-06-08 08:44:05,323 - telethon.client.updates - INFO - Got difference for channel 1876701379 updates
2026-06-08 08:44:05,324 - src.adapters.telegram.client - INFO - 📥 [PESAN MASUK] Chat ID: -1001876701379 | Nama: 'AnTek Saham Channel' | Teks: Indeks luar khusunya Asia merah  Gimana IHSG hari ini😢...
2026-06-08 08:45:05,978 - telethon.client.updates - INFO - Got difference for channel 2049259647 updates
2026-06-08 08:45:05,980 - src.adapters.telegram.client - INFO - 📥 [PESAN MASUK] Chat ID: -1002049259647 | Nama: 'Diskusi Channel AnTek Saham' | Teks: Menyala abangda...
2026-06-08 08:45:09,771 - src.adapters.telegram.client - INFO - 📥 [PESAN MASUK] Chat ID: -1001189544175 | Nama: 'Quds News Network' | Teks: Massive fires in Isfahan, Iran, following the Israeli attack...
2026-06-08 08:46:04,179 - src.adapters.telegram.client - INFO - 📥 [PESAN MASUK] Chat ID: -1002049259647 | Nama: 'Diskusi Channel AnTek Saham' | Teks: Sepertinya prediksi IHSG 5400 sudah mulai kelihatan..mudah" ...
2026-06-08 08:48:05,449 - src.adapters.telegram.client - INFO - 📥 [PESAN MASUK] Chat ID: -1002049259647 | Nama: 'Diskusi Channel AnTek Saham' | Teks: Merah...
2026-06-08 08:49:05,454 - src.adapters.telegram.client - INFO - 📥 [PESAN MASUK] Chat ID: -1002049259647 | Nama: 'Diskusi Channel AnTek Saham' | Teks: Mantau ajalah dulu sambil makanmantau...
2026-06-08 08:50:05,527 - src.adapters.telegram.client - INFO - 📥 [PESAN MASUK] Chat ID: -1001048910279 | Nama: 'Lowongan Kerja IT' | Teks: Kan penyintas cancer gabole stres dikit, makanya begitu dia ...
2026-06-08 08:50:05,528 - src.adapters.telegram.client - INFO - 📥 [PESAN MASUK] Chat ID: -1002049259647 | Nama: 'Diskusi Channel AnTek Saham' | Teks: Semoga better deh...
2026-06-08 08:52:05,546 - src.adapters.telegram.client - INFO - 📥 [PESAN MASUK] Chat ID: -1001048910279 | Nama: 'Lowongan Kerja IT' | Teks: (5 + 9) @zaxyyen, please, send the solution to the arithmeti...
2026-06-08 08:52:05,549 - src.adapters.telegram.client - INFO - 📥 [PESAN MASUK] Chat ID: -1001048910279 | Nama: 'Lowongan Kerja IT' | Teks: Yg job gmail di bayar 3.500/gmail...
2026-06-08 08:54:05,509 - src.adapters.telegram.client - INFO - 📥 [PESAN MASUK] Chat ID: -1002049259647 | Nama: 'Diskusi Channel AnTek Saham' | Teks: Mendingan libur aja ya..ihsg kita..sebulan deh libur.😂😢😢😜...
2026-06-08 08:55:05,528 - src.adapters.telegram.client - INFO - 📥 [PESAN MASUK] Chat ID: -1001508335079 | Nama: 'MENEMBUS BATAS' | Teks: Peringatan Dini Tsunami di SULUT,GORONTALO,SULTENG,MALUT,KAL...
2026-06-08 08:55:30,026 - src.adapters.telegram.client - INFO - 📥 [PESAN MASUK] Chat ID: -1002049259647 | Nama: 'Diskusi Channel AnTek Saham' | Teks: Luar ijo, ihsg tetap merah, mau berharap apa? 😂...
2026-06-08 08:56:05,549 - src.adapters.telegram.client - INFO - 📥 [PESAN MASUK] Chat ID: -1002049259647 | Nama: 'Diskusi Channel AnTek Saham' | Teks: yok bang main saham luar...
2026-06-08 09:00:05,655 - src.adapters.telegram.client - INFO - 📥 [PESAN MASUK] Chat ID: -1001189544175 | Nama: 'Quds News Network' | Teks: Breaking | Iranian media reports additional Israeli attacks ...
2026-06-08 09:04:05,600 - src.adapters.telegram.client - INFO - 📥 [PESAN MASUK] Chat ID: -1002049259647 | Nama: 'Diskusi Channel AnTek Saham' | Teks: Hancur lebur :( ngeri outflow bigbnak sekelas BBCA...
2026-06-08 09:05:12,337 - src.adapters.telegram.client - INFO - 📥 [PESAN MASUK] Chat ID: 192453686 | Nama: 'Indra_Sitorus' | Teks: https://www.tradingview.com/script/QzqNo0rH-TREFOZERI-Trend-...
2026-06-08 09:10:05,590 - src.adapters.telegram.client - INFO - 📥 [PESAN MASUK] Chat ID: -1001048910279 | Nama: 'Lowongan Kerja IT' | Teks: Dibutuhkan freelance IT  Paham dasar networking  Punya lapto...
2026-06-08 09:13:05,650 - src.adapters.telegram.client - INFO - 📥 [PESAN MASUK] Chat ID: -1002049259647 | Nama: 'Diskusi Channel AnTek Saham' | Teks: IHSG ny turun di 4% lagi, tiap hari 4% bisa2 ke 4700-4900...
2026-06-08 09:13:05,652 - src.adapters.telegram.client - INFO - 📥 [PESAN MASUK] Chat ID: -1001876701379 | Nama: 'AnTek Saham Channel' | Teks: IHSG ny turun di 4% lagi, tiap hari 4% bisa2 ke 4700-4900...
2026-06-08 09:15:05,651 - src.adapters.telegram.client - INFO - 📥 [PESAN MASUK] Chat ID: -1001048910279 | Nama: 'Lowongan Kerja IT' | Teks: Jabodetabek ?...
2026-06-08 09:15:06,133 - telethon.client.updates - INFO - Got difference for channel 2049259647 updates
2026-06-08 09:16:05,665 - src.adapters.telegram.client - INFO - 📥 [PESAN MASUK] Chat ID: -1002049259647 | Nama: 'Diskusi Channel AnTek Saham' | Teks: Ada kemungkinan ke frontier ?...
2026-06-08 09:24:06,212 - telethon.client.updates - INFO - Got difference for channel 1048910279 updates
2026-06-08 09:24:06,216 - src.adapters.telegram.client - INFO - 📥 [PESAN MASUK] Chat ID: -1001048910279 | Nama: 'Lowongan Kerja IT' | Teks: Area jambi atau tebo ilir mas, g ad tulisan jabodetabek 🙏🙏🙏...
2026-06-08 09:27:18,491 - src.adapters.telegram.client - INFO - 📥 [PESAN MASUK] Chat ID: 192453686 | Nama: 'Indra_Sitorus' | Teks: https://play.google.com/store/apps/details?id=com.xm.webapp....
2026-06-08 09:30:05,756 - src.adapters.telegram.client - INFO - 📥 [PESAN MASUK] Chat ID: -1001048910279 | Nama: 'Lowongan Kerja IT' | Teks: @rezaaditia01 bls dm om dri kmarin " Slow response...
2026-06-08 09:30:05,761 - src.adapters.telegram.client - INFO - 📥 [PESAN MASUK] Chat ID: -1001876701379 | Nama: 'AnTek Saham Channel' | Teks: $CTBN  kemarin saya analisa dan hari ini naik. Saham ga liqu...
2026-06-08 09:30:05,762 - src.adapters.telegram.client - INFO - 📥 [PESAN MASUK] Chat ID: -1002049259647 | Nama: 'Diskusi Channel AnTek Saham' | Teks: $CTBN  kemarin saya analisa dan hari ini naik. Saham ga liqu...
2026-06-08 09:30:06,196 - telethon.client.updates - INFO - Got difference for channel 2049259647 updates
2026-06-08 09:31:05,759 - src.adapters.telegram.client - INFO - 📥 [PESAN MASUK] Chat ID: -1002049259647 | Nama: 'Diskusi Channel AnTek Saham' | Teks: ini beneran lagi ngelawan apa gmn nih IHSG, dari 4% berkuran...
2026-06-08 09:58:05,892 - src.adapters.telegram.client - INFO - 📥 [PESAN MASUK] Chat ID: -1001048910279 | Nama: 'Lowongan Kerja IT' | Teks: #bantushareaja...
2026-06-08 09:58:05,894 - src.adapters.telegram.client - INFO - 📥 [PESAN MASUK] Chat ID: -1001048910279 | Nama: 'Lowongan Kerja IT' | Teks: DICARI! Software engineer dari tech startup yang suka bikin ...
2026-06-08 09:59:05,547 - telethon.client.updates - INFO - Got difference for account updates
2026-06-08 09:59:05,548 - src.adapters.telegram.client - INFO - 📥 [PESAN MASUK] Chat ID: -1002049259647 | Nama: 'Diskusi Channel AnTek Saham' | Teks: Ada aja tapi kemungkinan mungkin 40%. Hal ini didasari fudam...
2026-06-08 10:02:05,949 - src.adapters.telegram.client - INFO - 📥 [PESAN MASUK] Chat ID: -1001876701379 | Nama: 'AnTek Saham Channel' | Teks: Bersyukur masih bisa cuan di $FORE  analisa ini syaa bagikan...
2026-06-08 10:02:05,951 - src.adapters.telegram.client - INFO - 📥 [PESAN MASUK] Chat ID: -1002049259647 | Nama: 'Diskusi Channel AnTek Saham' | Teks: Bersyukur masih bisa cuan di $FORE  analisa ini syaa bagikan...
2026-06-08 10:04:11,472 - src.adapters.telegram.client - INFO - 📥 [PESAN MASUK] Chat ID: -1003765107916 | Nama: 'CIRCLE TGA 🇮🇩' | Teks: SELAMAT PAGI PARA PEMBURU CUAN! 🔥🔥  Hari baru, peluang baru....
2026-06-08 10:04:11,476 - src.core.use_cases.monitor_groups - INFO - Pencocokan nama grup berhasil secara partial: 'CIRCLE TGA 🇮🇩' cocok dengan konfigurasi 'circle tga'
2026-06-08 10:04:11,476 - src.core.use_cases.monitor_groups - INFO - Mendeteksi pesan potensial di chat -1003765107916 ('CIRCLE TGA 🇮🇩')...
2026-06-08 10:04:11,476 - src.core.use_cases.monitor_groups - INFO - Pesan mentah berhasil dicocokkan dengan kata kunci 'raw_keyword('ready')'.
2026-06-08 10:04:11,477 - src.core.use_cases.forward_signal - INFO - Mengirim pesan mentah terformat ke 1 target...
2026-06-08 10:04:11,477 - src.core.use_cases.forward_signal - INFO - Mengirim pesan mentah ke target: 'benysutanto' (Chat ID: 375461315)
2026-06-08 10:04:11,477 - src.adapters.telegram.client - INFO - Mengirim pesan ke chat_id: 375461315 - 📢 **NEW SIGNAL RECEIVED - CIRCLE TGA 🇮🇩** 📢

📅 **Date**: 08-06-2026 10:04:11

SELAMAT PAGI PARA PEMBURU CUAN! 🔥🔥

Hari baru, peluang baru. Market udah siap buat kita yang berani ambil langkah hari ini! 🚀

Ingat, sukses di trading bukan buat mereka yang cuma berharap profit instan, tapi buat mereka yang bangun setiap pagi dengan semangat buat belajar, analisa, dan ACTION!

Hari ini, buka chart dengan keyakinan. Pasang mindset “aku bisa profit hari ini.” Dan apapun hasilnya nanti, kamu tetap lebih kuat dari versi dirimu kemarin.

Ingat ya guys ! 

“Profit bukan soal hoki.
Profit itu hasil disiplin yang diulang setiap hari.”

READY buat hari ini guys ! Hari ini kita bakal ngambil posisi, Kita mulakan hari ini dengan TAP TAP EMOTTTT 🔥🔥🔥

#TheRealOne 
#TeamBikinBiruBiru 
#TradeGayaAris 
2026-06-08 10:04:18,777 - src.adapters.telegram.client - INFO - 📥 [PESAN MASUK] Chat ID: -1001717096742 | Nama: 'Trade Gaya ARIS' | Teks: SELAMAT PAGI PARA PEMBURU CUAN! 🔥🔥  Hari baru, peluang baru....
2026-06-08 10:04:44,994 - telethon.client.updates - INFO - Got difference for channel 2049259647 updates
2026-06-08 10:21:06,093 - src.adapters.telegram.client - INFO - 📥 [PESAN MASUK] Chat ID: -1001048910279 | Nama: 'Lowongan Kerja IT' | Teks: Halo.. Adakan Frelance Engineer untuk area Kotamobagu/Manado...
2026-06-08 10:33:06,138 - src.adapters.telegram.client - INFO - 📥 [PESAN MASUK] Chat ID: -1001048910279 | Nama: 'Lowongan Kerja IT' | Teks: Hello   PT Phincon are currently hiring for Salesforce Devel...
2026-06-08 10:35:06,004 - src.adapters.telegram.client - INFO - 📥 [PESAN MASUK] Chat ID: -1001048910279 | Nama: 'Lowongan Kerja IT' | Teks: BELAJAR AI SEKARANG, GRATIS PULA? ✨  Mau sampai kapan cuma j...
2026-06-08 10:37:38,053 - src.adapters.telegram.client - INFO - 📥 [PESAN MASUK] Chat ID: -1001048910279 | Nama: 'Lowongan Kerja IT' | Teks: Halo temen2 mahasiswa/i universitas 👀✨ Masa kelulusan udah d...
2026-06-08 10:49:45,461 - src.adapters.telegram.client - INFO - 📥 [PESAN MASUK] Chat ID: -1001048910279 | Nama: 'Lowongan Kerja IT' | Teks: Halo, izin mengirimkan data diri #butuhkerjaan #opentowork  ...
2026-06-08 10:56:06,289 - src.adapters.telegram.client - INFO - 📥 [PESAN MASUK] Chat ID: -1001508335079 | Nama: 'MENEMBUS BATAS' | Teks: Attention to People Indonesia Mulai Hari Ini Tgl : 8 Juni - ...
2026-06-08 10:58:54,115 - src.adapters.telegram.client - INFO - 📥 [PESAN MASUK] Chat ID: -1001048910279 | Nama: 'Lowongan Kerja IT' | Teks: Hello Everyone Good Morning, i`m Mas Amirul Dimas I’m open f...
2026-06-08 11:09:06,525 - telethon.client.updates - INFO - Got difference for channel 1048910279 updates
2026-06-08 11:12:06,362 - src.adapters.telegram.client - INFO - 📥 [PESAN MASUK] Chat ID: -1001508335079 | Nama: 'MENEMBUS BATAS' | Teks: Karena..  Elit indonesia walau tak semua dimuka bumi ini pal...
2026-06-08 11:12:06,364 - src.adapters.telegram.client - INFO - 📥 [PESAN MASUK] Chat ID: -1001048910279 | Nama: 'Lowongan Kerja IT' | Teks: Hello Everyone Good Morning, i`m Mas Amirul Dimas I’m open f...
2026-06-08 11:12:06,365 - src.adapters.telegram.client - INFO - 📥 [PESAN MASUK] Chat ID: -1001048910279 | Nama: 'Lowongan Kerja IT' | Teks: #bantushareaja...
2026-06-08 11:12:06,913 - telethon.client.updates - INFO - Got difference for channel 1048910279 updates
2026-06-08 11:12:06,913 - src.adapters.telegram.client - INFO - 📥 [PESAN MASUK] Chat ID: -1001048910279 | Nama: 'Lowongan Kerja IT' | Teks: PT. Sinergi Informatika Semen Indonesia (SISI) is Hiring! ▪️...
2026-06-08 11:12:59,667 - src.adapters.telegram.client - INFO - 📥 [PESAN MASUK] Chat ID: -1001048910279 | Nama: 'Lowongan Kerja IT' | Teks: 🌿EIGER Tropical Adventure is #Hiring: 📌 Web Developer Freela...
2026-06-08 11:14:05,757 - telethon.client.updates - INFO - Got difference for account updates
2026-06-08 11:14:05,760 - src.adapters.telegram.client - INFO - 📥 [PESAN MASUK] Chat ID: -1001048910279 | Nama: 'Lowongan Kerja IT' | Teks: kerjacareer 1d Saatnya melangkah ke peran yang lebih strateg...
2026-06-08 11:17:06,376 - src.adapters.telegram.client - INFO - 📥 [PESAN MASUK] Chat ID: -1001048910279 | Nama: 'Lowongan Kerja IT' | Teks: 🚀 Hiring Opportunity – Solution Analyst 🏢 Asian Technology S...
2026-06-08 11:26:55,715 - src.adapters.telegram.client - INFO - 📥 [PESAN MASUK] Chat ID: -1003765107916 | Nama: 'CIRCLE TGA 🇮🇩' | Teks: Ready trade hari ini ?...
2026-06-08 11:26:55,716 - src.core.use_cases.monitor_groups - INFO - Pencocokan nama grup berhasil secara partial: 'CIRCLE TGA 🇮🇩' cocok dengan konfigurasi 'circle tga'
2026-06-08 11:26:55,716 - src.core.use_cases.monitor_groups - INFO - Mendeteksi pesan potensial di chat -1003765107916 ('CIRCLE TGA 🇮🇩')...
2026-06-08 11:26:55,716 - src.core.use_cases.monitor_groups - INFO - Pesan mentah berhasil dicocokkan dengan kata kunci 'raw_keyword('ready')'.
2026-06-08 11:26:55,717 - src.core.use_cases.forward_signal - INFO - Mengirim pesan mentah terformat ke 1 target...
2026-06-08 11:26:55,717 - src.core.use_cases.forward_signal - INFO - Mengirim pesan mentah ke target: 'benysutanto' (Chat ID: 375461315)
2026-06-08 11:26:55,717 - src.adapters.telegram.client - INFO - Mengirim pesan ke chat_id: 375461315 - 📢 **NEW SIGNAL RECEIVED - CIRCLE TGA 🇮🇩** 📢

📅 **Date**: 08-06-2026 11:26:55

Ready trade hari ini ? 
2026-06-08 11:27:12,404 - src.adapters.telegram.client - INFO - 📥 [PESAN MASUK] Chat ID: -1003765107916 | Nama: 'CIRCLE TGA 🇮🇩' | Teks: Yukk Ready ada setup !...
2026-06-08 11:27:12,405 - src.core.use_cases.monitor_groups - INFO - Pencocokan nama grup berhasil secara partial: 'CIRCLE TGA 🇮🇩' cocok dengan konfigurasi 'circle tga'
2026-06-08 11:27:12,405 - src.core.use_cases.monitor_groups - INFO - Mendeteksi pesan potensial di chat -1003765107916 ('CIRCLE TGA 🇮🇩')...
2026-06-08 11:27:12,405 - src.core.use_cases.monitor_groups - INFO - Pesan mentah berhasil dicocokkan dengan kata kunci 'raw_keyword('Yuk')'.
2026-06-08 11:27:12,405 - src.core.use_cases.forward_signal - INFO - Mengirim pesan mentah terformat ke 1 target...
2026-06-08 11:27:12,406 - src.core.use_cases.forward_signal - INFO - Mengirim pesan mentah ke target: 'benysutanto' (Chat ID: 375461315)
2026-06-08 11:27:12,406 - src.adapters.telegram.client - INFO - Mengirim pesan ke chat_id: 375461315 - 📢 **NEW SIGNAL RECEIVED - CIRCLE TGA 🇮🇩** 📢

📅 **Date**: 08-06-2026 11:27:12

Yukk Ready ada setup ! 
2026-06-08 11:27:31,679 - src.adapters.telegram.client - INFO - 📥 [PESAN MASUK] Chat ID: -1003765107916 | Nama: 'CIRCLE TGA 🇮🇩' | Teks: GOLD SELL NOW...
2026-06-08 11:27:31,682 - src.core.use_cases.monitor_groups - INFO - Pencocokan nama grup berhasil secara partial: 'CIRCLE TGA 🇮🇩' cocok dengan konfigurasi 'circle tga'
2026-06-08 11:29:16,103 - src.adapters.telegram.client - INFO - 📥 [PESAN MASUK] Chat ID: -1003765107916 | Nama: 'CIRCLE TGA 🇮🇩' | Teks: 👑 GOLD SELL NOW 👑  PRICE: 4320 - 4323  TP1 🎖: 4317 TP2 🎖: 43...
2026-06-08 11:29:16,105 - src.core.use_cases.monitor_groups - INFO - Pencocokan nama grup berhasil secara partial: 'CIRCLE TGA 🇮🇩' cocok dengan konfigurasi 'circle tga'
2026-06-08 11:29:16,107 - src.core.use_cases.monitor_groups - INFO - Mendeteksi pesan potensial di chat -1003765107916 ('CIRCLE TGA 🇮🇩')...
2026-06-08 11:29:16,112 - src.core.use_cases.monitor_groups - INFO - Sinyal trading GOLD SELL berhasil diparsing menggunakan parser 'price'.
2026-06-08 11:29:16,112 - src.core.use_cases.forward_signal - INFO - Mengirim sinyal terformat ke 1 target...
2026-06-08 11:29:16,113 - src.core.use_cases.forward_signal - INFO - Mengirim sinyal ke target: 'benysutanto' (Chat ID: 375461315)
2026-06-08 11:29:16,113 - src.adapters.telegram.client - INFO - Mengirim pesan ke chat_id: 375461315 - 📢 **NEW SIGNAL RECEIVED - CIRCLE TGA 🇮🇩** 📢

📅 **Date**: 08-06-2026 11:29:16

🔹 **Action**: SELL NOW
🔹 **Range Entry**: 4320 - 4323

🎯 **Target Profit**:
- TP 1: 4317
- TP 2: 4313

🛑 **Stop Loss**: 4328

⚠️ *Jaga Money Management & Entry Pelan-Pelan* 
2026-06-08 11:30:11,706 - src.adapters.telegram.client - INFO - 📥 [PESAN MASUK] Chat ID: 192453686 | Nama: 'Indra_Sitorus' | Teks: 👑 GOLD SELL NOW 👑  PRICE: 4320 - 4323  TP1 🎖: 4316 TP2 🎖: 43...
2026-06-08 11:30:25,398 - src.adapters.telegram.client - INFO - 📥 [PESAN MASUK] Chat ID: -1001048910279 | Nama: 'Lowongan Kerja IT' | Teks: Saya berminat pak, dan saya sudah kirim cv ke alamat emailny...
2026-06-08 11:31:16,891 - src.adapters.telegram.client - INFO - 📥 [PESAN MASUK] Chat ID: -1003765107916 | Nama: 'CIRCLE TGA 🇮🇩' | Teks: Haiyakk langsung biru 😍...
2026-06-08 11:31:16,893 - src.core.use_cases.monitor_groups - INFO - Pencocokan nama grup berhasil secara partial: 'CIRCLE TGA 🇮🇩' cocok dengan konfigurasi 'circle tga'
2026-06-08 11:31:48,365 - src.adapters.telegram.client - INFO - 📥 [PESAN MASUK] Chat ID: 192453686 | Nama: 'Indra_Sitorus' | Teks: gak dapet gw bang...
2026-06-08 11:31:51,672 - src.adapters.telegram.client - INFO - 📥 [PESAN MASUK] Chat ID: 192453686 | Nama: 'Indra_Sitorus' | Teks: pasang di 23...
2026-06-08 11:33:29,341 - src.adapters.telegram.client - INFO - 📥 [PESAN MASUK] Chat ID: -1003765107916 | Nama: 'CIRCLE TGA 🇮🇩' | Teks: HIT TP1 ✅  Permulaan yang bagus 💯...
2026-06-08 11:33:29,343 - src.core.use_cases.monitor_groups - INFO - Pencocokan nama grup berhasil secara partial: 'CIRCLE TGA 🇮🇩' cocok dengan konfigurasi 'circle tga'
2026-06-08 11:33:45,753 - src.adapters.telegram.client - INFO - 📥 [PESAN MASUK] Chat ID: -1003765107916 | Nama: 'CIRCLE TGA 🇮🇩' | Teks: All good semuanya ??...
2026-06-08 11:33:45,754 - src.core.use_cases.monitor_groups - INFO - Pencocokan nama grup berhasil secara partial: 'CIRCLE TGA 🇮🇩' cocok dengan konfigurasi 'circle tga'
2026-06-08 11:34:27,894 - src.adapters.telegram.client - INFO - 📥 [PESAN MASUK] Chat ID: -1003765107916 | Nama: 'CIRCLE TGA 🇮🇩' | Teks: R1   GOLD DONE HIT TP1 😬 Running Blues 55pips ! Hari senin u...
2026-06-08 11:34:27,895 - src.core.use_cases.monitor_groups - INFO - Pencocokan nama grup berhasil secara partial: 'CIRCLE TGA 🇮🇩' cocok dengan konfigurasi 'circle tga'
2026-06-08 11:34:27,895 - src.core.use_cases.monitor_groups - INFO - Mendeteksi pesan potensial di chat -1003765107916 ('CIRCLE TGA 🇮🇩')...
2026-06-08 11:34:27,895 - src.core.use_cases.monitor_groups - INFO - Pesan mentah berhasil dicocokkan dengan kata kunci 'raw_keyword('GOLD DONE HIT TP1')'.
2026-06-08 11:34:27,895 - src.core.use_cases.forward_signal - INFO - Mengirim pesan mentah terformat ke 1 target...
2026-06-08 11:34:27,895 - src.core.use_cases.forward_signal - INFO - Mengirim pesan mentah ke target: 'benysutanto' (Chat ID: 375461315)
2026-06-08 11:34:27,895 - src.adapters.telegram.client - INFO - Mengirim pesan ke chat_id: 375461315 - 📢 **NEW SIGNAL RECEIVED - CIRCLE TGA 🇮🇩** 📢

📅 **Date**: 08-06-2026 11:34:27

R1 

GOLD DONE HIT TP1 😬 Running Blues 55pips ! Hari senin udah pada biruuuu ✅ 
2026-06-08 11:34:43,305 - src.adapters.telegram.client - INFO - 📥 [PESAN MASUK] Chat ID: -1003765107916 | Nama: 'CIRCLE TGA 🇮🇩' | Teks: TERJUNNN WOOOOOOO !!!...
2026-06-08 11:34:43,307 - src.core.use_cases.monitor_groups - INFO - Pencocokan nama grup berhasil secara partial: 'CIRCLE TGA 🇮🇩' cocok dengan konfigurasi 'circle tga'
2026-06-08 11:35:12,738 - src.adapters.telegram.client - INFO - 📥 [PESAN MASUK] Chat ID: -1003745903038 | Nama: 'DISKUSI TradeLikeAris 🇮🇩' | Teks: ALL GOOD!! THANKS @TheRealArisFX 🔥...
2026-06-08 11:35:41,174 - src.adapters.telegram.client - INFO - 📥 [PESAN MASUK] Chat ID: -1001048910279 | Nama: 'Lowongan Kerja IT' | Teks: (1 + 1) @AhmadRenalda, please, send the solution to the arit...
2026-06-08 11:35:55,900 - src.adapters.telegram.client - INFO - 📥 [PESAN MASUK] Chat ID: -1003745903038 | Nama: 'DISKUSI TradeLikeAris 🇮🇩' | Teks: Alhamdulillah...
2026-06-08 11:36:14,421 - src.adapters.telegram.client - INFO - 📥 [PESAN MASUK] Chat ID: -1003745903038 | Nama: 'DISKUSI TradeLikeAris 🇮🇩' | Teks: Aman bang, masuk tipis2, makasihh @TheRealArisFX...
2026-06-08 11:36:16,132 - src.adapters.telegram.client - INFO - 📥 [PESAN MASUK] Chat ID: -1003765107916 | Nama: 'CIRCLE TGA 🇮🇩' | Teks: R1  Sharp entry😎 first setup makan 100pips ! Kalian good ? E...
2026-06-08 11:36:16,132 - src.core.use_cases.monitor_groups - INFO - Pencocokan nama grup berhasil secara partial: 'CIRCLE TGA 🇮🇩' cocok dengan konfigurasi 'circle tga'
2026-06-08 11:36:49,094 - src.adapters.telegram.client - INFO - 📥 [PESAN MASUK] Chat ID: -1003745903038 | Nama: 'DISKUSI TradeLikeAris 🇮🇩' | Teks: Thank bang @TheRealArisFX...
2026-06-08 11:37:30,270 - src.adapters.telegram.client - INFO - 📥 [PESAN MASUK] Chat ID: -1003745903038 | Nama: 'DISKUSI TradeLikeAris 🇮🇩' | Teks: Iyoii sama sam guys !...
2026-06-08 11:37:46,174 - src.adapters.telegram.client - INFO - 📥 [PESAN MASUK] Chat ID: -1003745903038 | Nama: 'DISKUSI TradeLikeAris 🇮🇩' | Teks: Ini orang baru setup pertama udah cuan 100usd ya 😆...
2026-06-08 11:37:58,171 - src.adapters.telegram.client - INFO - 📥 [PESAN MASUK] Chat ID: -1003745903038 | Nama: 'DISKUSI TradeLikeAris 🇮🇩' | Teks: Alhamdulillah.. terima kasih bang @TheRealArisFX 🔥...
2026-06-08 11:38:15,207 - src.adapters.telegram.client - INFO - 📥 [PESAN MASUK] Chat ID: -1003745903038 | Nama: 'DISKUSI TradeLikeAris 🇮🇩' | Teks: Mantap bang udah cuan 500ribu 😆...
2026-06-08 11:38:59,238 - main - INFO - Memulai aplikasi Telegram Signal Listener & Forwarder...
2026-06-08 11:38:59,239 - main - INFO - Konfigurasi berhasil dimuat.
2026-06-08 11:38:59,241 - src.core.use_cases.monitor_groups - INFO - MonitorGroupsUseCase berhasil memperbarui konfigurasi grup sumber secara dinamis.
2026-06-08 11:38:59,241 - src.adapters.telegram.client - INFO - Mendaftarkan handler event pesan baru (Mendengarkan semua chat untuk mempermudah deteksi chat_id)...
2026-06-08 11:38:59,241 - src.adapters.telegram.client - INFO - Memulai sesi Telegram...
2026-06-08 11:38:59,241 - telethon.network.mtprotosender - INFO - Connecting to 91.108.56.191:443/TcpFull...
2026-06-08 11:38:59,262 - telethon.network.mtprotosender - INFO - Connection to 91.108.56.191:443/TcpFull complete!
2026-06-08 11:38:59,452 - src.adapters.telegram.client - INFO - Sesi Telegram berhasil dimulai.
2026-06-08 11:38:59,481 - main - INFO - Otorisasi sukses. Berjalan menggunakan akun: Beny  (@benysutanto)
2026-06-08 11:38:59,481 - main - INFO - Mulai mendengarkan pesan dari 2 grup sumber...
2026-06-08 11:38:59,481 - main - INFO - Sinyal yang valid akan diteruskan ke 2 target.
2026-06-08 11:38:59,481 - src.adapters.telegram.client - INFO - Aplikasi sedang mendengarkan pesan (listening)... Tekan Ctrl+C untuk keluar.
2026-06-08 11:38:59,481 - main - INFO - Memulai background task pemantau file konfigurasi (Hot Reload)...
2026-06-08 11:39:47,887 - src.adapters.telegram.client - INFO - 📥 [PESAN MASUK] Chat ID: -1003745903038 | Nama: 'DISKUSI TradeLikeAris 🇮🇩' | Teks: Big fall...
2026-06-08 11:41:11,749 - src.adapters.telegram.client - INFO - 📥 [PESAN MASUK] Chat ID: -1003745903038 | Nama: 'DISKUSI TradeLikeAris 🇮🇩' | Teks: Ketinggalan...
2026-06-08 11:41:46,204 - src.adapters.telegram.client - INFO - 📥 [PESAN MASUK] Chat ID: -1003745903038 | Nama: 'DISKUSI TradeLikeAris 🇮🇩' | Teks: H1 breakout support, kita fokus sell okay ?...
2026-06-08 11:42:02,232 - src.adapters.telegram.client - INFO - 📥 [PESAN MASUK] Chat ID: -1003745903038 | Nama: 'DISKUSI TradeLikeAris 🇮🇩' | Teks: Tenang masih ada Ronde selanjutnya, ya kan bg @TheRealArisFX...
2026-06-08 11:42:03,473 - src.adapters.telegram.client - INFO - 📥 [PESAN MASUK] Chat ID: -1003745903038 | Nama: 'DISKUSI TradeLikeAris 🇮🇩' | Teks: H1 breakout support, kita fokus sell okay ?...
2026-06-08 11:43:19,641 - src.adapters.telegram.client - INFO - 📥 [PESAN MASUK] Chat ID: -1003745903038 | Nama: 'DISKUSI TradeLikeAris 🇮🇩' | Teks: Asiiap...
2026-06-08 11:43:27,548 - src.adapters.telegram.client - INFO - 📥 [PESAN MASUK] Chat ID: -1003765107916 | Nama: 'CIRCLE TGA 🇮🇩' | Teks: What a crazy movement 😍...
2026-06-08 11:43:27,548 - src.core.use_cases.monitor_groups - INFO - Pencocokan nama grup berhasil secara partial: 'CIRCLE TGA 🇮🇩' cocok dengan konfigurasi 'circle tga'
2026-06-08 11:44:41,649 - src.adapters.telegram.client - INFO - 📥 [PESAN MASUK] Chat ID: -1003745903038 | Nama: 'DISKUSI TradeLikeAris 🇮🇩' | Teks: Ueenak bang aris @TheRealArisFX...
2026-06-08 11:47:23,229 - src.adapters.telegram.client - INFO - 📥 [PESAN MASUK] Chat ID: -1003745903038 | Nama: 'DISKUSI TradeLikeAris 🇮🇩' | Teks: ini Redy braderr.. ganti foto aja wkwkw...
2026-06-08 11:48:59,784 - src.adapters.telegram.client - INFO - 📥 [PESAN MASUK] Chat ID: -1001048910279 | Nama: 'Lowongan Kerja IT' | Teks: 📢 LOWONGAN KERJA – IT SUPPORT 📢 PT Berkat Mahkota Putra memb...
2026-06-08 11:48:59,786 - src.adapters.telegram.client - INFO - 📥 [PESAN MASUK] Chat ID: -1001048910279 | Nama: 'Lowongan Kerja IT' | Teks: #bantushareaja...
2026-06-08 11:51:32,540 - src.adapters.telegram.client - INFO - 📥 [PESAN MASUK] Chat ID: -1001048910279 | Nama: 'Lowongan Kerja IT' | Teks: (5 + 5) @Live_fredinda35, please, send the solution to the a...
2026-06-08 11:51:32,541 - src.adapters.telegram.client - INFO - 📥 [PESAN MASUK] Chat ID: -1001048910279 | Nama: 'Lowongan Kerja IT' | Teks: @Live_fredinda35...
2026-06-08 11:51:40,068 - src.adapters.telegram.client - INFO - 📥 [PESAN MASUK] Chat ID: 192453686 | Nama: 'Indra_Sitorus' | Teks: Eh dah ada?...
2026-06-08 11:51:59,587 - src.adapters.telegram.client - INFO - 📥 [PESAN MASUK] Chat ID: -1001048910279 | Nama: 'Lowongan Kerja IT' | Teks: Halo teman-teman, Saat ini kami sedang mencari freelance / p...
2026-06-08 11:53:42,927 - src.adapters.telegram.client - INFO - 📥 [PESAN MASUK] Chat ID: 192453686 | Nama: 'Indra_Sitorus' | Teks: udah...
2026-06-08 11:53:58,922 - src.adapters.telegram.client - INFO - 📥 [PESAN MASUK] Chat ID: 192453686 | Nama: 'Indra_Sitorus' | Teks: gw jugagak dapat bang gw jaga di atas, ternyata gak naik dul...
2026-06-08 11:54:06,860 - src.adapters.telegram.client - INFO - 📥 [PESAN MASUK] Chat ID: 192453686 | Nama: 'Indra_Sitorus' | Teks: lgs di 4320...
2026-06-08 11:54:27,621 - src.adapters.telegram.client - INFO - 📥 [PESAN MASUK] Chat ID: 192453686 | Nama: 'Indra_Sitorus' | Teks: trendnnya masih sell hari ini...
2026-06-08 11:55:38,834 - src.adapters.telegram.client - INFO - 📥 [PESAN MASUK] Chat ID: -1003765107916 | Nama: 'CIRCLE TGA 🇮🇩' | Teks: Kasih H4 closed dulu untuk next konfirmasi, sekarang harga v...
2026-06-08 11:55:38,836 - src.core.use_cases.monitor_groups - INFO - Pencocokan nama grup berhasil secara partial: 'CIRCLE TGA 🇮🇩' cocok dengan konfigurasi 'circle tga'
2026-06-08 11:56:18,823 - src.adapters.telegram.client - INFO - 📥 [PESAN MASUK] Chat ID: 192453686 | Nama: 'Indra_Sitorus' | Teks: Kasih H4 closed dulu untuk next konfirmasi, sekarang harga v...
2026-06-08 12:03:00,575 - src.adapters.telegram.client - INFO - 📥 [PESAN MASUK] Chat ID: -1003765107916 | Nama: 'CIRCLE TGA 🇮🇩' | Teks: Yukk Ready ! Bismillah...
2026-06-08 12:03:00,577 - src.core.use_cases.monitor_groups - INFO - Pencocokan nama grup berhasil secara partial: 'CIRCLE TGA 🇮🇩' cocok dengan konfigurasi 'circle tga'
2026-06-08 12:03:00,577 - src.core.use_cases.monitor_groups - INFO - Mendeteksi pesan potensial di chat -1003765107916 ('CIRCLE TGA 🇮🇩')...
2026-06-08 12:03:00,578 - src.core.use_cases.monitor_groups - INFO - Pesan mentah berhasil dicocokkan dengan kata kunci 'raw_keyword('Yuk')'.
2026-06-08 12:03:00,578 - src.core.use_cases.forward_signal - INFO - Mengirim pesan mentah terformat ke 2 target...
2026-06-08 12:03:00,578 - src.core.use_cases.forward_signal - INFO - Mengirim pesan mentah ke target: 'benysutanto' (Chat ID: 375461315)
2026-06-08 12:03:00,578 - src.adapters.telegram.client - INFO - Mengirim pesan ke chat_id: 375461315 - 📢 **NEW SIGNAL RECEIVED - CIRCLE TGA 🇮🇩** 📢

📅 **Date**: 08-06-2026 12:03:00

Yukk Ready ! Bismillah 
2026-06-08 12:03:00,629 - src.core.use_cases.forward_signal - INFO - Mengirim pesan mentah ke target: 'Indra_Sitorus' (Chat ID: 192453686)
2026-06-08 12:03:00,630 - src.adapters.telegram.client - INFO - Mengirim pesan ke chat_id: 192453686 - 📢 **NEW SIGNAL RECEIVED - CIRCLE TGA 🇮🇩** 📢

📅 **Date**: 08-06-2026 12:03:00

Yukk Ready ! Bismillah 
2026-06-08 12:03:21,780 - src.adapters.telegram.client - INFO - 📥 [PESAN MASUK] Chat ID: -1003765107916 | Nama: 'CIRCLE TGA 🇮🇩' | Teks: GOLD SELL NOW...
2026-06-08 12:03:21,782 - src.core.use_cases.monitor_groups - INFO - Pencocokan nama grup berhasil secara partial: 'CIRCLE TGA 🇮🇩' cocok dengan konfigurasi 'circle tga'
2026-06-08 12:03:24,530 - src.adapters.telegram.client - INFO - 📥 [PESAN MASUK] Chat ID: -1003765107916 | Nama: 'CIRCLE TGA 🇮🇩' | Teks: Instant ?...
2026-06-08 12:03:24,531 - src.core.use_cases.monitor_groups - INFO - Pencocokan nama grup berhasil secara partial: 'CIRCLE TGA 🇮🇩' cocok dengan konfigurasi 'circle tga'
2026-06-08 12:03:59,578 - telethon.client.updates - INFO - Got difference for channel 1048910279 updates
2026-06-08 12:04:22,449 - src.adapters.telegram.client - INFO - 📥 [PESAN MASUK] Chat ID: -1001189544175 | Nama: 'Quds News Network' | Teks: Direct hits were just reported in the colonial Israeli settl...
2026-06-08 12:04:37,575 - src.adapters.telegram.client - INFO - 📥 [PESAN MASUK] Chat ID: 192453686 | Nama: 'Indra_Sitorus' | Teks: instant bang katanya...
2026-06-08 12:05:18,492 - src.adapters.telegram.client - INFO - 📥 [PESAN MASUK] Chat ID: -1003765107916 | Nama: 'CIRCLE TGA 🇮🇩' | Teks: 👑 GOLD SELL NOW 👑  PRICE: 4315 - 4318  TP1 🎖: 4310 TP2 🎖: 43...
2026-06-08 12:05:18,492 - src.core.use_cases.monitor_groups - INFO - Pencocokan nama grup berhasil secara partial: 'CIRCLE TGA 🇮🇩' cocok dengan konfigurasi 'circle tga'
2026-06-08 12:05:18,492 - src.core.use_cases.monitor_groups - INFO - Mendeteksi pesan potensial di chat -1003765107916 ('CIRCLE TGA 🇮🇩')...
2026-06-08 12:05:18,494 - src.core.use_cases.monitor_groups - INFO - Sinyal trading GOLD SELL berhasil diparsing menggunakan parser 'price'.
2026-06-08 12:05:18,495 - src.core.use_cases.forward_signal - INFO - Mengirim sinyal terformat ke 2 target...
2026-06-08 12:05:18,495 - src.core.use_cases.forward_signal - INFO - Mengirim sinyal ke target: 'benysutanto' (Chat ID: 375461315)
2026-06-08 12:05:18,495 - src.adapters.telegram.client - INFO - Mengirim pesan ke chat_id: 375461315 - 📢 **NEW SIGNAL RECEIVED - CIRCLE TGA 🇮🇩** 📢

📅 **Date**: 08-06-2026 12:05:18

🔹 **Action**: SELL NOW
🔹 **Range Entry**: 4315 - 4318

🎯 **Target Profit**:
- TP 1: 4310
- TP 2: 4305

🛑 **Stop Loss**: 4322

⚠️ *Jaga Money Management & Entry Pelan-Pelan* 
2026-06-08 12:05:18,573 - src.core.use_cases.forward_signal - INFO - Mengirim sinyal ke target: 'Indra_Sitorus' (Chat ID: 192453686)
2026-06-08 12:05:18,573 - src.adapters.telegram.client - INFO - Mengirim pesan ke chat_id: 192453686 - 📢 **NEW SIGNAL RECEIVED - CIRCLE TGA 🇮🇩** 📢

📅 **Date**: 08-06-2026 12:05:18

🔹 **Action**: SELL NOW
🔹 **Range Entry**: 4315 - 4318

🎯 **Target Profit**:
- TP 1: 4310
- TP 2: 4305

🛑 **Stop Loss**: 4322

⚠️ *Jaga Money Management & Entry Pelan-Pelan* 
2026-06-08 12:07:02,125 - src.adapters.telegram.client - INFO - 📥 [PESAN MASUK] Chat ID: -1003765107916 | Nama: 'CIRCLE TGA 🇮🇩' | Teks: Mengerikannnn 😍...
2026-06-08 12:07:02,126 - src.core.use_cases.monitor_groups - INFO - Pencocokan nama grup berhasil secara partial: 'CIRCLE TGA 🇮🇩' cocok dengan konfigurasi 'circle tga'
2026-06-08 12:07:44,492 - src.adapters.telegram.client - INFO - 📥 [PESAN MASUK] Chat ID: 5964796917 | Nama: 'TheRealArisFX' | Teks: Bismillah buat minggu nih...
2026-06-08 12:07:53,741 - src.adapters.telegram.client - INFO - 📥 [PESAN MASUK] Chat ID: -1003765107916 | Nama: 'CIRCLE TGA 🇮🇩' | Teks: All good ???...
2026-06-08 12:07:53,743 - src.core.use_cases.monitor_groups - INFO - Pencocokan nama grup berhasil secara partial: 'CIRCLE TGA 🇮🇩' cocok dengan konfigurasi 'circle tga'
2026-06-08 12:08:59,799 - src.adapters.telegram.client - INFO - 📥 [PESAN MASUK] Chat ID: -1003745903038 | Nama: 'DISKUSI TradeLikeAris 🇮🇩' | Teks: R2 INSTANT! Alhamdulillah barakallah thanks again @TheRealAr...
2026-06-08 12:10:02,045 - src.adapters.telegram.client - INFO - 📥 [PESAN MASUK] Chat ID: 5964796917 | Nama: 'TheRealArisFX' | Teks: Siapbang,...
2026-06-08 12:10:23,269 - src.adapters.telegram.client - INFO - 📥 [PESAN MASUK] Chat ID: 5964796917 | Nama: 'TheRealArisFX' | Teks: Barusan masuk...
2026-06-08 12:10:25,558 - src.adapters.telegram.client - INFO - 📥 [PESAN MASUK] Chat ID: -1003765107916 | Nama: 'CIRCLE TGA 🇮🇩' | Teks: R2   GOLD DONE HIT TP1 😬 Running biru lagi 60pips ✅ instruks...
2026-06-08 12:10:25,559 - src.core.use_cases.monitor_groups - INFO - Pencocokan nama grup berhasil secara partial: 'CIRCLE TGA 🇮🇩' cocok dengan konfigurasi 'circle tga'
2026-06-08 12:10:25,559 - src.core.use_cases.monitor_groups - INFO - Mendeteksi pesan potensial di chat -1003765107916 ('CIRCLE TGA 🇮🇩')...
2026-06-08 12:10:25,559 - src.core.use_cases.monitor_groups - INFO - Pesan mentah berhasil dicocokkan dengan kata kunci 'raw_keyword('GOLD DONE HIT TP1')'.
2026-06-08 12:10:25,559 - src.core.use_cases.forward_signal - INFO - Mengirim pesan mentah terformat ke 2 target...
2026-06-08 12:10:25,559 - src.core.use_cases.forward_signal - INFO - Mengirim pesan mentah ke target: 'benysutanto' (Chat ID: 375461315)
2026-06-08 12:10:25,559 - src.adapters.telegram.client - INFO - Mengirim pesan ke chat_id: 375461315 - 📢 **NEW SIGNAL RECEIVED - CIRCLE TGA 🇮🇩** 📢

📅 **Date**: 08-06-2026 12:10:25

R2 

GOLD DONE HIT TP1 😬 Running biru lagi 60pips ✅ instruksi udah di kirim untuk pencet SELL & alhamdulillah running monday blues 💯 
2026-06-08 12:10:25,608 - src.core.use_cases.forward_signal - INFO - Mengirim pesan mentah ke target: 'Indra_Sitorus' (Chat ID: 192453686)
2026-06-08 12:10:25,608 - src.adapters.telegram.client - INFO - Mengirim pesan ke chat_id: 192453686 - 📢 **NEW SIGNAL RECEIVED - CIRCLE TGA 🇮🇩** 📢

📅 **Date**: 08-06-2026 12:10:25

R2 

GOLD DONE HIT TP1 😬 Running biru lagi 60pips ✅ instruksi udah di kirim untuk pencet SELL & alhamdulillah running monday blues 💯 
2026-06-08 12:10:42,814 - src.adapters.telegram.client - INFO - 📥 [PESAN MASUK] Chat ID: -1003745903038 | Nama: 'DISKUSI TradeLikeAris 🇮🇩' | Teks: Thanks abangku @TheRealArisFX 🔥🔥🔥🔥😍...
2026-06-08 12:10:44,778 - src.adapters.telegram.client - INFO - 📥 [PESAN MASUK] Chat ID: -1003745903038 | Nama: 'DISKUSI TradeLikeAris 🇮🇩' | Teks: Thank again bang @TheRealArisFX...
2026-06-08 12:11:23,440 - src.adapters.telegram.client - INFO - 📥 [PESAN MASUK] Chat ID: -1001876701379 | Nama: 'AnTek Saham Channel' | Teks: IHSG di sesi 1 terlihat konsolidasi di area support trendlin...
2026-06-08 12:11:23,445 - src.adapters.telegram.client - INFO - 📥 [PESAN MASUK] Chat ID: -1001189544175 | Nama: 'Quds News Network' | Teks: Damage reported in an Israeli outpost near the colonial sett...
2026-06-08 12:11:23,446 - src.adapters.telegram.client - INFO - 📥 [PESAN MASUK] Chat ID: -1002049259647 | Nama: 'Diskusi Channel AnTek Saham' | Teks: IHSG di sesi 1 terlihat konsolidasi di area support trendlin...
2026-06-08 12:13:17,033 - src.adapters.telegram.client - INFO - 📥 [PESAN MASUK] Chat ID: -1003745903038 | Nama: 'DISKUSI TradeLikeAris 🇮🇩' | Teks: All good ya semua ❤️ Alhamdulillah...
2026-06-08 12:14:26,571 - src.adapters.telegram.client - INFO - 📥 [PESAN MASUK] Chat ID: -1003765107916 | Nama: 'CIRCLE TGA 🇮🇩' | Teks: Lihat Goldnya guys 😆...
2026-06-08 12:14:26,572 - src.core.use_cases.monitor_groups - INFO - Pencocokan nama grup berhasil secara partial: 'CIRCLE TGA 🇮🇩' cocok dengan konfigurasi 'circle tga'
2026-06-08 12:14:27,694 - src.adapters.telegram.client - INFO - 📥 [PESAN MASUK] Chat ID: -1003745903038 | Nama: 'DISKUSI TradeLikeAris 🇮🇩' | Teks: Makasih bng aris...
2026-06-08 12:15:38,714 - src.adapters.telegram.client - INFO - 📥 [PESAN MASUK] Chat ID: -1003745903038 | Nama: 'DISKUSI TradeLikeAris 🇮🇩' | Teks: Telat akhirnya tp2 aj ambilnya...
2026-06-08 12:16:23,716 - src.adapters.telegram.client - INFO - 📥 [PESAN MASUK] Chat ID: -1003765107916 | Nama: 'CIRCLE TGA 🇮🇩' | Teks: R1 160pips R2 100pips  Alhamdulillah setup kedua TERJUN BEBA...
2026-06-08 12:16:23,717 - src.core.use_cases.monitor_groups - INFO - Pencocokan nama grup berhasil secara partial: 'CIRCLE TGA 🇮🇩' cocok dengan konfigurasi 'circle tga'
2026-06-08 12:17:08,392 - src.adapters.telegram.client - INFO - 📥 [PESAN MASUK] Chat ID: -1003745903038 | Nama: 'DISKUSI TradeLikeAris 🇮🇩' | Teks: Gilan14 rb dolar wkwkw baru brp menit...
2026-06-08 12:20:11,653 - src.adapters.telegram.client - INFO - 📥 [PESAN MASUK] Chat ID: 5964796917 | Nama: 'TheRealArisFX' | Teks: Saya TP duluan bang, jakarta sdh masuk adzan, berikutnya in ...
2026-06-08 12:20:12,022 - src.adapters.telegram.client - INFO - 📥 [PESAN MASUK] Chat ID: -1003765107916 | Nama: 'CIRCLE TGA 🇮🇩' | Teks: Tp aja dulu huys, baru jam 12 ya kan ? Lagi pun kita entry d...
2026-06-08 12:20:12,068 - src.core.use_cases.monitor_groups - INFO - Pencocokan nama grup berhasil secara partial: 'CIRCLE TGA 🇮🇩' cocok dengan konfigurasi 'circle tga'
2026-06-08 12:21:00,607 - telethon.client.updates - INFO - Got difference for channel 2049259647 updates
2026-06-08 12:21:34,106 - src.adapters.telegram.client - INFO - 📥 [PESAN MASUK] Chat ID: 192453686 | Nama: 'Indra_Sitorus' | Teks: aman bang?...
2026-06-08 12:21:57,406 - src.adapters.telegram.client - INFO - 📥 [PESAN MASUK] Chat ID: -1003745903038 | Nama: 'DISKUSI TradeLikeAris 🇮🇩' | Teks: Bang...
2026-06-08 12:22:02,237 - src.adapters.telegram.client - INFO - 📥 [PESAN MASUK] Chat ID: -1003745903038 | Nama: 'DISKUSI TradeLikeAris 🇮🇩' | Teks: Re entry boleh kah...
2026-06-08 12:22:28,195 - src.adapters.telegram.client - INFO - 📥 [PESAN MASUK] Chat ID: 192453686 | Nama: 'Indra_Sitorus' | Teks: Aman $23...
2026-06-08 12:22:46,639 - src.adapters.telegram.client - INFO - 📥 [PESAN MASUK] Chat ID: 192453686 | Nama: 'Indra_Sitorus' | Teks: Ngak nyangka siang bener dah masuk...
2026-06-08 12:23:16,123 - src.adapters.telegram.client - INFO - 📥 [PESAN MASUK] Chat ID: -1003745903038 | Nama: 'DISKUSI TradeLikeAris 🇮🇩' | Teks: Tp aja dulu huys, baru jam 12 ya kan ? Lagi pun kita entry d...
2026-06-08 12:23:32,101 - src.adapters.telegram.client - INFO - 📥 [PESAN MASUK] Chat ID: -1003745903038 | Nama: 'DISKUSI TradeLikeAris 🇮🇩' | Teks: Sudah lampu kuning Fadil riskan...
2026-06-08 12:25:45,108 - src.adapters.telegram.client - INFO - 📥 [PESAN MASUK] Chat ID: 192453686 | Nama: 'Indra_Sitorus' | Teks: wah gede...
2026-06-08 12:25:56,702 - src.adapters.telegram.client - INFO - 📥 [PESAN MASUK] Chat ID: 192453686 | Nama: 'Indra_Sitorus' | Teks: gw dapat 5, dah keburun Adzan, gw TP duluan...
2026-06-08 12:26:10,937 - src.adapters.telegram.client - INFO - 📥 [PESAN MASUK] Chat ID: 192453686 | Nama: 'Indra_Sitorus' | Teks: udah pasang TP 1, tapi nanti gak tenanga...
2026-06-08 12:27:14,687 - src.adapters.telegram.client - INFO - 📥 [PESAN MASUK] Chat ID: 192453686 | Nama: 'Indra_Sitorus' | Teks: Td aku masuknya juga telat om Ben...
2026-06-08 12:27:25,926 - src.adapters.telegram.client - INFO - 📥 [PESAN MASUK] Chat ID: 192453686 | Nama: 'Indra_Sitorus' | Teks: Setelah tp1...
2026-06-08 12:27:42,605 - src.adapters.telegram.client - INFO - 📥 [PESAN MASUK] Chat ID: 192453686 | Nama: 'Indra_Sitorus' | Teks: Tp pakai layer 6...
2026-06-08 12:27:53,400 - src.adapters.telegram.client - INFO - 📥 [PESAN MASUK] Chat ID: 192453686 | Nama: 'Indra_Sitorus' | Teks: 0.02 ada 2, 0.01 ada 2...
2026-06-08 12:28:47,167 - src.adapters.telegram.client - INFO - 📥 [PESAN MASUK] Chat ID: -1001189544175 | Nama: 'Quds News Network' | Teks: Israeli settler militias are letting their cows graze on Pal...
2026-06-08 12:28:49,878 - src.adapters.telegram.client - INFO - 📥 [PESAN MASUK] Chat ID: 192453686 | Nama: 'Indra_Sitorus' | Teks: Cuman masuk ke dua...
2026-06-08 12:28:56,052 - src.adapters.telegram.client - INFO - 📥 [PESAN MASUK] Chat ID: 192453686 | Nama: 'Indra_Sitorus' | Teks: Yg ke1 td baru sampai rumah...
2026-06-08 12:28:56,980 - src.adapters.telegram.client - INFO - 📥 [PESAN MASUK] Chat ID: -1003745903038 | Nama: 'DISKUSI TradeLikeAris 🇮🇩' | Teks: Sudah ada warning Fadil . Bahaya...
2026-06-08 12:29:14,671 - src.adapters.telegram.client - INFO - 📥 [PESAN MASUK] Chat ID: -1001048910279 | Nama: 'Lowongan Kerja IT' | Teks: (8 + 8) Acak Acak, please, send the solution to the arithmet...
2026-06-08 12:29:20,158 - src.adapters.telegram.client - INFO - 📥 [PESAN MASUK] Chat ID: 192453686 | Nama: 'Indra_Sitorus' | Teks: sama, gw juga masuk ke 2 bang...
2026-06-08 12:29:24,415 - telethon.client.updates - INFO - Got difference for channel 3745903038 updates
2026-06-08 12:29:50,483 - src.adapters.telegram.client - INFO - 📥 [PESAN MASUK] Chat ID: 192453686 | Nama: 'Indra_Sitorus' | Teks: ini tadi nambah 3 transaksi lagi...
2026-06-08 12:29:53,593 - src.adapters.telegram.client - INFO - 📥 [PESAN MASUK] Chat ID: 192453686 | Nama: 'Indra_Sitorus' | Teks: di XM tapi...
2026-06-08 12:30:07,526 - src.adapters.telegram.client - INFO - 📥 [PESAN MASUK] Chat ID: 192453686 | Nama: 'Indra_Sitorus' | Teks: Ini login hari ini...
2026-06-08 12:30:17,052 - src.adapters.telegram.client - INFO - 📥 [PESAN MASUK] Chat ID: -1001048910279 | Nama: 'Lowongan Kerja IT' | Teks: Lagi cari teknisi cctv untuk join tim infra kami. Kriteria: ...
2026-06-08 12:30:26,704 - src.adapters.telegram.client - INFO - 📥 [PESAN MASUK] Chat ID: 192453686 | Nama: 'Indra_Sitorus' | Teks: wih ambril bang...
2026-06-08 12:30:36,265 - src.adapters.telegram.client - INFO - 📥 [PESAN MASUK] Chat ID: 192453686 | Nama: 'Indra_Sitorus' | Teks: sadis...
2026-06-08 12:30:37,825 - src.adapters.telegram.client - INFO - 📥 [PESAN MASUK] Chat ID: 192453686 | Nama: 'Indra_Sitorus' | Teks: Dah telat...
2026-06-08 12:30:38,494 - src.adapters.telegram.client - INFO - 📥 [PESAN MASUK] Chat ID: 192453686 | Nama: 'Indra_Sitorus' | Teks: 100pips\...
2026-06-08 12:30:39,043 - src.adapters.telegram.client - INFO - 📥 [PESAN MASUK] Chat ID: 192453686 | Nama: 'Indra_Sitorus' | Teks: hahaha...
2026-06-08 12:30:43,382 - src.adapters.telegram.client - INFO - 📥 [PESAN MASUK] Chat ID: 192453686 | Nama: 'Indra_Sitorus' | Teks: mau masuk ragu barusan...
2026-06-08 12:30:45,671 - src.adapters.telegram.client - INFO - 📥 [PESAN MASUK] Chat ID: 192453686 | Nama: 'Indra_Sitorus' | Teks: Aku lg analisa...
2026-06-08 12:30:48,807 - src.adapters.telegram.client - INFO - 📥 [PESAN MASUK] Chat ID: 192453686 | Nama: 'Indra_Sitorus' | Teks: Dah turun aja...
2026-06-08 12:30:57,605 - src.adapters.telegram.client - INFO - 📥 [PESAN MASUK] Chat ID: -1001048910279 | Nama: 'Lowongan Kerja IT' | Teks: Halo semuanyaa saya sedang mencari IT operation, jika dari k...
2026-06-08 12:31:01,629 - src.adapters.telegram.client - INFO - 📥 [PESAN MASUK] Chat ID: 5964796917 | Nama: 'TheRealArisFX' | Teks: Amannnnnn...
2026-06-08 12:31:11,049 - src.adapters.telegram.client - INFO - 📥 [PESAN MASUK] Chat ID: 192453686 | Nama: 'Indra_Sitorus' | Teks: naik lg nih...
2026-06-08 12:31:16,366 - src.adapters.telegram.client - INFO - 📥 [PESAN MASUK] Chat ID: 192453686 | Nama: 'Indra_Sitorus' | Teks: tapi gw mau jemput anak...
2026-06-08 12:31:47,053 - src.adapters.telegram.client - INFO - 📥 [PESAN MASUK] Chat ID: -1001048910279 | Nama: 'Lowongan Kerja IT' | Teks: I'm looking for a software engineer/programmer yg dailynya p...
2026-06-08 12:34:26,845 - src.adapters.telegram.client - INFO - 📥 [PESAN MASUK] Chat ID: -1001048910279 | Nama: 'Lowongan Kerja IT' | Teks: gez, gue masih open patner buat ngajar coding di sekolah nih...
2026-06-08 12:34:51,098 - src.adapters.telegram.client - INFO - 📥 [PESAN MASUK] Chat ID: 192453686 | Nama: 'Indra_Sitorus' | Teks: Jatuh lg tuh...
2026-06-08 12:35:12,594 - src.adapters.telegram.client - INFO - 📥 [PESAN MASUK] Chat ID: -1003765107916 | Nama: 'CIRCLE TGA 🇮🇩' | Teks: Anjay gold 🤣...
2026-06-08 12:35:12,595 - src.core.use_cases.monitor_groups - INFO - Pencocokan nama grup berhasil secara partial: 'CIRCLE TGA 🇮🇩' cocok dengan konfigurasi 'circle tga'
2026-06-08 12:36:05,877 - src.adapters.telegram.client - INFO - 📥 [PESAN MASUK] Chat ID: -1003765107916 | Nama: 'CIRCLE TGA 🇮🇩' | Teks: TERJUN BEBASSS 330PIPS !   Ada yang Hold keras bareng Aris g...
2026-06-08 12:36:05,878 - src.core.use_cases.monitor_groups - INFO - Pencocokan nama grup berhasil secara partial: 'CIRCLE TGA 🇮🇩' cocok dengan konfigurasi 'circle tga'
2026-06-08 12:45:38,349 - telethon.network.connection.connection - WARNING - Server closed the connection: [Errno 60] Operation timed out
2026-06-08 12:45:38,352 - telethon.network.mtprotosender - INFO - Connection closed while receiving data: [Errno 60] Operation timed out
2026-06-08 12:45:38,352 - telethon.network.mtprotosender - INFO - Closing current connection to begin reconnect...
2026-06-08 12:45:38,353 - telethon.network.connection.connection - WARNING - Graceful disconnection timed out, forcibly ignoring cleanup
2026-06-08 12:45:38,353 - telethon.network.mtprotosender - INFO - Connecting to 91.108.56.191:443/TcpFull...
2026-06-08 12:45:38,378 - telethon.network.mtprotosender - INFO - Connection to 91.108.56.191:443/TcpFull complete!
2026-06-08 12:45:46,962 - telethon.client.updates - INFO - Got difference for channel 1717096742 updates
2026-06-08 12:45:46,963 - src.adapters.telegram.client - INFO - 📥 [PESAN MASUK] Chat ID: -1001717096742 | Nama: 'Trade Gaya ARIS' | Teks: R1  Sharp entry😎 first setup makan 100pips ! Kalian good ? E...
2026-06-08 12:45:46,963 - src.adapters.telegram.client - INFO - 📥 [PESAN MASUK] Chat ID: -1001717096742 | Nama: 'Trade Gaya ARIS' | Teks: R1 160pips R2 100pips  Alhamdulillah setup kedua TERJUN BEBA...
2026-06-08 12:45:46,963 - src.adapters.telegram.client - INFO - 📥 [PESAN MASUK] Chat ID: -1001717096742 | Nama: 'Trade Gaya ARIS' | Teks: TERJUN BEBASSS 330PIPS !   Ada yang Hold keras bareng Aris g...
2026-06-08 12:45:54,702 - telethon.client.updates - INFO - Got difference for account updates
2026-06-08 12:45:54,703 - src.adapters.telegram.client - INFO - 📥 [PESAN MASUK] Chat ID: 192453686 | Nama: 'Indra_Sitorus' | Teks: wih iya...
2026-06-08 12:45:54,703 - src.adapters.telegram.client - INFO - 📥 [PESAN MASUK] Chat ID: 192453686 | Nama: 'Indra_Sitorus' | Teks: 200 bang...
2026-06-08 12:46:34,981 - src.adapters.telegram.client - INFO - 📥 [PESAN MASUK] Chat ID: 192453686 | Nama: 'Indra_Sitorus' | Teks: masuk lg dia di 4314...
2026-06-08 12:52:22,644 - telethon.client.updates - INFO - Got difference for channel 3745903038 updates
2026-06-08 12:52:22,646 - src.adapters.telegram.client - INFO - 📥 [PESAN MASUK] Chat ID: -1003745903038 | Nama: 'DISKUSI TradeLikeAris 🇮🇩' | Teks: Crazy mah ini Gold...
2026-06-08 12:53:48,208 - telethon.client.updates - INFO - Got difference for channel 3765107916 updates
2026-06-08 12:53:48,210 - src.adapters.telegram.client - INFO - 📥 [PESAN MASUK] Chat ID: -1003765107916 | Nama: 'CIRCLE TGA 🇮🇩' | Teks: Superrrrrrr volatileeeeeee...
2026-06-08 12:53:48,210 - src.core.use_cases.monitor_groups - INFO - Pencocokan nama grup berhasil secara partial: 'CIRCLE TGA 🇮🇩' cocok dengan konfigurasi 'circle tga'
2026-06-08 12:53:48,754 - telethon.client.updates - INFO - Got difference for channel 1048910279 updates
2026-06-08 12:53:48,755 - src.adapters.telegram.client - INFO - 📥 [PESAN MASUK] Chat ID: -1001048910279 | Nama: 'Lowongan Kerja IT' | Teks: Desain grafis bukan sekadar membuat visual yang menarik. Seb...
2026-06-08 12:53:48,755 - src.adapters.telegram.client - INFO - 📥 [PESAN MASUK] Chat ID: -1001048910279 | Nama: 'Lowongan Kerja IT' | Teks: wuiih thx berat mas...
2026-06-08 12:53:48,755 - src.adapters.telegram.client - INFO - 📥 [PESAN MASUK] Chat ID: -1001048910279 | Nama: 'Lowongan Kerja IT' | Teks: #bantushareaja...
2026-06-08 12:53:48,755 - src.adapters.telegram.client - INFO - 📥 [PESAN MASUK] Chat ID: -1001048910279 | Nama: 'Lowongan Kerja IT' | Teks: OMNI IT CONSULTING IS HIRING Mobile / Backend Developer Hybr...
2026-06-08 12:59:20,679 - telethon.client.updates - INFO - Got difference for channel 1189544175 updates
2026-06-08 12:59:20,681 - src.adapters.telegram.client - INFO - 📥 [PESAN MASUK] Chat ID: -1001189544175 | Nama: 'Quds News Network' | Teks: Israeli Army Radio reports that military assessments indicat...
2026-06-08 13:00:47,012 - src.adapters.telegram.client - INFO - 📥 [PESAN MASUK] Chat ID: -1001189544175 | Nama: 'Quds News Network' | Teks: Israeli occupation bulldozers are heading to the town of Bar...
2026-06-08 13:02:20,416 - src.adapters.telegram.client - INFO - 📥 [PESAN MASUK] Chat ID: -1001189544175 | Nama: 'Quds News Network' | Teks: At least nine Palestinians were killed within a few hours on...
2026-06-08 13:03:20,448 - src.adapters.telegram.client - INFO - 📥 [PESAN MASUK] Chat ID: -1002049259647 | Nama: 'Diskusi Channel AnTek Saham' | Teks: Short BTC Entry:62632 TP 1:61254 TP 2:60029 TP Swing:58828 S...
2026-06-08 13:20:45,582 - telethon.network.connection.connection - WARNING - Server closed the connection: [Errno 60] Operation timed out
2026-06-08 13:20:45,584 - telethon.network.mtprotosender - INFO - Connection closed while receiving data: [Errno 60] Operation timed out
2026-06-08 13:20:45,584 - telethon.network.mtprotosender - INFO - Closing current connection to begin reconnect...
2026-06-08 13:20:45,585 - telethon.network.connection.connection - WARNING - Graceful disconnection timed out, forcibly ignoring cleanup
2026-06-08 13:20:45,586 - telethon.network.mtprotosender - INFO - Connecting to 91.108.56.191:443/TcpFull...
2026-06-08 13:20:45,607 - telethon.network.mtprotosender - INFO - Connection to 91.108.56.191:443/TcpFull complete!
2026-06-08 13:20:45,631 - telethon.network.mtprotostate - WARNING - Server resent the older message 7648905735867894785, ignoring
2026-06-08 13:24:55,385 - telethon.client.updates - INFO - Got difference for channel 3765107916 updates
2026-06-08 13:24:55,387 - src.adapters.telegram.client - INFO - 📥 [PESAN MASUK] Chat ID: -1003765107916 | Nama: 'CIRCLE TGA 🇮🇩' | Teks: CHANNEL LAIN LAGI TIDUR, CIRCLE TGA UDAH MAKAN RATUSAN PIPS!...
2026-06-08 13:24:55,387 - src.core.use_cases.monitor_groups - INFO - Pencocokan nama grup berhasil secara partial: 'CIRCLE TGA 🇮🇩' cocok dengan konfigurasi 'circle tga'
2026-06-08 13:24:55,930 - telethon.client.updates - INFO - Got difference for channel 1048910279 updates
2026-06-08 13:24:55,931 - src.adapters.telegram.client - INFO - 📥 [PESAN MASUK] Chat ID: -1001048910279 | Nama: 'Lowongan Kerja IT' | Teks: Hello Everyone !! We are looking "Technical Writer" role for...
2026-06-08 13:33:26,575 - src.adapters.telegram.client - INFO - 📥 [PESAN MASUK] Chat ID: -1003765107916 | Nama: 'CIRCLE TGA 🇮🇩' | Teks: Guys yuk ready...
2026-06-08 13:33:26,576 - src.core.use_cases.monitor_groups - INFO - Pencocokan nama grup berhasil secara partial: 'CIRCLE TGA 🇮🇩' cocok dengan konfigurasi 'circle tga'
2026-06-08 13:33:26,576 - src.core.use_cases.monitor_groups - INFO - Mendeteksi pesan potensial di chat -1003765107916 ('CIRCLE TGA 🇮🇩')...
2026-06-08 13:33:26,576 - src.core.use_cases.monitor_groups - INFO - Pesan mentah berhasil dicocokkan dengan kata kunci 'raw_keyword('Yuk')'.
2026-06-08 13:33:26,577 - src.core.use_cases.forward_signal - INFO - Mengirim pesan mentah terformat ke 2 target...
2026-06-08 13:33:26,577 - src.core.use_cases.forward_signal - INFO - Mengirim pesan mentah ke target: 'benysutanto' (Chat ID: 375461315)
2026-06-08 13:33:26,577 - src.adapters.telegram.client - INFO - Mengirim pesan ke chat_id: 375461315 - 📢 **NEW SIGNAL RECEIVED - CIRCLE TGA 🇮🇩** 📢

📅 **Date**: 08-06-2026 13:33:26

Guys yuk ready 
2026-06-08 13:33:26,580 - src.adapters.telegram.client - INFO - 📥 [PESAN MASUK] Chat ID: -1003765107916 | Nama: 'CIRCLE TGA 🇮🇩' | Teks: M5 sideways pecah atas, kita ready buy...
2026-06-08 13:33:26,580 - src.core.use_cases.monitor_groups - INFO - Pencocokan nama grup berhasil secara partial: 'CIRCLE TGA 🇮🇩' cocok dengan konfigurasi 'circle tga'
2026-06-08 13:33:26,580 - src.core.use_cases.monitor_groups - INFO - Mendeteksi pesan potensial di chat -1003765107916 ('CIRCLE TGA 🇮🇩')...
2026-06-08 13:33:26,580 - src.core.use_cases.monitor_groups - INFO - Pesan mentah berhasil dicocokkan dengan kata kunci 'raw_keyword('ready')'.
2026-06-08 13:33:26,580 - src.core.use_cases.forward_signal - INFO - Mengirim pesan mentah terformat ke 2 target...
2026-06-08 13:33:26,580 - src.core.use_cases.forward_signal - INFO - Mengirim pesan mentah ke target: 'benysutanto' (Chat ID: 375461315)
2026-06-08 13:33:26,580 - src.adapters.telegram.client - INFO - Mengirim pesan ke chat_id: 375461315 - 📢 **NEW SIGNAL RECEIVED - CIRCLE TGA 🇮🇩** 📢

📅 **Date**: 08-06-2026 13:33:26

M5 sideways pecah atas, kita ready buy 
2026-06-08 13:33:26,601 - src.adapters.telegram.client - INFO - 📥 [PESAN MASUK] Chat ID: -1001876701379 | Nama: 'AnTek Saham Channel' | Teks: Sesi 1 tgl 8 Juni 2026 Net Foreign SELL 325 miliar...
2026-06-08 13:33:26,609 - src.adapters.telegram.client - INFO - 📥 [PESAN MASUK] Chat ID: -1002049259647 | Nama: 'Diskusi Channel AnTek Saham' | Teks: Sesi 1 tgl 8 Juni 2026 Net Foreign SELL 325 miliar...
2026-06-08 13:33:26,622 - src.core.use_cases.forward_signal - INFO - Mengirim pesan mentah ke target: 'Indra_Sitorus' (Chat ID: 192453686)
2026-06-08 13:33:26,622 - src.adapters.telegram.client - INFO - Mengirim pesan ke chat_id: 192453686 - 📢 **NEW SIGNAL RECEIVED - CIRCLE TGA 🇮🇩** 📢

📅 **Date**: 08-06-2026 13:33:26

Guys yuk ready 
2026-06-08 13:33:26,623 - telethon.client.updates - INFO - Got difference for account updates
2026-06-08 13:33:26,623 - src.adapters.telegram.client - INFO - 📥 [PESAN MASUK] Chat ID: -1001048910279 | Nama: 'Lowongan Kerja IT' | Teks: #opentowork #butuhkerjaan #hireme #freelance #fulltime #onsi...
2026-06-08 13:33:26,629 - src.core.use_cases.forward_signal - INFO - Mengirim pesan mentah ke target: 'Indra_Sitorus' (Chat ID: 192453686)
2026-06-08 13:33:26,629 - src.adapters.telegram.client - INFO - Mengirim pesan ke chat_id: 192453686 - 📢 **NEW SIGNAL RECEIVED - CIRCLE TGA 🇮🇩** 📢

📅 **Date**: 08-06-2026 13:33:26

M5 sideways pecah atas, kita ready buy 
2026-06-08 13:33:26,669 - telethon.client.updates - INFO - Got difference for channel 3765107916 updates
2026-06-08 13:33:26,671 - src.adapters.telegram.client - INFO - 📥 [PESAN MASUK] Chat ID: -1003765107916 | Nama: 'CIRCLE TGA 🇮🇩' | Teks: GOLD BUY NOW...
2026-06-08 13:33:26,671 - src.core.use_cases.monitor_groups - INFO - Pencocokan nama grup berhasil secara partial: 'CIRCLE TGA 🇮🇩' cocok dengan konfigurasi 'circle tga'
2026-06-08 13:33:26,671 - src.adapters.telegram.client - INFO - 📥 [PESAN MASUK] Chat ID: -1003765107916 | Nama: 'CIRCLE TGA 🇮🇩' | Teks: 👑 GOLD BUY NOW 👑  PRICE: 4303 - 4300  TP1 🎖: 4307 TP2 🎖: 431...
2026-06-08 13:33:26,671 - src.core.use_cases.monitor_groups - INFO - Pencocokan nama grup berhasil secara partial: 'CIRCLE TGA 🇮🇩' cocok dengan konfigurasi 'circle tga'
2026-06-08 13:33:26,671 - src.core.use_cases.monitor_groups - INFO - Mendeteksi pesan potensial di chat -1003765107916 ('CIRCLE TGA 🇮🇩')...
2026-06-08 13:33:26,671 - src.core.use_cases.monitor_groups - INFO - Sinyal trading GOLD BUY berhasil diparsing menggunakan parser 'price'.
2026-06-08 13:33:26,671 - src.core.use_cases.forward_signal - INFO - Mengirim sinyal terformat ke 2 target...
2026-06-08 13:33:26,671 - src.core.use_cases.forward_signal - INFO - Mengirim sinyal ke target: 'benysutanto' (Chat ID: 375461315)
2026-06-08 13:33:26,671 - src.adapters.telegram.client - INFO - Mengirim pesan ke chat_id: 375461315 - 📢 **NEW SIGNAL RECEIVED - CIRCLE TGA 🇮🇩** 📢

📅 **Date**: 08-06-2026 13:33:26

🔹 **Action**: BUY NOW
🔹 **Range Entry**: 4300 - 4303

🎯 **Target Profit**:
- TP 1: 4307
- TP 2: 4312

🛑 **Stop Loss**: 4296

⚠️ *Jaga Money Management & Entry Pelan-Pelan* 
2026-06-08 13:33:26,718 - telethon.client.updates - INFO - Got difference for channel 1189544175 updates
2026-06-08 13:33:26,721 - src.adapters.telegram.client - INFO - 📥 [PESAN MASUK] Chat ID: -1001189544175 | Nama: 'Quds News Network' | Teks: Breaking | The Yemeni Armed Forces announced a complete ban ...
2026-06-08 13:33:26,722 - src.adapters.telegram.client - INFO - 📥 [PESAN MASUK] Chat ID: -1001189544175 | Nama: 'Quds News Network' | Teks: In the lobby of the American Medical Association’s annual co...
2026-06-08 13:33:26,723 - src.core.use_cases.forward_signal - INFO - Mengirim sinyal ke target: 'Indra_Sitorus' (Chat ID: 192453686)
2026-06-08 13:33:26,723 - src.adapters.telegram.client - INFO - Mengirim pesan ke chat_id: 192453686 - 📢 **NEW SIGNAL RECEIVED - CIRCLE TGA 🇮🇩** 📢

📅 **Date**: 08-06-2026 13:33:26

🔹 **Action**: BUY NOW
🔹 **Range Entry**: 4300 - 4303

🎯 **Target Profit**:
- TP 1: 4307
- TP 2: 4312

🛑 **Stop Loss**: 4296

⚠️ *Jaga Money Management & Entry Pelan-Pelan* 
2026-06-08 13:35:21,067 - telethon.client.updates - INFO - Got difference for channel 2049259647 updates
2026-06-08 13:36:41,487 - src.adapters.telegram.client - INFO - 📥 [PESAN MASUK] Chat ID: -1003765107916 | Nama: 'CIRCLE TGA 🇮🇩' | Teks: HIT RISK ! Gilaak laju banget harga jalan turun, kita ready ...
2026-06-08 13:36:41,488 - src.core.use_cases.monitor_groups - INFO - Pencocokan nama grup berhasil secara partial: 'CIRCLE TGA 🇮🇩' cocok dengan konfigurasi 'circle tga'
2026-06-08 13:36:41,488 - src.core.use_cases.monitor_groups - INFO - Mendeteksi pesan potensial di chat -1003765107916 ('CIRCLE TGA 🇮🇩')...
2026-06-08 13:36:41,488 - src.core.use_cases.monitor_groups - INFO - Pesan mentah berhasil dicocokkan dengan kata kunci 'raw_keyword('ready')'.
2026-06-08 13:36:41,489 - src.core.use_cases.forward_signal - INFO - Mengirim pesan mentah terformat ke 2 target...
2026-06-08 13:36:41,489 - src.core.use_cases.forward_signal - INFO - Mengirim pesan mentah ke target: 'benysutanto' (Chat ID: 375461315)
2026-06-08 13:36:41,489 - src.adapters.telegram.client - INFO - Mengirim pesan ke chat_id: 375461315 - 📢 **NEW SIGNAL RECEIVED - CIRCLE TGA 🇮🇩** 📢

📅 **Date**: 08-06-2026 13:36:41

HIT RISK ! Gilaak laju banget harga jalan turun, kita ready recovery langsung ok ! 
2026-06-08 13:36:41,544 - src.core.use_cases.forward_signal - INFO - Mengirim pesan mentah ke target: 'Indra_Sitorus' (Chat ID: 192453686)
2026-06-08 13:36:41,545 - src.adapters.telegram.client - INFO - Mengirim pesan ke chat_id: 192453686 - 📢 **NEW SIGNAL RECEIVED - CIRCLE TGA 🇮🇩** 📢

📅 **Date**: 08-06-2026 13:36:41

HIT RISK ! Gilaak laju banget harga jalan turun, kita ready recovery langsung ok ! 
2026-06-08 13:37:09,214 - telethon.client.updates - INFO - Got difference for channel 1717096742 updates
2026-06-08 13:37:09,216 - src.adapters.telegram.client - INFO - 📥 [PESAN MASUK] Chat ID: -1001717096742 | Nama: 'Trade Gaya ARIS' | Teks: CHANNEL LAIN LAGI TIDUR, CIRCLE TGA UDAH MAKAN RATUSAN PIPS!...
2026-06-08 13:37:43,243 - src.adapters.telegram.client - INFO - 📥 [PESAN MASUK] Chat ID: -1003765107916 | Nama: 'CIRCLE TGA 🇮🇩' | Teks: Ngeriiiii guys 😬 5 menit 100pips candle nya… sorry guys kita...
2026-06-08 13:37:43,244 - src.core.use_cases.monitor_groups - INFO - Pencocokan nama grup berhasil secara partial: 'CIRCLE TGA 🇮🇩' cocok dengan konfigurasi 'circle tga'
2026-06-08 13:37:43,244 - src.core.use_cases.monitor_groups - INFO - Mendeteksi pesan potensial di chat -1003765107916 ('CIRCLE TGA 🇮🇩')...
2026-06-08 13:37:43,244 - src.core.use_cases.monitor_groups - INFO - Pesan mentah berhasil dicocokkan dengan kata kunci 'raw_keyword('ready')'.
2026-06-08 13:37:43,244 - src.core.use_cases.forward_signal - INFO - Mengirim pesan mentah terformat ke 2 target...
2026-06-08 13:37:43,244 - src.core.use_cases.forward_signal - INFO - Mengirim pesan mentah ke target: 'benysutanto' (Chat ID: 375461315)
2026-06-08 13:37:43,244 - src.adapters.telegram.client - INFO - Mengirim pesan ke chat_id: 375461315 - 📢 **NEW SIGNAL RECEIVED - CIRCLE TGA 🇮🇩** 📢

📅 **Date**: 08-06-2026 13:37:43

Ngeriiiii guys 😬 5 menit 100pips candle nya… sorry guys kita ready okay ! 
2026-06-08 13:37:43,285 - src.core.use_cases.forward_signal - INFO - Mengirim pesan mentah ke target: 'Indra_Sitorus' (Chat ID: 192453686)
2026-06-08 13:37:43,286 - src.adapters.telegram.client - INFO - Mengirim pesan ke chat_id: 192453686 - 📢 **NEW SIGNAL RECEIVED - CIRCLE TGA 🇮🇩** 📢

📅 **Date**: 08-06-2026 13:37:43

Ngeriiiii guys 😬 5 menit 100pips candle nya… sorry guys kita ready okay ! 
2026-06-08 13:38:57,628 - src.adapters.telegram.client - INFO - 📥 [PESAN MASUK] Chat ID: 192453686 | Nama: 'Indra_Sitorus' | Teks: Yg ini td aku jg kena SL...
2026-06-08 13:39:11,749 - src.adapters.telegram.client - INFO - 📥 [PESAN MASUK] Chat ID: 192453686 | Nama: 'Indra_Sitorus' | Teks: Liatnya emang buy, tp sell nya datang lg...
2026-06-08 13:39:17,878 - src.adapters.telegram.client - INFO - 📥 [PESAN MASUK] Chat ID: 192453686 | Nama: 'Indra_Sitorus' | Teks: Ini aku buatin buy lg...
2026-06-08 13:40:13,250 - src.adapters.telegram.client - INFO - 📥 [PESAN MASUK] Chat ID: -1001189544175 | Nama: 'Quds News Network' | Teks: Breaking | Sirens sound in northern occupied Palestine follo...
2026-06-08 13:40:16,531 - src.adapters.telegram.client - INFO - 📥 [PESAN MASUK] Chat ID: 192453686 | Nama: 'Indra_Sitorus' | Teks: Risiko 😄 aku keluar dulu ah...
2026-06-08 13:40:22,811 - src.adapters.telegram.client - INFO - 📥 [PESAN MASUK] Chat ID: 192453686 | Nama: 'Indra_Sitorus' | Teks: Sellnya masih muncul...
2026-06-08 13:41:24,316 - src.adapters.telegram.client - INFO - 📥 [PESAN MASUK] Chat ID: 192453686 | Nama: 'Indra_Sitorus' | Teks: di phantom, ada bar trap ternyata...
2026-06-08 13:42:25,569 - src.adapters.telegram.client - INFO - 📥 [PESAN MASUK] Chat ID: 192453686 | Nama: 'Indra_Sitorus' | Teks: Td aku dah profit $100, kena SL $40...
2026-06-08 13:42:32,398 - src.adapters.telegram.client - INFO - 📥 [PESAN MASUK] Chat ID: 192453686 | Nama: 'Indra_Sitorus' | Teks: Balik lagi deh :d...
2026-06-08 13:42:39,498 - src.adapters.telegram.client - INFO - 📥 [PESAN MASUK] Chat ID: -1001189544175 | Nama: 'Quds News Network' | Teks: Breaking | Once again, sirens sound in northern and central ...
2026-06-08 13:42:39,499 - src.adapters.telegram.client - INFO - 📥 [PESAN MASUK] Chat ID: 192453686 | Nama: 'Indra_Sitorus' | Teks: wah gede sekali...
2026-06-08 13:43:12,891 - src.adapters.telegram.client - INFO - 📥 [PESAN MASUK] Chat ID: 192453686 | Nama: 'Indra_Sitorus' | Teks: Aku nunggu ntar lg aja 😄...
2026-06-08 13:43:20,800 - src.adapters.telegram.client - INFO - 📥 [PESAN MASUK] Chat ID: 192453686 | Nama: 'Indra_Sitorus' | Teks: Ngak mau balas dendam...
2026-06-08 13:44:03,992 - src.adapters.telegram.client - INFO - 📥 [PESAN MASUK] Chat ID: -1003765107916 | Nama: 'CIRCLE TGA 🇮🇩' | Teks: Goldd 🗿...
2026-06-08 13:44:03,993 - src.core.use_cases.monitor_groups - INFO - Pencocokan nama grup berhasil secara partial: 'CIRCLE TGA 🇮🇩' cocok dengan konfigurasi 'circle tga'
2026-06-08 13:45:54,946 - src.adapters.telegram.client - INFO - 📥 [PESAN MASUK] Chat ID: 192453686 | Nama: 'Indra_Sitorus' | Teks: Sinyalnya ada lg om Ben?...
2026-06-08 13:46:00,054 - src.adapters.telegram.client - INFO - 📥 [PESAN MASUK] Chat ID: 192453686 | Nama: 'Indra_Sitorus' | Teks: Terakhir yg hit risk kan?...
2026-06-08 13:46:10,091 - src.adapters.telegram.client - INFO - 📥 [PESAN MASUK] Chat ID: 192453686 | Nama: 'Indra_Sitorus' | Teks: kalo ada sinyal, akan terkirim bang...
2026-06-08 13:46:20,325 - src.adapters.telegram.client - INFO - 📥 [PESAN MASUK] Chat ID: -1003745903038 | Nama: 'DISKUSI TradeLikeAris 🇮🇩' | Teks: Fokus sell bg...
2026-06-08 13:46:22,297 - src.adapters.telegram.client - INFO - 📥 [PESAN MASUK] Chat ID: 192453686 | Nama: 'Indra_Sitorus' | Teks: ok2...
2026-06-08 13:46:28,165 - src.adapters.telegram.client - INFO - 📥 [PESAN MASUK] Chat ID: 192453686 | Nama: 'Indra_Sitorus' | Teks: Om Ben dpt berapa?...
2026-06-08 13:46:42,727 - src.adapters.telegram.client - INFO - 📥 [PESAN MASUK] Chat ID: -1001048910279 | Nama: 'Lowongan Kerja IT' | Teks: (9 + 5) @tyuiuyiry, please, send the solution to the arithme...
2026-06-08 13:46:57,211 - src.adapters.telegram.client - INFO - 📥 [PESAN MASUK] Chat ID: 192453686 | Nama: 'Indra_Sitorus' | Teks: habis bang...
2026-06-08 13:47:15,431 - src.adapters.telegram.client - INFO - 📥 [PESAN MASUK] Chat ID: -1001048910279 | Nama: 'Lowongan Kerja IT' | Teks: 14...
2026-06-08 13:47:50,911 - src.adapters.telegram.client - INFO - 📥 [PESAN MASUK] Chat ID: 192453686 | Nama: 'Indra_Sitorus' | Teks: Eh? Kena SL?...
2026-06-08 13:48:13,119 - src.adapters.telegram.client - INFO - 📥 [PESAN MASUK] Chat ID: 192453686 | Nama: 'Indra_Sitorus' | Teks: -18 XM...
2026-06-08 13:48:58,277 - src.adapters.telegram.client - INFO - 📥 [PESAN MASUK] Chat ID: -1001189544175 | Nama: 'Quds News Network' | Teks: Breaking | Three Palestinians were injured after an Israeli ...
2026-06-08 13:49:24,294 - src.adapters.telegram.client - INFO - 📥 [PESAN MASUK] Chat ID: -1001876701379 | Nama: 'AnTek Saham Channel' | Teks: Apa yg terjadi dengan $TLKM ?? yg saya tau TLKM sudah jebol ...
2026-06-08 13:49:24,301 - src.adapters.telegram.client - INFO - 📥 [PESAN MASUK] Chat ID: -1002049259647 | Nama: 'Diskusi Channel AnTek Saham' | Teks: Apa yg terjadi dengan $TLKM ?? yg saya tau TLKM sudah jebol ...
2026-06-08 13:50:21,150 - telethon.client.updates - INFO - Got difference for channel 2049259647 updates
2026-06-08 13:50:21,152 - src.adapters.telegram.client - INFO - 📥 [PESAN MASUK] Chat ID: -1002049259647 | Nama: 'Diskusi Channel AnTek Saham' | Teks: Indikasi korupsi 2T bang...
2026-06-08 13:50:21,153 - src.adapters.telegram.client - INFO - 📥 [PESAN MASUK] Chat ID: -1002049259647 | Nama: 'Diskusi Channel AnTek Saham' | Teks: Entahlah bang.. padahal katanya ada buyback 4T...
2026-06-08 13:51:42,774 - src.adapters.telegram.client - INFO - 📥 [PESAN MASUK] Chat ID: -1002049259647 | Nama: 'Diskusi Channel AnTek Saham' | Teks: woww...
2026-06-08 13:52:10,694 - src.adapters.telegram.client - INFO - 📥 [PESAN MASUK] Chat ID: -1003765107916 | Nama: 'CIRCLE TGA 🇮🇩' | Teks: 1 menit 50-60 pips volatile nya udah ga main main guys 🙏🏻 ki...
2026-06-08 13:52:10,695 - src.core.use_cases.monitor_groups - INFO - Pencocokan nama grup berhasil secara partial: 'CIRCLE TGA 🇮🇩' cocok dengan konfigurasi 'circle tga'
2026-06-08 13:56:42,794 - src.adapters.telegram.client - INFO - 📥 [PESAN MASUK] Chat ID: -1001048910279 | Nama: 'Lowongan Kerja IT' | Teks: (4 + 8) @genevray, please, send the solution to the arithmet...
2026-06-08 13:56:42,796 - src.adapters.telegram.client - INFO - 📥 [PESAN MASUK] Chat ID: -1001189544175 | Nama: 'Quds News Network' | Teks: Israel has closed all of Gaza’s border crossings and suspend...
2026-06-08 14:03:26,792 - telethon.client.updates - INFO - Got difference for channel 1189544175 updates
2026-06-08 14:03:26,794 - src.adapters.telegram.client - INFO - 📥 [PESAN MASUK] Chat ID: -1001189544175 | Nama: 'Quds News Network' | Teks: At 84 years old, Anne M. Jones cycled the iconic Alpe d’Huez...
2026-06-08 14:06:56,395 - src.adapters.telegram.client - INFO - 📥 [PESAN MASUK] Chat ID: -1003765107916 | Nama: 'CIRCLE TGA 🇮🇩' | Teks: Sekarang M1 M5 M15 lagi pada sideways di tengah tengah harga...
2026-06-08 14:06:56,397 - src.core.use_cases.monitor_groups - INFO - Pencocokan nama grup berhasil secara partial: 'CIRCLE TGA 🇮🇩' cocok dengan konfigurasi 'circle tga'
2026-06-08 14:08:39,059 - src.adapters.telegram.client - INFO - 📥 [PESAN MASUK] Chat ID: -1001876701379 | Nama: 'AnTek Saham Channel' | Teks: $FORU juga 15% hahahaha saham2 ga likuid gini memang gampang...
2026-06-08 14:09:05,053 - src.adapters.telegram.client - INFO - 📥 [PESAN MASUK] Chat ID: -1002049259647 | Nama: 'Diskusi Channel AnTek Saham' | Teks: $FORU juga 15% hahahaha saham2 ga likuid gini memang gampang...
2026-06-08 14:09:38,016 - telethon.client.updates - INFO - Got difference for channel 2049259647 updates
2026-06-08 14:09:38,017 - src.adapters.telegram.client - INFO - 📥 [PESAN MASUK] Chat ID: -1002049259647 | Nama: 'Diskusi Channel AnTek Saham' | Teks: $ISEA gimana om?...
2026-06-08 14:11:32,268 - src.adapters.telegram.client - INFO - 📥 [PESAN MASUK] Chat ID: -1001048910279 | Nama: 'Lowongan Kerja IT' | Teks: (9 + 1) @Memeiiiiya, please, send the solution to the arithm...
2026-06-08 14:11:40,246 - src.adapters.telegram.client - INFO - 📥 [PESAN MASUK] Chat ID: -1001048910279 | Nama: 'Lowongan Kerja IT' | Teks: TERIMA JUAL GMAIL HARGA PER AKUN 4.000 - 5.000   TERIMA SEWA...
2026-06-08 14:13:05,091 - src.adapters.telegram.client - INFO - 📥 [PESAN MASUK] Chat ID: -1001189544175 | Nama: 'Quds News Network' | Teks: Breaking | Israeli occupation authorities have begun demolis...
2026-06-08 14:16:13,025 - src.adapters.telegram.client - INFO - 📥 [PESAN MASUK] Chat ID: -1003745903038 | Nama: 'DISKUSI TradeLikeAris 🇮🇩' | Teks: Udah jalan 500pips bang sell nya, pasti akan naik retrace du...
2026-06-08 14:17:31,952 - src.adapters.telegram.client - INFO - 📥 [PESAN MASUK] Chat ID: -1003745903038 | Nama: 'DISKUSI TradeLikeAris 🇮🇩' | Teks: Nahh tuh kan naik dulu 🗿 anjay ini gold.....
2026-06-08 14:17:48,805 - src.adapters.telegram.client - INFO - 📥 [PESAN MASUK] Chat ID: -1003745903038 | Nama: 'DISKUSI TradeLikeAris 🇮🇩' | Teks: Sorry guyss kerna sl nya tadi 🙏🏻 kita ready recovery okay !...
2026-06-08 14:17:48,839 - src.adapters.telegram.client - INFO - 📥 [PESAN MASUK] Chat ID: -1001189544175 | Nama: 'Quds News Network' | Teks: Breaking | Israeli artillery is shelling the city of Nabatie...
2026-06-08 14:19:16,485 - src.adapters.telegram.client - INFO - 📥 [PESAN MASUK] Chat ID: 192453686 | Nama: 'Indra_Sitorus' | Teks: Barusan aku buy dpt $10...
2026-06-08 14:19:40,608 - src.adapters.telegram.client - INFO - 📥 [PESAN MASUK] Chat ID: 192453686 | Nama: 'Indra_Sitorus' | Teks: Mayan modal untuk nanti...
2026-06-08 14:21:36,109 - src.adapters.telegram.client - INFO - 📥 [PESAN MASUK] Chat ID: 192453686 | Nama: 'Indra_Sitorus' | Teks: ngantuk gw, ketiduran...
2026-06-08 14:23:21,497 - src.adapters.telegram.client - INFO - 📥 [PESAN MASUK] Chat ID: -1003745903038 | Nama: 'DISKUSI TradeLikeAris 🇮🇩' | Teks: Gass bang, sl bagian dari trading, ilang 25% profit aja...
2026-06-08 14:23:55,180 - src.adapters.telegram.client - INFO - 📥 [PESAN MASUK] Chat ID: -1003745903038 | Nama: 'DISKUSI TradeLikeAris 🇮🇩' | Teks: Makasih bang aris untuk setup buy nya...
2026-06-08 14:24:01,529 - src.adapters.telegram.client - INFO - 📥 [PESAN MASUK] Chat ID: -1003745903038 | Nama: 'DISKUSI TradeLikeAris 🇮🇩' | Teks: Eh kok SL...
2026-06-08 14:24:20,100 - src.adapters.telegram.client - INFO - 📥 [PESAN MASUK] Chat ID: -1003745903038 | Nama: 'DISKUSI TradeLikeAris 🇮🇩' | Teks: Siap ! Kita terlepas moment Buy nya… kita ready aja di area ...
2026-06-08 14:24:44,718 - src.adapters.telegram.client - INFO - 📥 [PESAN MASUK] Chat ID: -1003745903038 | Nama: 'DISKUSI TradeLikeAris 🇮🇩' | Teks: sl bang, kasian temen temen akun kecil...
2026-06-08 14:25:00,827 - src.adapters.telegram.client - INFO - 📥 [PESAN MASUK] Chat ID: -1003745903038 | Nama: 'DISKUSI TradeLikeAris 🇮🇩' | Teks: Oh iya br liat bang.. td cm liat perintah buy trs lgs pergi...
2026-06-08 14:25:05,150 - src.adapters.telegram.client - INFO - 📥 [PESAN MASUK] Chat ID: -1002049259647 | Nama: 'Diskusi Channel AnTek Saham' | Teks: Kemarin hanya tlkm yang belum dibuang Om, hari ini waktunya ...
2026-06-08 14:25:10,352 - src.adapters.telegram.client - INFO - 📥 [PESAN MASUK] Chat ID: -1003745903038 | Nama: 'DISKUSI TradeLikeAris 🇮🇩' | Teks: Tau nya jalan...
2026-06-08 14:25:59,927 - telethon.client.updates - INFO - Got difference for channel 3745903038 updates
2026-06-08 14:27:46,866 - src.adapters.telegram.client - INFO - 📥 [PESAN MASUK] Chat ID: -1002049259647 | Nama: 'Diskusi Channel AnTek Saham' | Teks: masuk akal juga...
2026-06-08 14:29:05,190 - src.adapters.telegram.client - INFO - 📥 [PESAN MASUK] Chat ID: -1001048910279 | Nama: 'Lowongan Kerja IT' | Teks: Halo semua, izin mau ngeshare event meetup AWS UG Malang  Ka...
2026-06-08 14:31:05,203 - src.adapters.telegram.client - INFO - 📥 [PESAN MASUK] Chat ID: -1001189544175 | Nama: 'Quds News Network' | Teks: Israeli Knesset member Amit Halevi called for expanding stri...
2026-06-08 14:47:05,398 - src.adapters.telegram.client - INFO - 📥 [PESAN MASUK] Chat ID: -1001048910279 | Nama: 'Lowongan Kerja IT' | Teks: (10 + 9) @mie_ayam_telur, please, send the solution to the a...
2026-06-08 14:47:05,401 - src.adapters.telegram.client - INFO - 📥 [PESAN MASUK] Chat ID: -1001048910279 | Nama: 'Lowongan Kerja IT' | Teks: 70...
2026-06-08 14:47:20,885 - src.adapters.telegram.client - INFO - 📥 [PESAN MASUK] Chat ID: -1003765107916 | Nama: 'CIRCLE TGA 🇮🇩' | Teks: Yukk Ready !...
2026-06-08 14:47:20,886 - src.core.use_cases.monitor_groups - INFO - Pencocokan nama grup berhasil secara partial: 'CIRCLE TGA 🇮🇩' cocok dengan konfigurasi 'circle tga'
2026-06-08 14:47:20,886 - src.core.use_cases.monitor_groups - INFO - Mendeteksi pesan potensial di chat -1003765107916 ('CIRCLE TGA 🇮🇩')...
2026-06-08 14:47:20,886 - src.core.use_cases.monitor_groups - INFO - Pesan mentah berhasil dicocokkan dengan kata kunci 'raw_keyword('Yuk')'.
2026-06-08 14:47:20,888 - src.core.use_cases.forward_signal - INFO - Mengirim pesan mentah terformat ke 2 target...
2026-06-08 14:47:20,888 - src.core.use_cases.forward_signal - INFO - Mengirim pesan mentah ke target: 'benysutanto' (Chat ID: 375461315)
2026-06-08 14:47:20,888 - src.adapters.telegram.client - INFO - Mengirim pesan ke chat_id: 375461315 - 📢 **NEW SIGNAL RECEIVED - CIRCLE TGA 🇮🇩** 📢

📅 **Date**: 08-06-2026 14:47:20

Yukk Ready ! 
2026-06-08 14:47:20,941 - src.core.use_cases.forward_signal - INFO - Mengirim pesan mentah ke target: 'Indra_Sitorus' (Chat ID: 192453686)
2026-06-08 14:47:20,941 - src.adapters.telegram.client - INFO - Mengirim pesan ke chat_id: 192453686 - 📢 **NEW SIGNAL RECEIVED - CIRCLE TGA 🇮🇩** 📢

📅 **Date**: 08-06-2026 14:47:20

Yukk Ready ! 
2026-06-08 14:47:51,410 - src.adapters.telegram.client - INFO - 📥 [PESAN MASUK] Chat ID: -1003765107916 | Nama: 'CIRCLE TGA 🇮🇩' | Teks: GOLD BUY NOW...
2026-06-08 14:47:51,411 - src.core.use_cases.monitor_groups - INFO - Pencocokan nama grup berhasil secara partial: 'CIRCLE TGA 🇮🇩' cocok dengan konfigurasi 'circle tga'
2026-06-08 14:49:02,937 - src.adapters.telegram.client - INFO - 📥 [PESAN MASUK] Chat ID: -1003765107916 | Nama: 'CIRCLE TGA 🇮🇩' | Teks: 👑 GOLD BUY NOW 👑  PRICE: 4301 - 4298  TP1 🎖: 4305 TP2 🎖: 431...
2026-06-08 14:49:02,940 - src.core.use_cases.monitor_groups - INFO - Pencocokan nama grup berhasil secara partial: 'CIRCLE TGA 🇮🇩' cocok dengan konfigurasi 'circle tga'
2026-06-08 14:49:02,942 - src.core.use_cases.monitor_groups - INFO - Mendeteksi pesan potensial di chat -1003765107916 ('CIRCLE TGA 🇮🇩')...
2026-06-08 14:49:02,943 - src.core.use_cases.monitor_groups - INFO - Sinyal trading GOLD BUY berhasil diparsing menggunakan parser 'price'.
2026-06-08 14:49:02,943 - src.core.use_cases.forward_signal - INFO - Mengirim sinyal terformat ke 2 target...
2026-06-08 14:49:02,943 - src.core.use_cases.forward_signal - INFO - Mengirim sinyal ke target: 'benysutanto' (Chat ID: 375461315)
2026-06-08 14:49:02,943 - src.adapters.telegram.client - INFO - Mengirim pesan ke chat_id: 375461315 - 📢 **NEW SIGNAL RECEIVED - CIRCLE TGA 🇮🇩** 📢

📅 **Date**: 08-06-2026 14:49:02

🔹 **Action**: BUY NOW
🔹 **Range Entry**: 4298 - 4301

🎯 **Target Profit**:
- TP 1: 4305
- TP 2: 4312

🛑 **Stop Loss**: 4293

⚠️ *Jaga Money Management & Entry Pelan-Pelan* 
2026-06-08 14:49:03,018 - src.core.use_cases.forward_signal - INFO - Mengirim sinyal ke target: 'Indra_Sitorus' (Chat ID: 192453686)
2026-06-08 14:49:03,019 - src.adapters.telegram.client - INFO - Mengirim pesan ke chat_id: 192453686 - 📢 **NEW SIGNAL RECEIVED - CIRCLE TGA 🇮🇩** 📢

📅 **Date**: 08-06-2026 14:49:02

🔹 **Action**: BUY NOW
🔹 **Range Entry**: 4298 - 4301

🎯 **Target Profit**:
- TP 1: 4305
- TP 2: 4312

🛑 **Stop Loss**: 4293

⚠️ *Jaga Money Management & Entry Pelan-Pelan* 
2026-06-08 14:49:03,489 - telethon.client.updates - INFO - Got difference for channel 1048910279 updates
2026-06-08 14:49:03,490 - src.adapters.telegram.client - INFO - 📥 [PESAN MASUK] Chat ID: -1001048910279 | Nama: 'Lowongan Kerja IT' | Teks: (2 + 6) @mie_ayam_telur, please, send the solution to the ar...
2026-06-08 14:49:45,221 - src.adapters.telegram.client - INFO - 📥 [PESAN MASUK] Chat ID: -1001048910279 | Nama: 'Lowongan Kerja IT' | Teks: 8...
2026-06-08 14:51:47,506 - src.adapters.telegram.client - INFO - 📥 [PESAN MASUK] Chat ID: -1003765107916 | Nama: 'CIRCLE TGA 🇮🇩' | Teks: Sekarang kita berada di area trendline breakout, jadi masih ...
2026-06-08 14:51:47,507 - src.core.use_cases.monitor_groups - INFO - Pencocokan nama grup berhasil secara partial: 'CIRCLE TGA 🇮🇩' cocok dengan konfigurasi 'circle tga'
2026-06-08 14:52:52,344 - src.adapters.telegram.client - INFO - 📥 [PESAN MASUK] Chat ID: -1001189544175 | Nama: 'Quds News Network' | Teks: Breaking | Israeli warplanes have targeted a tent sheltering...
2026-06-08 14:53:12,557 - src.adapters.telegram.client - INFO - 📥 [PESAN MASUK] Chat ID: -1003745903038 | Nama: 'DISKUSI TradeLikeAris 🇮🇩' | Teks: Ngeri ngeri sedap...
2026-06-08 14:56:55,809 - src.adapters.telegram.client - INFO - 📥 [PESAN MASUK] Chat ID: -1001048910279 | Nama: 'Lowongan Kerja IT' | Teks: di room job seeker mas salah room...
2026-06-08 14:59:05,406 - src.adapters.telegram.client - INFO - 📥 [PESAN MASUK] Chat ID: -1002049259647 | Nama: 'Diskusi Channel AnTek Saham' | Teks: Saya dgn kondisi saat ini lebih engak masuk dulu dan menungg...
2026-06-08 15:00:05,417 - src.adapters.telegram.client - INFO - 📥 [PESAN MASUK] Chat ID: -1001189544175 | Nama: 'Quds News Network' | Teks: Breaking | Two Palestinians have been killed after an Israel...
2026-06-08 15:01:05,938 - telethon.client.updates - INFO - Got difference for channel 1048910279 updates
2026-06-08 15:01:05,940 - src.adapters.telegram.client - INFO - 📥 [PESAN MASUK] Chat ID: -1001048910279 | Nama: 'Lowongan Kerja IT' | Teks: noted, terimakasih remindernya...
2026-06-08 15:01:31,307 - src.adapters.telegram.client - INFO - 📥 [PESAN MASUK] Chat ID: -1003745903038 | Nama: 'DISKUSI TradeLikeAris 🇮🇩' | Teks: Oppss...
2026-06-08 15:01:41,309 - src.adapters.telegram.client - INFO - 📥 [PESAN MASUK] Chat ID: -1003745903038 | Nama: 'DISKUSI TradeLikeAris 🇮🇩' | Teks: Hit lgi...
2026-06-08 15:01:47,342 - src.adapters.telegram.client - INFO - 📥 [PESAN MASUK] Chat ID: -1003745903038 | Nama: 'DISKUSI TradeLikeAris 🇮🇩' | Teks: Terjun bebas🙈...
2026-06-08 15:03:09,679 - src.adapters.telegram.client - INFO - 📥 [PESAN MASUK] Chat ID: -1003745903038 | Nama: 'DISKUSI TradeLikeAris 🇮🇩' | Teks: Semoga nanti mlm bisa recovery😁...
2026-06-08 15:03:10,469 - src.adapters.telegram.client - INFO - 📥 [PESAN MASUK] Chat ID: -1003765107916 | Nama: 'CIRCLE TGA 🇮🇩' | Teks: HIT RISK ! 2 berbalas 2 agak tricky guys Gold senin ini 🥹 te...
2026-06-08 15:03:10,469 - src.core.use_cases.monitor_groups - INFO - Pencocokan nama grup berhasil secara partial: 'CIRCLE TGA 🇮🇩' cocok dengan konfigurasi 'circle tga'
2026-06-08 15:04:24,483 - src.adapters.telegram.client - INFO - 📥 [PESAN MASUK] Chat ID: -1003745903038 | Nama: 'DISKUSI TradeLikeAris 🇮🇩' | Teks: nyakitin gold udah kena SL lgsung naik gitu...
2026-06-08 15:04:29,395 - src.adapters.telegram.client - INFO - 📥 [PESAN MASUK] Chat ID: -1003765107916 | Nama: 'CIRCLE TGA 🇮🇩' | Teks: Liat guys, spike makan sl lanjut naik masuk zona 😫 mauuu apa...
2026-06-08 15:04:29,396 - src.core.use_cases.monitor_groups - INFO - Pencocokan nama grup berhasil secara partial: 'CIRCLE TGA 🇮🇩' cocok dengan konfigurasi 'circle tga'
2026-06-08 15:05:35,712 - src.adapters.telegram.client - INFO - 📥 [PESAN MASUK] Chat ID: -1001048910279 | Nama: 'Lowongan Kerja IT' | Teks: (2 + 7) Fox, please, send the solution to the arithmetic ope...
2026-06-08 15:05:43,378 - src.adapters.telegram.client - INFO - 📥 [PESAN MASUK] Chat ID: -1003745903038 | Nama: 'DISKUSI TradeLikeAris 🇮🇩' | Teks: Habis deh...
2026-06-08 15:05:43,396 - src.adapters.telegram.client - INFO - 📥 [PESAN MASUK] Chat ID: -1001048910279 | Nama: 'Lowongan Kerja IT' | Teks: (6 + 3) Acak Acak, please, send the solution to the arithmet...
2026-06-08 15:06:05,121 - src.adapters.telegram.client - INFO - 📥 [PESAN MASUK] Chat ID: -1001048910279 | Nama: 'Lowongan Kerja IT' | Teks: 9...
2026-06-08 15:09:05,454 - src.adapters.telegram.client - INFO - 📥 [PESAN MASUK] Chat ID: -1001189544175 | Nama: 'Quds News Network' | Teks: The Chicago Institute of Art suspended tenured professor Sav...
2026-06-08 15:18:05,517 - src.adapters.telegram.client - INFO - 📥 [PESAN MASUK] Chat ID: -1001189544175 | Nama: 'Quds News Network' | Teks: The UK and several Western allies are preparing a package of...
2026-06-08 15:28:59,770 - src.adapters.telegram.client - INFO - 📥 [PESAN MASUK] Chat ID: -1001189544175 | Nama: 'Quds News Network' | Teks: Palestinians mourn 16-year-old Abbas Mohammed Abu Jabal at A...
2026-06-08 15:34:05,664 - src.adapters.telegram.client - INFO - 📥 [PESAN MASUK] Chat ID: -1001189544175 | Nama: 'Quds News Network' | Teks: Israeli settler militias shut down a road east of the town o...
2026-06-08 15:34:19,957 - src.adapters.telegram.client - INFO - 📥 [PESAN MASUK] Chat ID: -1001048910279 | Nama: 'Lowongan Kerja IT' | Teks: Dear All, Merkle Innovation is hashtag#urgently hiring for t...
2026-06-08 15:36:05,238 - src.adapters.telegram.client - INFO - 📥 [PESAN MASUK] Chat ID: -1001048910279 | Nama: 'Lowongan Kerja IT' | Teks: latihan di hackerrank kak...
2026-06-08 15:39:47,213 - src.adapters.telegram.client - INFO - 📥 [PESAN MASUK] Chat ID: -1003745903038 | Nama: 'DISKUSI TradeLikeAris 🇮🇩' | Teks: Ready recovery bang aris, take your time...
2026-06-08 15:42:05,759 - src.adapters.telegram.client - INFO - 📥 [PESAN MASUK] Chat ID: -1001876701379 | Nama: 'AnTek Saham Channel' | Teks: MENU SORE...
2026-06-08 15:42:05,760 - src.adapters.telegram.client - INFO - 📥 [PESAN MASUK] Chat ID: -1002049259647 | Nama: 'Diskusi Channel AnTek Saham' | Teks: MENU SORE...
2026-06-08 15:43:05,750 - src.adapters.telegram.client - INFO - 📥 [PESAN MASUK] Chat ID: -1001048910279 | Nama: 'Lowongan Kerja IT' | Teks: #Opentowork #Butuhkerjaan  Halo semua, salam kenal. Perkenal...
2026-06-08 15:46:05,771 - src.adapters.telegram.client - INFO - 📥 [PESAN MASUK] Chat ID: -1001189544175 | Nama: 'Quds News Network' | Teks: Grieving Palestinians bid farewell to two of their loved one...
2026-06-08 15:48:49,316 - telethon.client.updates - INFO - Got difference for channel 1189544175 updates
2026-06-08 15:51:05,271 - src.adapters.telegram.client - INFO - 📥 [PESAN MASUK] Chat ID: -1001048910279 | Nama: 'Lowongan Kerja IT' | Teks: #bantushareaja...
2026-06-08 15:54:38,318 - telethon.client.updates - INFO - Got difference for channel 2049259647 updates
2026-06-08 15:54:38,381 - src.adapters.telegram.client - INFO - 📥 [PESAN MASUK] Chat ID: -1001189544175 | Nama: 'Quds News Network' | Teks: Breaking | Israeli occupation bulldozers embark on demolishi...
2026-06-08 15:57:05,844 - src.adapters.telegram.client - INFO - 📥 [PESAN MASUK] Chat ID: -1001876701379 | Nama: 'AnTek Saham Channel' | Teks: TPIA kayanya ada ancang2  #DYOR ya guys...
2026-06-08 15:57:05,846 - src.adapters.telegram.client - INFO - 📥 [PESAN MASUK] Chat ID: -1002049259647 | Nama: 'Diskusi Channel AnTek Saham' | Teks: TPIA kayanya ada ancang2  #DYOR ya guys...
2026-06-08 15:57:06,360 - telethon.client.updates - INFO - Got difference for channel 2049259647 updates
2026-06-08 15:59:05,860 - src.adapters.telegram.client - INFO - 📥 [PESAN MASUK] Chat ID: -1001048910279 | Nama: 'Lowongan Kerja IT' | Teks: (10 + 9) Lvzlfnpzbw Fegohwjxi, please, send the solution to ...
2026-06-08 16:01:05,879 - src.adapters.telegram.client - INFO - 📥 [PESAN MASUK] Chat ID: -1001048910279 | Nama: 'Lowongan Kerja IT' | Teks: (3 + 1) @SandraCastillo10, please, send the solution to the ...
2026-06-08 16:02:05,882 - src.adapters.telegram.client - INFO - 📥 [PESAN MASUK] Chat ID: -1001048910279 | Nama: 'Lowongan Kerja IT' | Teks: 4...
2026-06-08 16:03:06,405 - telethon.client.updates - INFO - Got difference for channel 1189544175 updates
2026-06-08 16:03:06,409 - src.adapters.telegram.client - INFO - 📥 [PESAN MASUK] Chat ID: -1001189544175 | Nama: 'Quds News Network' | Teks: Breaking | Israeli fighter jets bomb locations in the Irania...
2026-06-08 16:03:52,021 - src.adapters.telegram.client - INFO - 📥 [PESAN MASUK] Chat ID: -1003765107916 | Nama: 'CIRCLE TGA 🇮🇩' | Teks: Yuk ready, bismillah...
2026-06-08 16:03:52,023 - src.core.use_cases.monitor_groups - INFO - Pencocokan nama grup berhasil secara partial: 'CIRCLE TGA 🇮🇩' cocok dengan konfigurasi 'circle tga'
2026-06-08 16:03:52,024 - src.core.use_cases.monitor_groups - INFO - Mendeteksi pesan potensial di chat -1003765107916 ('CIRCLE TGA 🇮🇩')...
2026-06-08 16:03:52,025 - src.core.use_cases.monitor_groups - INFO - Pesan mentah berhasil dicocokkan dengan kata kunci 'raw_keyword('Yuk')'.
2026-06-08 16:03:52,025 - src.core.use_cases.forward_signal - INFO - Mengirim pesan mentah terformat ke 2 target...
2026-06-08 16:03:52,025 - src.core.use_cases.forward_signal - INFO - Mengirim pesan mentah ke target: 'benysutanto' (Chat ID: 375461315)
2026-06-08 16:03:52,025 - src.adapters.telegram.client - INFO - Mengirim pesan ke chat_id: 375461315 - 📢 **NEW SIGNAL RECEIVED - CIRCLE TGA 🇮🇩** 📢

📅 **Date**: 08-06-2026 16:03:52

Yuk ready, bismillah 
2026-06-08 16:03:52,108 - src.core.use_cases.forward_signal - INFO - Mengirim pesan mentah ke target: 'Indra_Sitorus' (Chat ID: 192453686)
2026-06-08 16:03:52,108 - src.adapters.telegram.client - INFO - Mengirim pesan ke chat_id: 192453686 - 📢 **NEW SIGNAL RECEIVED - CIRCLE TGA 🇮🇩** 📢

📅 **Date**: 08-06-2026 16:03:52

Yuk ready, bismillah 
2026-06-08 16:04:14,592 - src.adapters.telegram.client - INFO - 📥 [PESAN MASUK] Chat ID: -1003765107916 | Nama: 'CIRCLE TGA 🇮🇩' | Teks: GOLD SELL NOW INSTANT...
2026-06-08 16:04:14,594 - src.core.use_cases.monitor_groups - INFO - Pencocokan nama grup berhasil secara partial: 'CIRCLE TGA 🇮🇩' cocok dengan konfigurasi 'circle tga'
2026-06-08 16:05:45,379 - src.adapters.telegram.client - INFO - 📥 [PESAN MASUK] Chat ID: -1003765107916 | Nama: 'CIRCLE TGA 🇮🇩' | Teks: 👑 GOLD SELL NOW 👑  PRICE: 4291 - 4294  TP1 🎖: 4285 TP2 🎖: 42...
2026-06-08 16:05:45,381 - src.core.use_cases.monitor_groups - INFO - Pencocokan nama grup berhasil secara partial: 'CIRCLE TGA 🇮🇩' cocok dengan konfigurasi 'circle tga'
2026-06-08 16:05:45,382 - src.core.use_cases.monitor_groups - INFO - Mendeteksi pesan potensial di chat -1003765107916 ('CIRCLE TGA 🇮🇩')...
2026-06-08 16:05:45,383 - src.core.use_cases.monitor_groups - INFO - Sinyal trading GOLD SELL berhasil diparsing menggunakan parser 'price'.
2026-06-08 16:05:45,383 - src.core.use_cases.forward_signal - INFO - Mengirim sinyal terformat ke 2 target...
2026-06-08 16:05:45,383 - src.core.use_cases.forward_signal - INFO - Mengirim sinyal ke target: 'benysutanto' (Chat ID: 375461315)
2026-06-08 16:05:45,383 - src.adapters.telegram.client - INFO - Mengirim pesan ke chat_id: 375461315 - 📢 **NEW SIGNAL RECEIVED - CIRCLE TGA 🇮🇩** 📢

📅 **Date**: 08-06-2026 16:05:45

🔹 **Action**: SELL NOW
🔹 **Range Entry**: 4291 - 4294

🎯 **Target Profit**:
- TP 1: 4285
- TP 2: 4280

🛑 **Stop Loss**: 4298

⚠️ *Jaga Money Management & Entry Pelan-Pelan* 
2026-06-08 16:05:45,431 - src.core.use_cases.forward_signal - INFO - Mengirim sinyal ke target: 'Indra_Sitorus' (Chat ID: 192453686)
2026-06-08 16:05:45,431 - src.adapters.telegram.client - INFO - Mengirim pesan ke chat_id: 192453686 - 📢 **NEW SIGNAL RECEIVED - CIRCLE TGA 🇮🇩** 📢

📅 **Date**: 08-06-2026 16:05:45

🔹 **Action**: SELL NOW
🔹 **Range Entry**: 4291 - 4294

🎯 **Target Profit**:
- TP 1: 4285
- TP 2: 4280

🛑 **Stop Loss**: 4298

⚠️ *Jaga Money Management & Entry Pelan-Pelan* 
2026-06-08 16:06:11,361 - telethon.client.updates - INFO - Got difference for channel 1048910279 updates
2026-06-08 16:06:11,362 - src.adapters.telegram.client - INFO - 📥 [PESAN MASUK] Chat ID: -1001048910279 | Nama: 'Lowongan Kerja IT' | Teks: 🔊WEBINAR NASIONAL GRATIS - CV ANGKASA MEDIA LITERASI🔊*  *"Su...
2026-06-08 16:09:15,305 - main - INFO - Sinyal shutdown diterima (SIGINT). Menghentikan aplikasi secara aman...
2026-06-08 16:09:15,306 - src.adapters.telegram.client - INFO - Memutuskan koneksi dari Telegram...
2026-06-08 16:09:15,306 - telethon.network.mtprotosender - INFO - Disconnecting from 91.108.56.191:443/TcpFull...
2026-06-08 16:09:15,308 - telethon.network.mtprotosender - INFO - Disconnection from 91.108.56.191:443/TcpFull complete!
2026-06-08 16:09:15,312 - telethon.network.mtprotosender - INFO - Not disconnecting (already have no connection)
2026-06-08 16:09:15,316 - src.adapters.telegram.client - INFO - Koneksi Telegram terputus.
2026-06-08 16:09:15,316 - main - INFO - Koneksi Telegram berhasil ditutup.
2026-06-08 16:09:15,316 - main - INFO - Aplikasi dihentikan dengan sukses.
